2026-02-23 21:31:24 | DEBUG   | Aftermath scheduled: BTC/USDT:USDT (tp) exit=100.000000
2026-02-23 21:42:44 | INFO    | 
════════════════════════════════════════════════════════
2026-02-23 21:42:44 | INFO    |    [1m[97mPREFLIGHT CHECK[0m
2026-02-23 21:42:44 | INFO    | ════════════════════════════════════════════════════════
2026-02-23 21:42:44 | INFO    |   [PASS] imports         15 modules OK
2026-02-23 21:42:44 | INFO    |   [PASS] config          All config params valid
2026-02-23 21:42:44 | INFO    |   [PASS] api_keys        Key: AjbKwn...nyta
2026-02-23 21:42:44 | INFO    |   [PASS] combos          50 combos, 40 pairs, 3 TFs
2026-02-23 21:42:44 | INFO    |   [PASS] strategies      12 strategies OK
2026-02-23 21:42:44 | INFO    |   [PASS] state           No state file (fresh start)
2026-02-23 21:42:44 | INFO    |   [PASS] disk            274224MB free
2026-02-23 21:42:44 | INFO    |   [PASS] log_dir         C:\Users\Azuri\Desktop\anewBot\v13pro\logs
2026-02-23 21:42:44 | INFO    | 
  ALL CHECKS PASSED (8 checks, 0 warnings)
2026-02-23 21:44:50 | INFO    | Connected to Bybit (MAINNET) — 3499 markets loaded [async]
2026-02-23 21:45:06 | INFO    | Connected to Bybit (MAINNET) — 3499 markets loaded [async]
2026-02-23 21:46:08 | INFO    | Connected to Bybit (MAINNET) — 3499 markets loaded [async]
2026-02-23 21:47:03 | INFO    | Connected to Bybit (MAINNET) — 3499 markets loaded [async]
2026-02-23 21:47:03 | INFO    |   Registry: skipped 2 combos (delisted pairs)
2026-02-23 21:48:45 | INFO    | 
════════════════════════════════════════════════════════
2026-02-23 21:48:45 | INFO    |    [1m[97mPREFLIGHT CHECK[0m
2026-02-23 21:48:45 | INFO    | ════════════════════════════════════════════════════════
2026-02-23 21:48:45 | INFO    |   [PASS] imports         15 modules OK
2026-02-23 21:48:45 | INFO    |   [PASS] config          All config params valid
2026-02-23 21:48:45 | INFO    |   [PASS] api_keys        Key: AjbKwn...nyta
2026-02-23 21:48:45 | INFO    |   [PASS] combos          50 combos, 40 pairs, 3 TFs
2026-02-23 21:48:45 | INFO    |   [PASS] strategies      12 strategies OK
2026-02-23 21:48:45 | INFO    |   [PASS] state           No state file (fresh start)
2026-02-23 21:48:45 | INFO    |   [PASS] disk            276087MB free
2026-02-23 21:48:45 | INFO    |   [PASS] log_dir         C:\Users\Azuri\Desktop\anewBot\v13pro\logs
2026-02-23 21:48:45 | INFO    | 
  ALL CHECKS PASSED (8 checks, 0 warnings)
2026-02-23 21:48:48 | INFO    | Connected to Bybit (MAINNET) — 3499 markets loaded [async]
2026-02-23 21:48:49 | INFO    |   Registry: skipped 2 combos (delisted pairs)
2026-02-23 21:49:38 | INFO    | Connected to Bybit (MAINNET) — 3499 markets loaded [async]
2026-02-23 21:49:38 | INFO    |   Registry: skipped 2 combos (delisted pairs)
2026-02-23 21:51:26 | INFO    | 
════════════════════════════════════════════════════════
2026-02-23 21:51:26 | INFO    |    [1m[97mPREFLIGHT CHECK[0m
2026-02-23 21:51:26 | INFO    | ════════════════════════════════════════════════════════
2026-02-23 21:51:26 | INFO    |   [PASS] imports         15 modules OK
2026-02-23 21:51:26 | INFO    |   [PASS] config          All config params valid
2026-02-23 21:51:26 | INFO    |   [PASS] api_keys        Key: AjbKwn...nyta
2026-02-23 21:51:26 | INFO    |   [PASS] combos          50 combos, 40 pairs, 3 TFs
2026-02-23 21:51:26 | INFO    |   [PASS] strategies      12 strategies OK
2026-02-23 21:51:26 | INFO    |   [PASS] state           No state file (fresh start)
2026-02-23 21:51:26 | INFO    |   [PASS] disk            276082MB free
2026-02-23 21:51:26 | INFO    |   [PASS] log_dir         C:\Users\Azuri\Desktop\anewBot\v13pro\logs
2026-02-23 21:51:26 | INFO    | 
  ALL CHECKS PASSED (8 checks, 0 warnings)
2026-02-23 21:51:29 | INFO    | Connected to Bybit (MAINNET) — 3499 markets loaded [async]
2026-02-23 21:51:30 | INFO    |   Registry: skipped 2 combos (delisted pairs)
2026-02-23 21:52:04 | INFO    | 
════════════════════════════════════════════════════════
2026-02-23 21:52:04 | INFO    |    [1m[97mPREFLIGHT CHECK[0m
2026-02-23 21:52:04 | INFO    | ════════════════════════════════════════════════════════
2026-02-23 21:52:04 | INFO    |   [PASS] imports         15 modules OK
2026-02-23 21:52:04 | INFO    |   [PASS] config          All config params valid
2026-02-23 21:52:04 | INFO    |   [PASS] api_keys        Key: AjbKwn...nyta
2026-02-23 21:52:04 | INFO    |   [PASS] combos          50 combos, 40 pairs, 3 TFs
2026-02-23 21:52:04 | INFO    |   [PASS] strategies      12 strategies OK
2026-02-23 21:52:04 | INFO    |   [PASS] state           No state file (fresh start)
2026-02-23 21:52:04 | INFO    |   [PASS] disk            276081MB free
2026-02-23 21:52:04 | INFO    |   [PASS] log_dir         C:\Users\Azuri\Desktop\anewBot\v13pro\logs
2026-02-23 21:52:04 | INFO    | 
  ALL CHECKS PASSED (8 checks, 0 warnings)
2026-02-23 21:52:07 | INFO    | Connected to Bybit (MAINNET) — 3499 markets loaded [async]
2026-02-23 21:52:08 | INFO    |   Registry: skipped 2 combos (delisted pairs)
2026-02-23 21:53:26 | INFO    |   Registry: skipped 2 combos (delisted pairs)
2026-02-23 21:53:26 | INFO    | 
════════════════════════════════════════════════════════
2026-02-23 21:53:26 | INFO    |    [1m[97mPREFLIGHT CHECK[0m
2026-02-23 21:53:26 | INFO    | ════════════════════════════════════════════════════════
2026-02-23 21:53:26 | INFO    |   [PASS] imports         15 modules OK
2026-02-23 21:53:26 | INFO    |   [PASS] config          All config params valid
2026-02-23 21:53:26 | INFO    |   [PASS] api_keys        Key: AjbKwn...nyta
2026-02-23 21:53:26 | INFO    |   [PASS] combos          50 combos, 40 pairs, 3 TFs
2026-02-23 21:53:26 | INFO    |   [PASS] strategies      12 strategies OK
2026-02-23 21:53:26 | INFO    |   [PASS] state           No state file (fresh start)
2026-02-23 21:53:26 | INFO    |   [PASS] disk            276078MB free
2026-02-23 21:53:26 | INFO    |   [PASS] log_dir         C:\Users\Azuri\Desktop\anewBot\v13pro\logs
2026-02-23 21:53:26 | INFO    | 
  ALL CHECKS PASSED (8 checks, 0 warnings)
2026-02-23 21:53:26 | INFO    | 
['Mode: LIVE TRADING', 'Combos: 48', 'Pairs:  35', "TFs:    ['15m', '1h', '30m']", 'Maker TP:    ON', 'Maker Entry: ON', 'Skill min:   40']════════════════════════════════════════════════════════[0m
2026-02-23 21:53:26 | INFO    |   v
2026-02-23 21:53:26 | INFO    |   1
2026-02-23 21:53:26 | INFO    |   3
2026-02-23 21:53:26 | INFO    |   p
2026-02-23 21:53:26 | INFO    |   r
2026-02-23 21:53:26 | INFO    |   o
2026-02-23 21:53:26 | INFO    |    
2026-02-23 21:53:26 | INFO    |   F
2026-02-23 21:53:26 | INFO    |   C
2026-02-23 21:53:26 | INFO    |   B
2026-02-23 21:53:26 | INFO    |    
2026-02-23 21:53:26 | INFO    |   B
2026-02-23 21:53:26 | INFO    |   o
2026-02-23 21:53:26 | INFO    |   t
2026-02-23 21:53:26 | INFO    | ['Mode: LIVE TRADING', 'Combos: 48', 'Pairs:  35', "TFs:    ['15m', '1h', '30m']", 'Maker TP:    ON', 'Maker Entry: ON', 'Skill min:   40']════════════════════════════════════════════════════════[0m

2026-02-23 21:53:29 | INFO    | Connected to Bybit (MAINNET) — 3499 markets loaded [async]
2026-02-23 21:53:30 | INFO    | Equity: $177.72 | Peak: $500.00
2026-02-23 21:53:33 | INFO    |   📡 WSData: starting 39 subscriptions across 3 TFs
2026-02-23 21:53:33 | INFO    |   📡 WSData: 4 stream tasks launched
2026-02-23 21:53:33 | INFO    | Guardian started (async)
2026-02-23 21:53:33 | INFO    | Hunter started (async)
2026-02-23 21:53:33 | INFO    | Aftermath tracker started
2026-02-23 21:53:33 | INFO    | Watchdog started
2026-02-23 21:53:33 | INFO    | Warming up WS buffers...
2026-02-23 21:54:03 | INFO    |   WS warmup complete: 35 buffers ready
2026-02-23 21:54:03 | INFO    | Bot ready — entering main loop
2026-02-23 21:54:03 | DEBUG   | Hunter: 124 liquid candidates (ex-portfolio)
2026-02-23 21:54:24 | INFO    | Hunter: found 41 signals on non-portfolio pairs
2026-02-23 21:57:35 | INFO    |   Registry: skipped 2 combos (delisted pairs)
2026-02-23 21:57:35 | INFO    | 
════════════════════════════════════════════════════════
2026-02-23 21:57:35 | INFO    |    [1m[97mPREFLIGHT CHECK[0m
2026-02-23 21:57:35 | INFO    | ════════════════════════════════════════════════════════
2026-02-23 21:57:35 | INFO    |   [PASS] imports         15 modules OK
2026-02-23 21:57:35 | INFO    |   [PASS] config          All config params valid
2026-02-23 21:57:35 | INFO    |   [PASS] api_keys        Key: AjbKwn...nyta
2026-02-23 21:57:35 | INFO    |   [PASS] combos          50 combos, 40 pairs, 3 TFs
2026-02-23 21:57:35 | INFO    |   [PASS] strategies      12 strategies OK
2026-02-23 21:57:35 | INFO    |   [PASS] state           Equity: $500.72, trades: 0
2026-02-23 21:57:35 | INFO    |   [PASS] disk            276079MB free
2026-02-23 21:57:35 | INFO    |   [PASS] log_dir         C:\Users\Azuri\Desktop\anewBot\v13pro\logs
2026-02-23 21:57:35 | INFO    | 
  ALL CHECKS PASSED (8 checks, 0 warnings)
2026-02-23 21:57:35 | INFO    | 
['Mode: LIVE TRADING', 'Combos: 48', 'Pairs:  35', "TFs:    ['15m', '1h', '30m']", 'Maker TP:    ON', 'Maker Entry: ON', 'Skill min:   40']════════════════════════════════════════════════════════[0m
2026-02-23 21:57:35 | INFO    |   v
2026-02-23 21:57:35 | INFO    |   1
2026-02-23 21:57:35 | INFO    |   3
2026-02-23 21:57:35 | INFO    |   p
2026-02-23 21:57:35 | INFO    |   r
2026-02-23 21:57:35 | INFO    |   o
2026-02-23 21:57:35 | INFO    |    
2026-02-23 21:57:35 | INFO    |   F
2026-02-23 21:57:35 | INFO    |   C
2026-02-23 21:57:35 | INFO    |   B
2026-02-23 21:57:35 | INFO    |    
2026-02-23 21:57:35 | INFO    |   B
2026-02-23 21:57:35 | INFO    |   o
2026-02-23 21:57:35 | INFO    |   t
2026-02-23 21:57:35 | INFO    | ['Mode: LIVE TRADING', 'Combos: 48', 'Pairs:  35', "TFs:    ['15m', '1h', '30m']", 'Maker TP:    ON', 'Maker Entry: ON', 'Skill min:   40']════════════════════════════════════════════════════════[0m

2026-02-23 21:57:37 | INFO    | Connected to Bybit (MAINNET) — 3499 markets loaded [async]
2026-02-23 21:57:38 | INFO    | Equity: $500.72 | Peak: $500.72
2026-02-23 21:57:41 | INFO    |   📡 WSData: starting 39 subscriptions across 3 TFs
2026-02-23 21:57:41 | INFO    |   📡 WSData: 4 stream tasks launched
2026-02-23 21:57:41 | INFO    | Guardian started (async)
2026-02-23 21:57:41 | INFO    | Hunter started (async)
2026-02-23 21:57:41 | INFO    | Aftermath tracker started
2026-02-23 21:57:41 | INFO    | Watchdog started
2026-02-23 21:57:41 | INFO    | Warming up WS buffers...
2026-02-23 21:58:01 | INFO    |   WS warmup complete: 35 buffers ready
2026-02-23 21:58:01 | INFO    | Bot ready — entering main loop
2026-02-23 21:58:11 | DEBUG   | Hunter: 125 liquid candidates (ex-portfolio)
2026-02-23 21:58:30 | INFO    | Hunter: found 38 signals on non-portfolio pairs
2026-02-23 22:03:06 | ERROR   | Main loop: heartbeat() got an unexpected keyword argument 'daily_growth'
2026-02-23 22:03:06 | DEBUG   | Traceback (most recent call last):
  File "C:\Users\Azuri\Desktop\anewBot\v13pro\bot.py", line 225, in _main_loop
    self._heartbeat()
    ~~~~~~~~~~~~~~~^^
  File "C:\Users\Azuri\Desktop\anewBot\v13pro\bot.py", line 599, in _heartbeat
    log.heartbeat(
    ~~~~~~~~~~~~~^
        equity=eq,
        ^^^^^^^^^^
    ...<6 lines>...
        uptime_h=elapsed,
        ^^^^^^^^^^^^^^^^^
    )
    ^
TypeError: heartbeat() got an unexpected keyword argument 'daily_growth'

2026-02-23 22:03:30 | DEBUG   | Hunter: 125 liquid candidates (ex-portfolio)
2026-02-23 22:03:54 | INFO    | Hunter: found 21 signals on non-portfolio pairs
2026-02-23 22:03:59 | ERROR   | Main loop: heartbeat() got an unexpected keyword argument 'daily_growth'
2026-02-23 22:03:59 | DEBUG   | Traceback (most recent call last):
  File "C:\Users\Azuri\Desktop\anewBot\v13pro\bot.py", line 225, in _main_loop
    self._heartbeat()
    ~~~~~~~~~~~~~~~^^
  File "C:\Users\Azuri\Desktop\anewBot\v13pro\bot.py", line 599, in _heartbeat
    log.heartbeat(
    ~~~~~~~~~~~~~^
        equity=eq,
        ^^^^^^^^^^
    ...<6 lines>...
        uptime_h=elapsed,
        ^^^^^^^^^^^^^^^^^
    )
    ^
TypeError: heartbeat() got an unexpected keyword argument 'daily_growth'

2026-02-23 22:04:04 | ERROR   | Main loop: heartbeat() got an unexpected keyword argument 'daily_growth'
2026-02-23 22:04:04 | DEBUG   | Traceback (most recent call last):
  File "C:\Users\Azuri\Desktop\anewBot\v13pro\bot.py", line 225, in _main_loop
    self._heartbeat()
    ~~~~~~~~~~~~~~~^^
  File "C:\Users\Azuri\Desktop\anewBot\v13pro\bot.py", line 599, in _heartbeat
    log.heartbeat(
    ~~~~~~~~~~~~~^
        equity=eq,
        ^^^^^^^^^^
    ...<6 lines>...
        uptime_h=elapsed,
        ^^^^^^^^^^^^^^^^^
    )
    ^
TypeError: heartbeat() got an unexpected keyword argument 'daily_growth'

2026-02-23 22:04:26 | ERROR   | Main loop: heartbeat() got an unexpected keyword argument 'daily_growth'
2026-02-23 22:04:26 | DEBUG   | Traceback (most recent call last):
  File "C:\Users\Azuri\Desktop\anewBot\v13pro\bot.py", line 225, in _main_loop
    self._heartbeat()
    ~~~~~~~~~~~~~~~^^
  File "C:\Users\Azuri\Desktop\anewBot\v13pro\bot.py", line 599, in _heartbeat
    log.heartbeat(
    ~~~~~~~~~~~~~^
        equity=eq,
        ^^^^^^^^^^
    ...<6 lines>...
        uptime_h=elapsed,
        ^^^^^^^^^^^^^^^^^
    )
    ^
TypeError: heartbeat() got an unexpected keyword argument 'daily_growth'

2026-02-23 22:04:38 | ERROR   | Main loop: heartbeat() got an unexpected keyword argument 'daily_growth'
2026-02-23 22:04:38 | DEBUG   | Traceback (most recent call last):
  File "C:\Users\Azuri\Desktop\anewBot\v13pro\bot.py", line 225, in _main_loop
    self._heartbeat()
    ~~~~~~~~~~~~~~~^^
  File "C:\Users\Azuri\Desktop\anewBot\v13pro\bot.py", line 599, in _heartbeat
    log.heartbeat(
    ~~~~~~~~~~~~~^
        equity=eq,
        ^^^^^^^^^^
    ...<6 lines>...
        uptime_h=elapsed,
        ^^^^^^^^^^^^^^^^^
    )
    ^
TypeError: heartbeat() got an unexpected keyword argument 'daily_growth'

2026-02-23 22:04:59 | ERROR   | Main loop: heartbeat() got an unexpected keyword argument 'daily_growth'
2026-02-23 22:04:59 | DEBUG   | Traceback (most recent call last):
  File "C:\Users\Azuri\Desktop\anewBot\v13pro\bot.py", line 225, in _main_loop
    self._heartbeat()
    ~~~~~~~~~~~~~~~^^
  File "C:\Users\Azuri\Desktop\anewBot\v13pro\bot.py", line 599, in _heartbeat
    log.heartbeat(
    ~~~~~~~~~~~~~^
        equity=eq,
        ^^^^^^^^^^
    ...<6 lines>...
        uptime_h=elapsed,
        ^^^^^^^^^^^^^^^^^
    )
    ^
TypeError: heartbeat() got an unexpected keyword argument 'daily_growth'

2026-02-23 22:05:04 | ERROR   | Main loop: heartbeat() got an unexpected keyword argument 'daily_growth'
2026-02-23 22:05:04 | DEBUG   | Traceback (most recent call last):
  File "C:\Users\Azuri\Desktop\anewBot\v13pro\bot.py", line 225, in _main_loop
    self._heartbeat()
    ~~~~~~~~~~~~~~~^^
  File "C:\Users\Azuri\Desktop\anewBot\v13pro\bot.py", line 599, in _heartbeat
    log.heartbeat(
    ~~~~~~~~~~~~~^
        equity=eq,
        ^^^^^^^^^^
    ...<6 lines>...
        uptime_h=elapsed,
        ^^^^^^^^^^^^^^^^^
    )
    ^
TypeError: heartbeat() got an unexpected keyword argument 'daily_growth'

2026-02-23 22:05:59 | ERROR   | Main loop: heartbeat() got an unexpected keyword argument 'daily_growth'
2026-02-23 22:05:59 | DEBUG   | Traceback (most recent call last):
  File "C:\Users\Azuri\Desktop\anewBot\v13pro\bot.py", line 225, in _main_loop
    self._heartbeat()
    ~~~~~~~~~~~~~~~^^
  File "C:\Users\Azuri\Desktop\anewBot\v13pro\bot.py", line 599, in _heartbeat
    log.heartbeat(
    ~~~~~~~~~~~~~^
        equity=eq,
        ^^^^^^^^^^
    ...<6 lines>...
        uptime_h=elapsed,
        ^^^^^^^^^^^^^^^^^
    )
    ^
TypeError: heartbeat() got an unexpected keyword argument 'daily_growth'

2026-02-23 22:06:04 | ERROR   | Main loop: heartbeat() got an unexpected keyword argument 'daily_growth'
2026-02-23 22:06:04 | DEBUG   | Traceback (most recent call last):
  File "C:\Users\Azuri\Desktop\anewBot\v13pro\bot.py", line 225, in _main_loop
    self._heartbeat()
    ~~~~~~~~~~~~~~~^^
  File "C:\Users\Azuri\Desktop\anewBot\v13pro\bot.py", line 599, in _heartbeat
    log.heartbeat(
    ~~~~~~~~~~~~~^
        equity=eq,
        ^^^^^^^^^^
    ...<6 lines>...
        uptime_h=elapsed,
        ^^^^^^^^^^^^^^^^^
    )
    ^
TypeError: heartbeat() got an unexpected keyword argument 'daily_growth'

2026-02-23 22:06:09 | ERROR   | Main loop: heartbeat() got an unexpected keyword argument 'daily_growth'
2026-02-23 22:06:09 | DEBUG   | Traceback (most recent call last):
  File "C:\Users\Azuri\Desktop\anewBot\v13pro\bot.py", line 225, in _main_loop
    self._heartbeat()
    ~~~~~~~~~~~~~~~^^
  File "C:\Users\Azuri\Desktop\anewBot\v13pro\bot.py", line 599, in _heartbeat
    log.heartbeat(
    ~~~~~~~~~~~~~^
        equity=eq,
        ^^^^^^^^^^
    ...<6 lines>...
        uptime_h=elapsed,
        ^^^^^^^^^^^^^^^^^
    )
    ^
TypeError: heartbeat() got an unexpected keyword argument 'daily_growth'

2026-02-23 22:06:43 | INFO    |   Registry: skipped 2 combos (delisted pairs)
2026-02-23 22:06:43 | INFO    | 
════════════════════════════════════════════════════════
2026-02-23 22:06:43 | INFO    |    [1m[97mPREFLIGHT CHECK[0m
2026-02-23 22:06:43 | INFO    | ════════════════════════════════════════════════════════
2026-02-23 22:06:43 | INFO    |   [PASS] imports         15 modules OK
2026-02-23 22:06:43 | INFO    |   [PASS] config          All config params valid
2026-02-23 22:06:43 | INFO    |   [PASS] api_keys        Key: AjbKwn...nyta
2026-02-23 22:06:43 | INFO    |   [PASS] combos          50 combos, 40 pairs, 3 TFs
2026-02-23 22:06:43 | INFO    |   [PASS] strategies      12 strategies OK
2026-02-23 22:06:43 | INFO    |   [PASS] state           Equity: $500.72, trades: 0
2026-02-23 22:06:43 | INFO    |   [PASS] disk            276092MB free
2026-02-23 22:06:43 | INFO    |   [PASS] log_dir         C:\Users\Azuri\Desktop\anewBot\v13pro\logs
2026-02-23 22:06:43 | INFO    | 
  ALL CHECKS PASSED (8 checks, 0 warnings)
2026-02-23 22:06:43 | INFO    | 
['Mode: LIVE TRADING', 'Combos: 48', 'Pairs:  35', "TFs:    ['15m', '1h', '30m']", 'Maker TP:    ON', 'Maker Entry: ON', 'Skill min:   40']════════════════════════════════════════════════════════[0m
2026-02-23 22:06:43 | INFO    |   v
2026-02-23 22:06:43 | INFO    |   1
2026-02-23 22:06:43 | INFO    |   3
2026-02-23 22:06:43 | INFO    |   p
2026-02-23 22:06:43 | INFO    |   r
2026-02-23 22:06:43 | INFO    |   o
2026-02-23 22:06:43 | INFO    |    
2026-02-23 22:06:43 | INFO    |   F
2026-02-23 22:06:43 | INFO    |   C
2026-02-23 22:06:43 | INFO    |   B
2026-02-23 22:06:43 | INFO    |    
2026-02-23 22:06:43 | INFO    |   B
2026-02-23 22:06:43 | INFO    |   o
2026-02-23 22:06:43 | INFO    |   t
2026-02-23 22:06:43 | INFO    | ['Mode: LIVE TRADING', 'Combos: 48', 'Pairs:  35', "TFs:    ['15m', '1h', '30m']", 'Maker TP:    ON', 'Maker Entry: ON', 'Skill min:   40']════════════════════════════════════════════════════════[0m

2026-02-23 22:06:46 | INFO    | Connected to Bybit (MAINNET) — 3499 markets loaded [async]
2026-02-23 22:06:46 | INFO    | Equity: $500.72 | Peak: $500.72
2026-02-23 22:06:49 | INFO    |   📡 WSData: starting 39 subscriptions across 3 TFs
2026-02-23 22:06:49 | INFO    |   📡 WSData: 4 stream tasks launched
2026-02-23 22:06:49 | INFO    | Guardian started (async)
2026-02-23 22:06:49 | INFO    | Hunter started (async)
2026-02-23 22:06:49 | INFO    | Aftermath tracker started
2026-02-23 22:06:49 | INFO    | Watchdog started
2026-02-23 22:06:49 | INFO    | Warming up WS buffers...
2026-02-23 22:06:59 | INFO    |   WS warmup complete: 19 buffers ready
2026-02-23 22:06:59 | INFO    | Bot ready — entering main loop
2026-02-23 22:07:20 | DEBUG   | Hunter: 126 liquid candidates (ex-portfolio)
2026-02-23 22:07:39 | INFO    | Hunter: found 23 signals on non-portfolio pairs
2026-02-23 22:11:59 | INFO    | 💓 11:11 | $500.72 | [92m+0.1%[0m | 0 pos | 0 trades | 0 sig | WS:35 | 0.1h
2026-02-23 22:11:59 | INFO    |   Skill: min=40 eval=3 pass=3 rej=0 WR=100%
2026-02-23 22:11:59 | INFO    |   Learner: 1 outcomes tracked
2026-02-23 22:12:39 | DEBUG   | Hunter: 124 liquid candidates (ex-portfolio)
2026-02-23 22:12:57 | INFO    | Hunter: found 16 signals on non-portfolio pairs
2026-02-23 22:16:59 | INFO    | 💓 11:16 | $500.72 | [92m+0.1%[0m | 0 pos | 0 trades | 0 sig | WS:48 | 0.2h
2026-02-23 22:16:59 | INFO    |   Skill: min=40 eval=3 pass=3 rej=0 WR=100%
2026-02-23 22:16:59 | INFO    |   Learner: 1 outcomes tracked
2026-02-23 22:17:13 | INFO    |   Registry: skipped 2 combos (delisted pairs)
2026-02-23 22:17:13 | INFO    | 
[96m══════════════════════════════════════════════════════════[0m
2026-02-23 22:17:13 | INFO    |   🛫 [1m[97mPREFLIGHT CHECK[0m
2026-02-23 22:17:13 | INFO    | [96m══════════════════════════════════════════════════════════[0m
2026-02-23 22:17:13 | INFO    |   [92m✅ PASS[0m  [1mimports        [0m [2m15 modules OK[0m
2026-02-23 22:17:13 | INFO    |   [92m✅ PASS[0m  [1mconfig         [0m [2mAll config params valid[0m
2026-02-23 22:17:13 | INFO    |   [92m✅ PASS[0m  [1mapi_keys       [0m [2mKey: AjbKwn...nyta[0m
2026-02-23 22:17:13 | INFO    |   [92m✅ PASS[0m  [1mcombos         [0m [2m50 combos, 40 pairs, 3 TFs[0m
2026-02-23 22:17:13 | INFO    |   [92m✅ PASS[0m  [1mstrategies     [0m [2m12 strategies OK[0m
2026-02-23 22:17:13 | INFO    |   [92m✅ PASS[0m  [1mstate          [0m [2mEquity: $500.72, trades: 0[0m
2026-02-23 22:17:13 | INFO    |   [92m✅ PASS[0m  [1mdisk           [0m [2m276103MB free[0m
2026-02-23 22:17:13 | INFO    |   [92m✅ PASS[0m  [1mlog_dir        [0m [2mC:\Users\Azuri\Desktop\anewBot\v13pro\logs[0m
2026-02-23 22:17:13 | INFO    |   [2m──────────────────────────────────────────────────────[0m
2026-02-23 22:17:13 | INFO    |   [92m🟢 ALL 8 CHECKS PASSED[0m [2m(0 warnings)[0m
2026-02-23 22:17:13 | INFO    | [96m══════════════════════════════════════════════════════════[0m

2026-02-23 22:17:13 | INFO    | 
[96m══════════════════════════════════════════════════════════[0m
2026-02-23 22:17:13 | INFO    |   🤖 [1m[97mv13pro FCB Bot[0m    [91m[1m🔴 LIVE TRADING[0m
2026-02-23 22:17:13 | INFO    | [96m══════════════════════════════════════════════════════════[0m
2026-02-23 22:17:13 | INFO    |   [1m📦 PORTFOLIO[0m
2026-02-23 22:17:13 | INFO    |      Combos     [92m48[0m              Pairs  [92m35[0m
2026-02-23 22:17:13 | INFO    |      Timeframes [92m['15m', '1h', '30m'][0m
2026-02-23 22:17:13 | INFO    |   [2m──────────────────────────────────────────────────────[0m
2026-02-23 22:17:13 | INFO    |   [1m⚙️  EXECUTION[0m
2026-02-23 22:17:13 | INFO    |      Maker TP   [92mON[0m
2026-02-23 22:17:13 | INFO    |      Maker Entry[92m ON[0m
2026-02-23 22:17:13 | INFO    |      Skill min  [93m40[0m
2026-02-23 22:17:13 | INFO    |      Risk       [93m3.0%[0m   Lev  [93m8x[0m   MaxPos  [93m7[0m
2026-02-23 22:17:13 | INFO    | [96m══════════════════════════════════════════════════════════[0m

2026-02-23 22:17:16 | INFO    | Connected to Bybit (MAINNET) — 3499 markets loaded [async]
2026-02-23 22:17:17 | INFO    | Equity: $500.72 | Peak: $500.72
2026-02-23 22:17:19 | INFO    |   📡 WSData: starting 39 subscriptions across 3 TFs
2026-02-23 22:17:19 | INFO    |   📡 WSData: 4 stream tasks launched
2026-02-23 22:17:19 | INFO    | Guardian started (async)
2026-02-23 22:17:19 | INFO    | Hunter started (async)
2026-02-23 22:17:19 | INFO    | Aftermath tracker started
2026-02-23 22:17:19 | INFO    | Watchdog started
2026-02-23 22:17:19 | INFO    | Warming up WS buffers...
2026-02-23 22:17:50 | DEBUG   | Hunter: 124 liquid candidates (ex-portfolio)
2026-02-23 22:17:59 | INFO    |   WS warmup complete: 28 buffers ready
2026-02-23 22:17:59 | INFO    | Bot ready — entering main loop
2026-02-23 22:18:08 | INFO    | Hunter: found 18 signals on non-portfolio pairs
2026-02-23 22:22:59 | INFO    | 
[96m══════════════════════════════════════════════════════════[0m
2026-02-23 22:22:59 | INFO    |   🤖 [1m[97mv13pro LIVE DASHBOARD[0m    [96m🔵 SCANNING[0m
2026-02-23 22:22:59 | INFO    |   [2m2026-02-23 11:22:59 UTC[0m   [2mSession: london[0m
2026-02-23 22:22:59 | INFO    | [96m══════════════════════════════════════════════════════════[0m
2026-02-23 22:22:59 | INFO    |   [1m💰 EQUITY[0m
2026-02-23 22:22:59 | INFO    |      Balance   [92m[1m$500.72[0m               Peak  $500.72
2026-02-23 22:22:59 | INFO    |      Growth    [92m+0.1%[0m                DD    [92m0.0%[0m
2026-02-23 22:22:59 | INFO    |      Target    $5,000       [92m██[2m░░░░░░░░░░░░░░░░░░[0m 10%
2026-02-23 22:22:59 | INFO    |      [2mPhase 2: Growth → $1K[0m
2026-02-23 22:22:59 | INFO    |   [2m──────────────────────────────────────────────────────[0m
2026-02-23 22:22:59 | INFO    |   [1m📊 TRADING[0m
2026-02-23 22:22:59 | INFO    |      Positions [97m0[0m / 7              Scans   0
2026-02-23 22:22:59 | INFO    |      Signals   0                Trades  0
2026-02-23 22:22:59 | INFO    |   [2m──────────────────────────────────────────────────────[0m
2026-02-23 22:22:59 | INFO    |   [1m🧠 INTELLIGENCE[0m
2026-02-23 22:22:59 | INFO    |      🎯 Skill     min=40  eval=3  pass=3  rej=0
2026-02-23 22:22:59 | INFO    |      📚 Learner   1 outcomes tracked
2026-02-23 22:22:59 | INFO    |      💚 Watchdog  [92mHEALTHY[0m     📡 WS  35 buffers
2026-02-23 22:22:59 | INFO    |      🔭 Hunter    18 non-portfolio signals
2026-02-23 22:22:59 | INFO    |   [2m──────────────────────────────────────────────────────[0m
2026-02-23 22:22:59 | INFO    |   [1m⚙️  CONFIG[0m
2026-02-23 22:22:59 | INFO    |      Risk       [93m3.0%[0m   Lev  [93m8x[0m   MaxPos [93m7[0m
2026-02-23 22:22:59 | INFO    |      Maker TP   [92mON[0m              Maker Entry  [92mON[0m
2026-02-23 22:22:59 | INFO    |      Combos     48                Pairs  35
2026-02-23 22:22:59 | INFO    |      Uptime     0.1h
2026-02-23 22:22:59 | INFO    | [96m══════════════════════════════════════════════════════════[0m

2026-02-23 22:23:08 | DEBUG   | Hunter: 126 liquid candidates (ex-portfolio)
2026-02-23 22:23:29 | INFO    | Hunter: found 17 signals on non-portfolio pairs
2026-02-23 22:27:59 | INFO    | 
[96m══════════════════════════════════════════════════════════[0m
2026-02-23 22:27:59 | INFO    |   🤖 [1m[97mv13pro LIVE DASHBOARD[0m    [96m🔵 SCANNING[0m
2026-02-23 22:27:59 | INFO    |   [2m2026-02-23 11:27:59 UTC[0m   [2mSession: london[0m
2026-02-23 22:27:59 | INFO    | [96m══════════════════════════════════════════════════════════[0m
2026-02-23 22:27:59 | INFO    |   [1m💰 EQUITY[0m
2026-02-23 22:27:59 | INFO    |      Balance   [92m[1m$500.72[0m               Peak  $500.72
2026-02-23 22:27:59 | INFO    |      Growth    [92m+0.1%[0m                DD    [92m0.0%[0m
2026-02-23 22:27:59 | INFO    |      Target    $5,000       [92m██[2m░░░░░░░░░░░░░░░░░░[0m 10%
2026-02-23 22:27:59 | INFO    |      [2mPhase 2: Growth → $1K[0m
2026-02-23 22:27:59 | INFO    |   [2m──────────────────────────────────────────────────────[0m
2026-02-23 22:27:59 | INFO    |   [1m📊 TRADING[0m
2026-02-23 22:27:59 | INFO    |      Positions [97m0[0m / 7              Scans   0
2026-02-23 22:27:59 | INFO    |      Signals   0                Trades  0
2026-02-23 22:27:59 | INFO    |   [2m──────────────────────────────────────────────────────[0m
2026-02-23 22:27:59 | INFO    |   [1m🧠 INTELLIGENCE[0m
2026-02-23 22:27:59 | INFO    |      🎯 Skill     min=40  eval=3  pass=3  rej=0
2026-02-23 22:27:59 | INFO    |      📚 Learner   1 outcomes tracked
2026-02-23 22:27:59 | INFO    |      💚 Watchdog  [92mHEALTHY[0m     📡 WS  35 buffers
2026-02-23 22:27:59 | INFO    |      🔭 Hunter    35 non-portfolio signals
2026-02-23 22:27:59 | INFO    |   [2m──────────────────────────────────────────────────────[0m
2026-02-23 22:27:59 | INFO    |   [1m⚙️  CONFIG[0m
2026-02-23 22:27:59 | INFO    |      Risk       [93m3.0%[0m   Lev  [93m8x[0m   MaxPos [93m7[0m
2026-02-23 22:27:59 | INFO    |      Maker TP   [92mON[0m              Maker Entry  [92mON[0m
2026-02-23 22:27:59 | INFO    |      Combos     48                Pairs  35
2026-02-23 22:27:59 | INFO    |      Uptime     0.2h
2026-02-23 22:27:59 | INFO    | [96m══════════════════════════════════════════════════════════[0m

2026-02-23 22:28:29 | DEBUG   | Hunter: 126 liquid candidates (ex-portfolio)
2026-02-23 22:28:47 | INFO    | Hunter: found 16 signals on non-portfolio pairs
2026-02-23 22:33:00 | INFO    | 
[96m══════════════════════════════════════════════════════════[0m
2026-02-23 22:33:00 | INFO    |   🤖 [1m[97mv13pro LIVE DASHBOARD[0m    [96m🔵 SCANNING[0m
2026-02-23 22:33:00 | INFO    |   [2m2026-02-23 11:33:00 UTC[0m   [2mSession: london[0m
2026-02-23 22:33:00 | INFO    | [96m══════════════════════════════════════════════════════════[0m
2026-02-23 22:33:00 | INFO    |   [1m💰 EQUITY[0m
2026-02-23 22:33:00 | INFO    |      Balance   [92m[1m$500.72[0m               Peak  $500.72
2026-02-23 22:33:00 | INFO    |      Growth    [92m+0.1%[0m                DD    [92m0.0%[0m
2026-02-23 22:33:00 | INFO    |      Target    $5,000       [92m██[2m░░░░░░░░░░░░░░░░░░[0m 10%
2026-02-23 22:33:00 | INFO    |      [2mPhase 2: Growth → $1K[0m
2026-02-23 22:33:00 | INFO    |   [2m──────────────────────────────────────────────────────[0m
2026-02-23 22:33:00 | INFO    |   [1m📊 TRADING[0m
2026-02-23 22:33:00 | INFO    |      Positions [97m0[0m / 7              Scans   0
2026-02-23 22:33:00 | INFO    |      Signals   0                Trades  0
2026-02-23 22:33:00 | INFO    |   [2m──────────────────────────────────────────────────────[0m
2026-02-23 22:33:00 | INFO    |   [1m🧠 INTELLIGENCE[0m
2026-02-23 22:33:00 | INFO    |      🎯 Skill     min=40  eval=3  pass=3  rej=0
2026-02-23 22:33:00 | INFO    |      📚 Learner   1 outcomes tracked
2026-02-23 22:33:00 | INFO    |      💚 Watchdog  [92mHEALTHY[0m     📡 WS  53 buffers
2026-02-23 22:33:00 | INFO    |      🔭 Hunter    51 non-portfolio signals
2026-02-23 22:33:00 | INFO    |   [2m──────────────────────────────────────────────────────[0m
2026-02-23 22:33:00 | INFO    |   [1m⚙️  CONFIG[0m
2026-02-23 22:33:00 | INFO    |      Risk       [93m3.0%[0m   Lev  [93m8x[0m   MaxPos [93m7[0m
2026-02-23 22:33:00 | INFO    |      Maker TP   [92mON[0m              Maker Entry  [92mON[0m
2026-02-23 22:33:00 | INFO    |      Combos     48                Pairs  35
2026-02-23 22:33:00 | INFO    |      Uptime     0.3h
2026-02-23 22:33:00 | INFO    | [96m══════════════════════════════════════════════════════════[0m

2026-02-23 22:33:49 | DEBUG   | Hunter: 126 liquid candidates (ex-portfolio)
2026-02-23 22:34:07 | INFO    | Hunter: found 17 signals on non-portfolio pairs
2026-02-23 22:38:00 | INFO    | 
[96m══════════════════════════════════════════════════════════[0m
2026-02-23 22:38:00 | INFO    |   🤖 [1m[97mv13pro LIVE DASHBOARD[0m    [96m🔵 SCANNING[0m
2026-02-23 22:38:00 | INFO    |   [2m2026-02-23 11:38:00 UTC[0m   [2mSession: london[0m
2026-02-23 22:38:00 | INFO    | [96m══════════════════════════════════════════════════════════[0m
2026-02-23 22:38:00 | INFO    |   [1m💰 EQUITY[0m
2026-02-23 22:38:00 | INFO    |      Balance   [92m[1m$500.72[0m               Peak  $500.72
2026-02-23 22:38:00 | INFO    |      Growth    [92m+0.1%[0m                DD    [92m0.0%[0m
2026-02-23 22:38:00 | INFO    |      Target    $5,000       [92m██[2m░░░░░░░░░░░░░░░░░░[0m 10%
2026-02-23 22:38:00 | INFO    |      [2mPhase 2: Growth → $1K[0m
2026-02-23 22:38:00 | INFO    |   [2m──────────────────────────────────────────────────────[0m
2026-02-23 22:38:00 | INFO    |   [1m📊 TRADING[0m
2026-02-23 22:38:00 | INFO    |      Positions [97m0[0m / 7              Scans   0
2026-02-23 22:38:00 | INFO    |      Signals   0                Trades  0
2026-02-23 22:38:00 | INFO    |   [2m──────────────────────────────────────────────────────[0m
2026-02-23 22:38:00 | INFO    |   [1m🧠 INTELLIGENCE[0m
2026-02-23 22:38:00 | INFO    |      🎯 Skill     min=40  eval=3  pass=3  rej=0
2026-02-23 22:38:00 | INFO    |      📚 Learner   1 outcomes tracked
2026-02-23 22:38:00 | INFO    |      💚 Watchdog  [92mHEALTHY[0m     📡 WS  53 buffers
2026-02-23 22:38:00 | INFO    |      🔭 Hunter    68 non-portfolio signals
2026-02-23 22:38:00 | INFO    |   [2m──────────────────────────────────────────────────────[0m
2026-02-23 22:38:00 | INFO    |   [1m⚙️  CONFIG[0m
2026-02-23 22:38:00 | INFO    |      Risk       [93m3.0%[0m   Lev  [93m8x[0m   MaxPos [93m7[0m
2026-02-23 22:38:00 | INFO    |      Maker TP   [92mON[0m              Maker Entry  [92mON[0m
2026-02-23 22:38:00 | INFO    |      Combos     48                Pairs  35
2026-02-23 22:38:00 | INFO    |      Uptime     0.3h
2026-02-23 22:38:00 | INFO    | [96m══════════════════════════════════════════════════════════[0m

2026-02-23 22:39:07 | DEBUG   | Hunter: 124 liquid candidates (ex-portfolio)
2026-02-23 22:39:26 | INFO    | Hunter: found 26 signals on non-portfolio pairs
2026-02-23 22:43:00 | INFO    | 
[96m══════════════════════════════════════════════════════════[0m
2026-02-23 22:43:00 | INFO    |   🤖 [1m[97mv13pro LIVE DASHBOARD[0m    [96m🔵 SCANNING[0m
2026-02-23 22:43:00 | INFO    |   [2m2026-02-23 11:43:00 UTC[0m   [2mSession: london[0m
2026-02-23 22:43:00 | INFO    | [96m══════════════════════════════════════════════════════════[0m
2026-02-23 22:43:00 | INFO    |   [1m💰 EQUITY[0m
2026-02-23 22:43:00 | INFO    |      Balance   [92m[1m$500.72[0m               Peak  $500.72
2026-02-23 22:43:00 | INFO    |      Growth    [92m+0.1%[0m                DD    [92m0.0%[0m
2026-02-23 22:43:00 | INFO    |      Target    $5,000       [92m██[2m░░░░░░░░░░░░░░░░░░[0m 10%
2026-02-23 22:43:00 | INFO    |      [2mPhase 2: Growth → $1K[0m
2026-02-23 22:43:00 | INFO    |   [2m──────────────────────────────────────────────────────[0m
2026-02-23 22:43:00 | INFO    |   [1m📊 TRADING[0m
2026-02-23 22:43:00 | INFO    |      Positions [97m0[0m / 7              Scans   0
2026-02-23 22:43:00 | INFO    |      Signals   0                Trades  0
2026-02-23 22:43:00 | INFO    |   [2m──────────────────────────────────────────────────────[0m
2026-02-23 22:43:00 | INFO    |   [1m🧠 INTELLIGENCE[0m
2026-02-23 22:43:00 | INFO    |      🎯 Skill     min=40  eval=3  pass=3  rej=0
2026-02-23 22:43:00 | INFO    |      📚 Learner   1 outcomes tracked
2026-02-23 22:43:00 | INFO    |      💚 Watchdog  [92mHEALTHY[0m     📡 WS  53 buffers
2026-02-23 22:43:00 | INFO    |      🔭 Hunter    94 non-portfolio signals
2026-02-23 22:43:00 | INFO    |   [2m──────────────────────────────────────────────────────[0m
2026-02-23 22:43:00 | INFO    |   [1m⚙️  CONFIG[0m
2026-02-23 22:43:00 | INFO    |      Risk       [93m3.0%[0m   Lev  [93m8x[0m   MaxPos [93m7[0m
2026-02-23 22:43:00 | INFO    |      Maker TP   [92mON[0m              Maker Entry  [92mON[0m
2026-02-23 22:43:00 | INFO    |      Combos     48                Pairs  35
2026-02-23 22:43:00 | INFO    |      Uptime     0.4h
2026-02-23 22:43:00 | INFO    | [96m══════════════════════════════════════════════════════════[0m

2026-02-23 22:44:26 | DEBUG   | Hunter: 124 liquid candidates (ex-portfolio)
2026-02-23 22:44:43 | INFO    | Hunter: found 29 signals on non-portfolio pairs
2026-02-23 22:48:00 | INFO    | 
[96m══════════════════════════════════════════════════════════[0m
2026-02-23 22:48:00 | INFO    |   🤖 [1m[97mv13pro LIVE DASHBOARD[0m    [96m🔵 SCANNING[0m
2026-02-23 22:48:00 | INFO    |   [2m2026-02-23 11:48:00 UTC[0m   [2mSession: london[0m
2026-02-23 22:48:00 | INFO    | [96m══════════════════════════════════════════════════════════[0m
2026-02-23 22:48:00 | INFO    |   [1m💰 EQUITY[0m
2026-02-23 22:48:00 | INFO    |      Balance   [92m[1m$500.72[0m               Peak  $500.72
2026-02-23 22:48:00 | INFO    |      Growth    [92m+0.1%[0m                DD    [92m0.0%[0m
2026-02-23 22:48:00 | INFO    |      Target    $5,000       [92m██[2m░░░░░░░░░░░░░░░░░░[0m 10%
2026-02-23 22:48:00 | INFO    |      [2mPhase 2: Growth → $1K[0m
2026-02-23 22:48:00 | INFO    |   [2m──────────────────────────────────────────────────────[0m
2026-02-23 22:48:00 | INFO    |   [1m📊 TRADING[0m
2026-02-23 22:48:00 | INFO    |      Positions [97m0[0m / 7              Scans   12
2026-02-23 22:48:00 | INFO    |      Signals   0                Trades  0
2026-02-23 22:48:00 | INFO    |   [2m──────────────────────────────────────────────────────[0m
2026-02-23 22:48:00 | INFO    |   [1m🧠 INTELLIGENCE[0m
2026-02-23 22:48:00 | INFO    |      🎯 Skill     min=40  eval=3  pass=3  rej=0
2026-02-23 22:48:00 | INFO    |      📚 Learner   1 outcomes tracked
2026-02-23 22:48:00 | INFO    |      💚 Watchdog  [92mHEALTHY[0m     📡 WS  53 buffers
2026-02-23 22:48:00 | INFO    |      🔭 Hunter    123 non-portfolio signals
2026-02-23 22:48:00 | INFO    |   [2m──────────────────────────────────────────────────────[0m
2026-02-23 22:48:00 | INFO    |   [1m⚙️  CONFIG[0m
2026-02-23 22:48:00 | INFO    |      Risk       [93m3.0%[0m   Lev  [93m8x[0m   MaxPos [93m7[0m
2026-02-23 22:48:00 | INFO    |      Maker TP   [92mON[0m              Maker Entry  [92mON[0m
2026-02-23 22:48:00 | INFO    |      Combos     48                Pairs  35
2026-02-23 22:48:00 | INFO    |      Uptime     0.5h
2026-02-23 22:48:00 | INFO    | [96m══════════════════════════════════════════════════════════[0m

2026-02-23 22:49:44 | DEBUG   | Hunter: 125 liquid candidates (ex-portfolio)
2026-02-23 22:50:04 | INFO    | Hunter: found 31 signals on non-portfolio pairs
2026-02-23 22:53:00 | INFO    | 
[96m══════════════════════════════════════════════════════════[0m
2026-02-23 22:53:00 | INFO    |   🤖 [1m[97mv13pro LIVE DASHBOARD[0m    [96m🔵 SCANNING[0m
2026-02-23 22:53:00 | INFO    |   [2m2026-02-23 11:53:00 UTC[0m   [2mSession: london[0m
2026-02-23 22:53:00 | INFO    | [96m══════════════════════════════════════════════════════════[0m
2026-02-23 22:53:00 | INFO    |   [1m💰 EQUITY[0m
2026-02-23 22:53:00 | INFO    |      Balance   [92m[1m$500.72[0m               Peak  $500.72
2026-02-23 22:53:00 | INFO    |      Growth    [92m+0.1%[0m                DD    [92m0.0%[0m
2026-02-23 22:53:00 | INFO    |      Target    $5,000       [92m██[2m░░░░░░░░░░░░░░░░░░[0m 10%
2026-02-23 22:53:00 | INFO    |      [2mPhase 2: Growth → $1K[0m
2026-02-23 22:53:00 | INFO    |   [2m──────────────────────────────────────────────────────[0m
2026-02-23 22:53:00 | INFO    |   [1m📊 TRADING[0m
2026-02-23 22:53:00 | INFO    |      Positions [97m0[0m / 7              Scans   12
2026-02-23 22:53:00 | INFO    |      Signals   0                Trades  0
2026-02-23 22:53:00 | INFO    |   [2m──────────────────────────────────────────────────────[0m
2026-02-23 22:53:00 | INFO    |   [1m🧠 INTELLIGENCE[0m
2026-02-23 22:53:00 | INFO    |      🎯 Skill     min=40  eval=3  pass=3  rej=0
2026-02-23 22:53:00 | INFO    |      📚 Learner   1 outcomes tracked
2026-02-23 22:53:00 | INFO    |      💚 Watchdog  [92mHEALTHY[0m     📡 WS  53 buffers
2026-02-23 22:53:00 | INFO    |      🔭 Hunter    154 non-portfolio signals
2026-02-23 22:53:00 | INFO    |   [2m──────────────────────────────────────────────────────[0m
2026-02-23 22:53:00 | INFO    |   [1m⚙️  CONFIG[0m
2026-02-23 22:53:00 | INFO    |      Risk       [93m3.0%[0m   Lev  [93m8x[0m   MaxPos [93m7[0m
2026-02-23 22:53:00 | INFO    |      Maker TP   [92mON[0m              Maker Entry  [92mON[0m
2026-02-23 22:53:00 | INFO    |      Combos     48                Pairs  35
2026-02-23 22:53:00 | INFO    |      Uptime     0.6h
2026-02-23 22:53:00 | INFO    | [96m══════════════════════════════════════════════════════════[0m

2026-02-23 22:55:04 | DEBUG   | Hunter: 127 liquid candidates (ex-portfolio)
2026-02-23 22:55:23 | INFO    | Hunter: found 22 signals on non-portfolio pairs
2026-02-23 22:58:00 | INFO    | 
[96m══════════════════════════════════════════════════════════[0m
2026-02-23 22:58:00 | INFO    |   🤖 [1m[97mv13pro LIVE DASHBOARD[0m    [96m🔵 SCANNING[0m
2026-02-23 22:58:00 | INFO    |   [2m2026-02-23 11:58:00 UTC[0m   [2mSession: london[0m
2026-02-23 22:58:00 | INFO    | [96m══════════════════════════════════════════════════════════[0m
2026-02-23 22:58:00 | INFO    |   [1m💰 EQUITY[0m
2026-02-23 22:58:00 | INFO    |      Balance   [92m[1m$500.72[0m               Peak  $500.72
2026-02-23 22:58:00 | INFO    |      Growth    [92m+0.1%[0m                DD    [92m0.0%[0m
2026-02-23 22:58:00 | INFO    |      Target    $5,000       [92m██[2m░░░░░░░░░░░░░░░░░░[0m 10%
2026-02-23 22:58:00 | INFO    |      [2mPhase 2: Growth → $1K[0m
2026-02-23 22:58:00 | INFO    |   [2m──────────────────────────────────────────────────────[0m
2026-02-23 22:58:00 | INFO    |   [1m📊 TRADING[0m
2026-02-23 22:58:00 | INFO    |      Positions [97m0[0m / 7              Scans   12
2026-02-23 22:58:00 | INFO    |      Signals   0                Trades  0
2026-02-23 22:58:00 | INFO    |   [2m──────────────────────────────────────────────────────[0m
2026-02-23 22:58:00 | INFO    |   [1m🧠 INTELLIGENCE[0m
2026-02-23 22:58:00 | INFO    |      🎯 Skill     min=40  eval=3  pass=3  rej=0
2026-02-23 22:58:00 | INFO    |      📚 Learner   1 outcomes tracked
2026-02-23 22:58:00 | INFO    |      💚 Watchdog  [92mHEALTHY[0m     📡 WS  53 buffers
2026-02-23 22:58:00 | INFO    |      🔭 Hunter    176 non-portfolio signals
2026-02-23 22:58:00 | INFO    |   [2m──────────────────────────────────────────────────────[0m
2026-02-23 22:58:00 | INFO    |   [1m⚙️  CONFIG[0m
2026-02-23 22:58:00 | INFO    |      Risk       [93m3.0%[0m   Lev  [93m8x[0m   MaxPos [93m7[0m
2026-02-23 22:58:00 | INFO    |      Maker TP   [92mON[0m              Maker Entry  [92mON[0m
2026-02-23 22:58:00 | INFO    |      Combos     48                Pairs  35
2026-02-23 22:58:00 | INFO    |      Uptime     0.7h
2026-02-23 22:58:00 | INFO    | [96m══════════════════════════════════════════════════════════[0m

2026-02-23 23:00:23 | DEBUG   | Hunter: 126 liquid candidates (ex-portfolio)
2026-02-23 23:00:41 | INFO    | Hunter: found 22 signals on non-portfolio pairs
2026-02-23 23:03:00 | INFO    | 
[96m══════════════════════════════════════════════════════════[0m
2026-02-23 23:03:00 | INFO    |   🤖 [1m[97mv13pro LIVE DASHBOARD[0m    [96m🔵 SCANNING[0m
2026-02-23 23:03:00 | INFO    |   [2m2026-02-23 12:03:00 UTC[0m   [2mSession: london[0m
2026-02-23 23:03:00 | INFO    | [96m══════════════════════════════════════════════════════════[0m
2026-02-23 23:03:00 | INFO    |   [1m💰 EQUITY[0m
2026-02-23 23:03:00 | INFO    |      Balance   [92m[1m$500.72[0m               Peak  $500.72
2026-02-23 23:03:00 | INFO    |      Growth    [92m+0.1%[0m                DD    [92m0.0%[0m
2026-02-23 23:03:00 | INFO    |      Target    $5,000       [92m██[2m░░░░░░░░░░░░░░░░░░[0m 10%
2026-02-23 23:03:00 | INFO    |      [2mPhase 2: Growth → $1K[0m
2026-02-23 23:03:00 | INFO    |   [2m──────────────────────────────────────────────────────[0m
2026-02-23 23:03:00 | INFO    |   [1m📊 TRADING[0m
2026-02-23 23:03:00 | INFO    |      Positions [97m0[0m / 7              Scans   30
2026-02-23 23:03:00 | INFO    |      Signals   0                Trades  0
2026-02-23 23:03:00 | INFO    |   [2m──────────────────────────────────────────────────────[0m
2026-02-23 23:03:00 | INFO    |   [1m🧠 INTELLIGENCE[0m
2026-02-23 23:03:00 | INFO    |      🎯 Skill     min=40  eval=3  pass=3  rej=0
2026-02-23 23:03:00 | INFO    |      📚 Learner   1 outcomes tracked
2026-02-23 23:03:00 | INFO    |      💚 Watchdog  [92mHEALTHY[0m     📡 WS  74 buffers
2026-02-23 23:03:00 | INFO    |      🔭 Hunter    198 non-portfolio signals
2026-02-23 23:03:00 | INFO    |   [2m──────────────────────────────────────────────────────[0m
2026-02-23 23:03:00 | INFO    |   [1m⚙️  CONFIG[0m
2026-02-23 23:03:00 | INFO    |      Risk       [93m3.0%[0m   Lev  [93m8x[0m   MaxPos [93m7[0m
2026-02-23 23:03:00 | INFO    |      Maker TP   [92mON[0m              Maker Entry  [92mON[0m
2026-02-23 23:03:00 | INFO    |      Combos     48                Pairs  35
2026-02-23 23:03:00 | INFO    |      Uptime     0.8h
2026-02-23 23:03:00 | INFO    | [96m══════════════════════════════════════════════════════════[0m

2026-02-23 23:05:42 | DEBUG   | Hunter: 125 liquid candidates (ex-portfolio)
2026-02-23 23:06:00 | INFO    | Hunter: found 30 signals on non-portfolio pairs
2026-02-23 23:08:00 | INFO    | 
[96m══════════════════════════════════════════════════════════[0m
2026-02-23 23:08:00 | INFO    |   🤖 [1m[97mv13pro LIVE DASHBOARD[0m    [96m🔵 SCANNING[0m
2026-02-23 23:08:00 | INFO    |   [2m2026-02-23 12:08:00 UTC[0m   [2mSession: london[0m
2026-02-23 23:08:00 | INFO    | [96m══════════════════════════════════════════════════════════[0m
2026-02-23 23:08:00 | INFO    |   [1m💰 EQUITY[0m
2026-02-23 23:08:00 | INFO    |      Balance   [92m[1m$500.72[0m               Peak  $500.72
2026-02-23 23:08:00 | INFO    |      Growth    [92m+0.1%[0m                DD    [92m0.0%[0m
2026-02-23 23:08:00 | INFO    |      Target    $5,000       [92m██[2m░░░░░░░░░░░░░░░░░░[0m 10%
2026-02-23 23:08:00 | INFO    |      [2mPhase 2: Growth → $1K[0m
2026-02-23 23:08:00 | INFO    |   [2m──────────────────────────────────────────────────────[0m
2026-02-23 23:08:00 | INFO    |   [1m📊 TRADING[0m
2026-02-23 23:08:00 | INFO    |      Positions [97m0[0m / 7              Scans   30
2026-02-23 23:08:00 | INFO    |      Signals   0                Trades  0
2026-02-23 23:08:00 | INFO    |   [2m──────────────────────────────────────────────────────[0m
2026-02-23 23:08:00 | INFO    |   [1m🧠 INTELLIGENCE[0m
2026-02-23 23:08:00 | INFO    |      🎯 Skill     min=40  eval=3  pass=3  rej=0
2026-02-23 23:08:00 | INFO    |      📚 Learner   1 outcomes tracked
2026-02-23 23:08:00 | INFO    |      💚 Watchdog  [92mHEALTHY[0m     📡 WS  74 buffers
2026-02-23 23:08:00 | INFO    |      🔭 Hunter    228 non-portfolio signals
2026-02-23 23:08:00 | INFO    |   [2m──────────────────────────────────────────────────────[0m
2026-02-23 23:08:00 | INFO    |   [1m⚙️  CONFIG[0m
2026-02-23 23:08:00 | INFO    |      Risk       [93m3.0%[0m   Lev  [93m8x[0m   MaxPos [93m7[0m
2026-02-23 23:08:00 | INFO    |      Maker TP   [92mON[0m              Maker Entry  [92mON[0m
2026-02-23 23:08:00 | INFO    |      Combos     48                Pairs  35
2026-02-23 23:08:00 | INFO    |      Uptime     0.8h
2026-02-23 23:08:00 | INFO    | [96m══════════════════════════════════════════════════════════[0m

2026-02-23 23:11:00 | DEBUG   | Hunter: 127 liquid candidates (ex-portfolio)
2026-02-23 23:11:19 | INFO    | Hunter: found 18 signals on non-portfolio pairs
2026-02-23 23:13:00 | INFO    | 
[96m══════════════════════════════════════════════════════════[0m
2026-02-23 23:13:00 | INFO    |   🤖 [1m[97mv13pro LIVE DASHBOARD[0m    [96m🔵 SCANNING[0m
2026-02-23 23:13:00 | INFO    |   [2m2026-02-23 12:13:00 UTC[0m   [2mSession: london[0m
2026-02-23 23:13:00 | INFO    | [96m══════════════════════════════════════════════════════════[0m
2026-02-23 23:13:00 | INFO    |   [1m💰 EQUITY[0m
2026-02-23 23:13:00 | INFO    |      Balance   [92m[1m$500.72[0m               Peak  $500.72
2026-02-23 23:13:00 | INFO    |      Growth    [92m+0.1%[0m                DD    [92m0.0%[0m
2026-02-23 23:13:00 | INFO    |      Target    $5,000       [92m██[2m░░░░░░░░░░░░░░░░░░[0m 10%
2026-02-23 23:13:00 | INFO    |      [2mPhase 2: Growth → $1K[0m
2026-02-23 23:13:00 | INFO    |   [2m──────────────────────────────────────────────────────[0m
2026-02-23 23:13:00 | INFO    |   [1m📊 TRADING[0m
2026-02-23 23:13:00 | INFO    |      Positions [97m0[0m / 7              Scans   30
2026-02-23 23:13:00 | INFO    |      Signals   0                Trades  0
2026-02-23 23:13:00 | INFO    |   [2m──────────────────────────────────────────────────────[0m
2026-02-23 23:13:00 | INFO    |   [1m🧠 INTELLIGENCE[0m
2026-02-23 23:13:00 | INFO    |      🎯 Skill     min=40  eval=3  pass=3  rej=0
2026-02-23 23:13:00 | INFO    |      📚 Learner   1 outcomes tracked
2026-02-23 23:13:00 | INFO    |      💚 Watchdog  [92mHEALTHY[0m     📡 WS  74 buffers
2026-02-23 23:13:00 | INFO    |      🔭 Hunter    246 non-portfolio signals
2026-02-23 23:13:00 | INFO    |   [2m──────────────────────────────────────────────────────[0m
2026-02-23 23:13:00 | INFO    |   [1m⚙️  CONFIG[0m
2026-02-23 23:13:00 | INFO    |      Risk       [93m3.0%[0m   Lev  [93m8x[0m   MaxPos [93m7[0m
2026-02-23 23:13:00 | INFO    |      Maker TP   [92mON[0m              Maker Entry  [92mON[0m
2026-02-23 23:13:00 | INFO    |      Combos     48                Pairs  35
2026-02-23 23:13:00 | INFO    |      Uptime     0.9h
2026-02-23 23:13:00 | INFO    | [96m══════════════════════════════════════════════════════════[0m

2026-02-23 23:16:19 | DEBUG   | Hunter: 126 liquid candidates (ex-portfolio)
2026-02-23 23:16:37 | INFO    | Hunter: found 15 signals on non-portfolio pairs
2026-02-23 23:18:00 | INFO    | 
[96m══════════════════════════════════════════════════════════[0m
2026-02-23 23:18:00 | INFO    |   🤖 [1m[97mv13pro LIVE DASHBOARD[0m    [96m🔵 SCANNING[0m
2026-02-23 23:18:00 | INFO    |   [2m2026-02-23 12:18:00 UTC[0m   [2mSession: london[0m
2026-02-23 23:18:00 | INFO    | [96m══════════════════════════════════════════════════════════[0m
2026-02-23 23:18:00 | INFO    |   [1m💰 EQUITY[0m
2026-02-23 23:18:00 | INFO    |      Balance   [92m[1m$500.72[0m               Peak  $500.72
2026-02-23 23:18:00 | INFO    |      Growth    [92m+0.1%[0m                DD    [92m0.0%[0m
2026-02-23 23:18:00 | INFO    |      Target    $5,000       [92m██[2m░░░░░░░░░░░░░░░░░░[0m 10%
2026-02-23 23:18:00 | INFO    |      [2mPhase 2: Growth → $1K[0m
2026-02-23 23:18:00 | INFO    |   [2m──────────────────────────────────────────────────────[0m
2026-02-23 23:18:00 | INFO    |   [1m📊 TRADING[0m
2026-02-23 23:18:00 | INFO    |      Positions [97m0[0m / 7              Scans   40
2026-02-23 23:18:00 | INFO    |      Signals   0                Trades  0
2026-02-23 23:18:00 | INFO    |   [2m──────────────────────────────────────────────────────[0m
2026-02-23 23:18:00 | INFO    |   [1m🧠 INTELLIGENCE[0m
2026-02-23 23:18:00 | INFO    |      🎯 Skill     min=40  eval=3  pass=3  rej=0
2026-02-23 23:18:00 | INFO    |      📚 Learner   1 outcomes tracked
2026-02-23 23:18:00 | INFO    |      💚 Watchdog  [92mHEALTHY[0m     📡 WS  74 buffers
2026-02-23 23:18:00 | INFO    |      🔭 Hunter    261 non-portfolio signals
2026-02-23 23:18:00 | INFO    |   [2m──────────────────────────────────────────────────────[0m
2026-02-23 23:18:00 | INFO    |   [1m⚙️  CONFIG[0m
2026-02-23 23:18:00 | INFO    |      Risk       [93m3.0%[0m   Lev  [93m8x[0m   MaxPos [93m7[0m
2026-02-23 23:18:00 | INFO    |      Maker TP   [92mON[0m              Maker Entry  [92mON[0m
2026-02-23 23:18:00 | INFO    |      Combos     48                Pairs  35
2026-02-23 23:18:00 | INFO    |      Uptime     1.0h
2026-02-23 23:18:00 | INFO    | [96m══════════════════════════════════════════════════════════[0m

2026-02-23 23:21:38 | DEBUG   | Hunter: 127 liquid candidates (ex-portfolio)
2026-02-23 23:21:55 | INFO    | Hunter: found 32 signals on non-portfolio pairs
2026-02-23 23:23:00 | INFO    | 
[96m══════════════════════════════════════════════════════════[0m
2026-02-23 23:23:00 | INFO    |   🤖 [1m[97mv13pro LIVE DASHBOARD[0m    [96m🔵 SCANNING[0m
2026-02-23 23:23:00 | INFO    |   [2m2026-02-23 12:23:00 UTC[0m   [2mSession: london[0m
2026-02-23 23:23:00 | INFO    | [96m══════════════════════════════════════════════════════════[0m
2026-02-23 23:23:00 | INFO    |   [1m💰 EQUITY[0m
2026-02-23 23:23:00 | INFO    |      Balance   [92m[1m$500.72[0m               Peak  $500.72
2026-02-23 23:23:00 | INFO    |      Growth    [92m+0.1%[0m                DD    [92m0.0%[0m
2026-02-23 23:23:00 | INFO    |      Target    $5,000       [92m██[2m░░░░░░░░░░░░░░░░░░[0m 10%
2026-02-23 23:23:00 | INFO    |      [2mPhase 2: Growth → $1K[0m
2026-02-23 23:23:00 | INFO    |   [2m──────────────────────────────────────────────────────[0m
2026-02-23 23:23:00 | INFO    |   [1m📊 TRADING[0m
2026-02-23 23:23:00 | INFO    |      Positions [97m0[0m / 7              Scans   40
2026-02-23 23:23:00 | INFO    |      Signals   0                Trades  0
2026-02-23 23:23:00 | INFO    |   [2m──────────────────────────────────────────────────────[0m
2026-02-23 23:23:00 | INFO    |   [1m🧠 INTELLIGENCE[0m
2026-02-23 23:23:00 | INFO    |      🎯 Skill     min=40  eval=3  pass=3  rej=0
2026-02-23 23:23:00 | INFO    |      📚 Learner   1 outcomes tracked
2026-02-23 23:23:00 | INFO    |      💚 Watchdog  [92mHEALTHY[0m     📡 WS  74 buffers
2026-02-23 23:23:00 | INFO    |      🔭 Hunter    293 non-portfolio signals
2026-02-23 23:23:00 | INFO    |   [2m──────────────────────────────────────────────────────[0m
2026-02-23 23:23:00 | INFO    |   [1m⚙️  CONFIG[0m
2026-02-23 23:23:00 | INFO    |      Risk       [93m3.0%[0m   Lev  [93m8x[0m   MaxPos [93m7[0m
2026-02-23 23:23:00 | INFO    |      Maker TP   [92mON[0m              Maker Entry  [92mON[0m
2026-02-23 23:23:00 | INFO    |      Combos     48                Pairs  35
2026-02-23 23:23:00 | INFO    |      Uptime     1.1h
2026-02-23 23:23:00 | INFO    | [96m══════════════════════════════════════════════════════════[0m

2026-02-23 23:26:56 | DEBUG   | Hunter: 125 liquid candidates (ex-portfolio)
2026-02-23 23:27:13 | INFO    | Hunter: found 25 signals on non-portfolio pairs
2026-02-23 23:28:00 | INFO    | 
[96m══════════════════════════════════════════════════════════[0m
2026-02-23 23:28:00 | INFO    |   🤖 [1m[97mv13pro LIVE DASHBOARD[0m    [96m🔵 SCANNING[0m
2026-02-23 23:28:00 | INFO    |   [2m2026-02-23 12:28:00 UTC[0m   [2mSession: london[0m
2026-02-23 23:28:00 | INFO    | [96m══════════════════════════════════════════════════════════[0m
2026-02-23 23:28:00 | INFO    |   [1m💰 EQUITY[0m
2026-02-23 23:28:00 | INFO    |      Balance   [92m[1m$500.72[0m               Peak  $500.72
2026-02-23 23:28:00 | INFO    |      Growth    [92m+0.1%[0m                DD    [92m0.0%[0m
2026-02-23 23:28:00 | INFO    |      Target    $5,000       [92m██[2m░░░░░░░░░░░░░░░░░░[0m 10%
2026-02-23 23:28:00 | INFO    |      [2mPhase 2: Growth → $1K[0m
2026-02-23 23:28:00 | INFO    |   [2m──────────────────────────────────────────────────────[0m
2026-02-23 23:28:00 | INFO    |   [1m📊 TRADING[0m
2026-02-23 23:28:00 | INFO    |      Positions [97m0[0m / 7              Scans   40
2026-02-23 23:28:00 | INFO    |      Signals   0                Trades  0
2026-02-23 23:28:00 | INFO    |   [2m──────────────────────────────────────────────────────[0m
2026-02-23 23:28:00 | INFO    |   [1m🧠 INTELLIGENCE[0m
2026-02-23 23:28:00 | INFO    |      🎯 Skill     min=40  eval=3  pass=3  rej=0
2026-02-23 23:28:00 | INFO    |      📚 Learner   1 outcomes tracked
2026-02-23 23:28:00 | INFO    |      💚 Watchdog  [92mHEALTHY[0m     📡 WS  74 buffers
2026-02-23 23:28:00 | INFO    |      🔭 Hunter    318 non-portfolio signals
2026-02-23 23:28:00 | INFO    |   [2m──────────────────────────────────────────────────────[0m
2026-02-23 23:28:00 | INFO    |   [1m⚙️  CONFIG[0m
2026-02-23 23:28:00 | INFO    |      Risk       [93m3.0%[0m   Lev  [93m8x[0m   MaxPos [93m7[0m
2026-02-23 23:28:00 | INFO    |      Maker TP   [92mON[0m              Maker Entry  [92mON[0m
2026-02-23 23:28:00 | INFO    |      Combos     48                Pairs  35
2026-02-23 23:28:00 | INFO    |      Uptime     1.2h
2026-02-23 23:28:00 | INFO    | [96m══════════════════════════════════════════════════════════[0m

2026-02-23 23:32:14 | DEBUG   | Hunter: 126 liquid candidates (ex-portfolio)
2026-02-23 23:32:32 | INFO    | Hunter: found 31 signals on non-portfolio pairs
2026-02-23 23:33:01 | INFO    | 
[96m══════════════════════════════════════════════════════════[0m
2026-02-23 23:33:01 | INFO    |   🤖 [1m[97mv13pro LIVE DASHBOARD[0m    [96m🔵 SCANNING[0m
2026-02-23 23:33:01 | INFO    |   [2m2026-02-23 12:33:01 UTC[0m   [2mSession: london[0m
2026-02-23 23:33:01 | INFO    | [96m══════════════════════════════════════════════════════════[0m
2026-02-23 23:33:01 | INFO    |   [1m💰 EQUITY[0m
2026-02-23 23:33:01 | INFO    |      Balance   [92m[1m$500.72[0m               Peak  $500.72
2026-02-23 23:33:01 | INFO    |      Growth    [92m+0.1%[0m                DD    [92m0.0%[0m
2026-02-23 23:33:01 | INFO    |      Target    $5,000       [92m██[2m░░░░░░░░░░░░░░░░░░[0m 10%
2026-02-23 23:33:01 | INFO    |      [2mPhase 2: Growth → $1K[0m
2026-02-23 23:33:01 | INFO    |   [2m──────────────────────────────────────────────────────[0m
2026-02-23 23:33:01 | INFO    |   [1m📊 TRADING[0m
2026-02-23 23:33:01 | INFO    |      Positions [97m0[0m / 7              Scans   55
2026-02-23 23:33:01 | INFO    |      Signals   0                Trades  0
2026-02-23 23:33:01 | INFO    |   [2m──────────────────────────────────────────────────────[0m
2026-02-23 23:33:01 | INFO    |   [1m🧠 INTELLIGENCE[0m
2026-02-23 23:33:01 | INFO    |      🎯 Skill     min=40  eval=3  pass=3  rej=0
2026-02-23 23:33:01 | INFO    |      📚 Learner   1 outcomes tracked
2026-02-23 23:33:01 | INFO    |      💚 Watchdog  [92mHEALTHY[0m     📡 WS  74 buffers
2026-02-23 23:33:01 | INFO    |      🔭 Hunter    349 non-portfolio signals
2026-02-23 23:33:01 | INFO    |   [2m──────────────────────────────────────────────────────[0m
2026-02-23 23:33:01 | INFO    |   [1m⚙️  CONFIG[0m
2026-02-23 23:33:01 | INFO    |      Risk       [93m3.0%[0m   Lev  [93m8x[0m   MaxPos [93m7[0m
2026-02-23 23:33:01 | INFO    |      Maker TP   [92mON[0m              Maker Entry  [92mON[0m
2026-02-23 23:33:01 | INFO    |      Combos     48                Pairs  35
2026-02-23 23:33:01 | INFO    |      Uptime     1.3h
2026-02-23 23:33:01 | INFO    | [96m══════════════════════════════════════════════════════════[0m

2026-02-23 23:37:32 | DEBUG   | Hunter: 126 liquid candidates (ex-portfolio)
2026-02-23 23:37:51 | INFO    | Hunter: found 32 signals on non-portfolio pairs
2026-02-23 23:38:01 | INFO    | 
[96m══════════════════════════════════════════════════════════[0m
2026-02-23 23:38:01 | INFO    |   🤖 [1m[97mv13pro LIVE DASHBOARD[0m    [96m🔵 SCANNING[0m
2026-02-23 23:38:01 | INFO    |   [2m2026-02-23 12:38:01 UTC[0m   [2mSession: london[0m
2026-02-23 23:38:01 | INFO    | [96m══════════════════════════════════════════════════════════[0m
2026-02-23 23:38:01 | INFO    |   [1m💰 EQUITY[0m
2026-02-23 23:38:01 | INFO    |      Balance   [92m[1m$500.72[0m               Peak  $500.72
2026-02-23 23:38:01 | INFO    |      Growth    [92m+0.1%[0m                DD    [92m0.0%[0m
2026-02-23 23:38:01 | INFO    |      Target    $5,000       [92m██[2m░░░░░░░░░░░░░░░░░░[0m 10%
2026-02-23 23:38:01 | INFO    |      [2mPhase 2: Growth → $1K[0m
2026-02-23 23:38:01 | INFO    |   [2m──────────────────────────────────────────────────────[0m
2026-02-23 23:38:01 | INFO    |   [1m📊 TRADING[0m
2026-02-23 23:38:01 | INFO    |      Positions [97m0[0m / 7              Scans   55
2026-02-23 23:38:01 | INFO    |      Signals   0                Trades  0
2026-02-23 23:38:01 | INFO    |   [2m──────────────────────────────────────────────────────[0m
2026-02-23 23:38:01 | INFO    |   [1m🧠 INTELLIGENCE[0m
2026-02-23 23:38:01 | INFO    |      🎯 Skill     min=40  eval=3  pass=3  rej=0
2026-02-23 23:38:01 | INFO    |      📚 Learner   1 outcomes tracked
2026-02-23 23:38:01 | INFO    |      💚 Watchdog  [92mHEALTHY[0m     📡 WS  74 buffers
2026-02-23 23:38:01 | INFO    |      🔭 Hunter    381 non-portfolio signals
2026-02-23 23:38:01 | INFO    |   [2m──────────────────────────────────────────────────────[0m
2026-02-23 23:38:01 | INFO    |   [1m⚙️  CONFIG[0m
2026-02-23 23:38:01 | INFO    |      Risk       [93m3.0%[0m   Lev  [93m8x[0m   MaxPos [93m7[0m
2026-02-23 23:38:01 | INFO    |      Maker TP   [92mON[0m              Maker Entry  [92mON[0m
2026-02-23 23:38:01 | INFO    |      Combos     48                Pairs  35
2026-02-23 23:38:01 | INFO    |      Uptime     1.3h
2026-02-23 23:38:01 | INFO    | [96m══════════════════════════════════════════════════════════[0m

2026-02-23 23:42:52 | DEBUG   | Hunter: 127 liquid candidates (ex-portfolio)
2026-02-23 23:43:01 | INFO    | 
[96m══════════════════════════════════════════════════════════[0m
2026-02-23 23:43:01 | INFO    |   🤖 [1m[97mv13pro LIVE DASHBOARD[0m    [96m🔵 SCANNING[0m
2026-02-23 23:43:01 | INFO    |   [2m2026-02-23 12:43:01 UTC[0m   [2mSession: london[0m
2026-02-23 23:43:01 | INFO    | [96m══════════════════════════════════════════════════════════[0m
2026-02-23 23:43:01 | INFO    |   [1m💰 EQUITY[0m
2026-02-23 23:43:01 | INFO    |      Balance   [92m[1m$500.72[0m               Peak  $500.72
2026-02-23 23:43:01 | INFO    |      Growth    [92m+0.1%[0m                DD    [92m0.0%[0m
2026-02-23 23:43:01 | INFO    |      Target    $5,000       [92m██[2m░░░░░░░░░░░░░░░░░░[0m 10%
2026-02-23 23:43:01 | INFO    |      [2mPhase 2: Growth → $1K[0m
2026-02-23 23:43:01 | INFO    |   [2m──────────────────────────────────────────────────────[0m
2026-02-23 23:43:01 | INFO    |   [1m📊 TRADING[0m
2026-02-23 23:43:01 | INFO    |      Positions [97m0[0m / 7              Scans   55
2026-02-23 23:43:01 | INFO    |      Signals   0                Trades  0
2026-02-23 23:43:01 | INFO    |   [2m──────────────────────────────────────────────────────[0m
2026-02-23 23:43:01 | INFO    |   [1m🧠 INTELLIGENCE[0m
2026-02-23 23:43:01 | INFO    |      🎯 Skill     min=40  eval=3  pass=3  rej=0
2026-02-23 23:43:01 | INFO    |      📚 Learner   1 outcomes tracked
2026-02-23 23:43:01 | INFO    |      💚 Watchdog  [92mHEALTHY[0m     📡 WS  74 buffers
2026-02-23 23:43:01 | INFO    |      🔭 Hunter    381 non-portfolio signals
2026-02-23 23:43:01 | INFO    |   [2m──────────────────────────────────────────────────────[0m
2026-02-23 23:43:01 | INFO    |   [1m⚙️  CONFIG[0m
2026-02-23 23:43:01 | INFO    |      Risk       [93m3.0%[0m   Lev  [93m8x[0m   MaxPos [93m7[0m
2026-02-23 23:43:01 | INFO    |      Maker TP   [92mON[0m              Maker Entry  [92mON[0m
2026-02-23 23:43:01 | INFO    |      Combos     48                Pairs  35
2026-02-23 23:43:01 | INFO    |      Uptime     1.4h
2026-02-23 23:43:01 | INFO    | [96m══════════════════════════════════════════════════════════[0m

2026-02-23 23:43:10 | INFO    | Hunter: found 31 signals on non-portfolio pairs
2026-02-23 23:44:21 | WARNING | Watchdog ALERT: Memory 504MB > 500MB limit
2026-02-23 23:45:22 | WARNING | Watchdog ALERT: Memory 508MB > 500MB limit
2026-02-23 23:46:22 | WARNING | Watchdog ALERT: Memory 513MB > 500MB limit
2026-02-23 23:47:22 | WARNING | Watchdog ALERT: Memory 517MB > 500MB limit
2026-02-23 23:48:01 | INFO    | 
[96m══════════════════════════════════════════════════════════[0m
2026-02-23 23:48:01 | INFO    |   🤖 [1m[97mv13pro LIVE DASHBOARD[0m    [91m🔴 UNHEALTHY[0m
2026-02-23 23:48:01 | INFO    |   [2m2026-02-23 12:48:01 UTC[0m   [2mSession: london[0m
2026-02-23 23:48:01 | INFO    | [96m══════════════════════════════════════════════════════════[0m
2026-02-23 23:48:01 | INFO    |   [1m💰 EQUITY[0m
2026-02-23 23:48:01 | INFO    |      Balance   [92m[1m$500.72[0m               Peak  $500.72
2026-02-23 23:48:01 | INFO    |      Growth    [92m+0.1%[0m                DD    [92m0.0%[0m
2026-02-23 23:48:01 | INFO    |      Target    $5,000       [92m██[2m░░░░░░░░░░░░░░░░░░[0m 10%
2026-02-23 23:48:01 | INFO    |      [2mPhase 2: Growth → $1K[0m
2026-02-23 23:48:01 | INFO    |   [2m──────────────────────────────────────────────────────[0m
2026-02-23 23:48:01 | INFO    |   [1m📊 TRADING[0m
2026-02-23 23:48:01 | INFO    |      Positions [97m0[0m / 7              Scans   68
2026-02-23 23:48:01 | INFO    |      Signals   0                Trades  0
2026-02-23 23:48:01 | INFO    |   [2m──────────────────────────────────────────────────────[0m
2026-02-23 23:48:01 | INFO    |   [1m🧠 INTELLIGENCE[0m
2026-02-23 23:48:01 | INFO    |      🎯 Skill     min=40  eval=3  pass=3  rej=0
2026-02-23 23:48:01 | INFO    |      📚 Learner   1 outcomes tracked
2026-02-23 23:48:01 | INFO    |      🔴 Watchdog  [91mUNHEALTHY[0m     📡 WS  74 buffers
2026-02-23 23:48:01 | INFO    |      🔭 Hunter    412 non-portfolio signals
2026-02-23 23:48:01 | INFO    |   [2m──────────────────────────────────────────────────────[0m
2026-02-23 23:48:01 | INFO    |   [1m⚙️  CONFIG[0m
2026-02-23 23:48:01 | INFO    |      Risk       [93m3.0%[0m   Lev  [93m8x[0m   MaxPos [93m7[0m
2026-02-23 23:48:01 | INFO    |      Maker TP   [92mON[0m              Maker Entry  [92mON[0m
2026-02-23 23:48:01 | INFO    |      Combos     48                Pairs  35
2026-02-23 23:48:01 | INFO    |      Uptime     1.5h
2026-02-23 23:48:01 | INFO    | [96m══════════════════════════════════════════════════════════[0m

2026-02-23 23:48:10 | DEBUG   | Hunter: 127 liquid candidates (ex-portfolio)
2026-02-23 23:48:23 | WARNING | Watchdog ALERT: Memory 525MB > 500MB limit
2026-02-23 23:48:28 | INFO    | Hunter: found 12 signals on non-portfolio pairs
2026-02-23 23:49:23 | WARNING | Watchdog ALERT: Memory 528MB > 500MB limit
2026-02-23 23:50:24 | WARNING | Watchdog ALERT: Memory 532MB > 500MB limit
2026-02-23 23:51:24 | WARNING | Watchdog ALERT: Memory 535MB > 500MB limit
2026-02-23 23:52:24 | WARNING | Watchdog ALERT: Memory 539MB > 500MB limit
2026-02-23 23:53:03 | INFO    | 
[96m══════════════════════════════════════════════════════════[0m
2026-02-23 23:53:03 | INFO    |   🤖 [1m[97mv13pro LIVE DASHBOARD[0m    [91m🔴 UNHEALTHY[0m
2026-02-23 23:53:03 | INFO    |   [2m2026-02-23 12:53:03 UTC[0m   [2mSession: london[0m
2026-02-23 23:53:03 | INFO    | [96m══════════════════════════════════════════════════════════[0m
2026-02-23 23:53:03 | INFO    |   [1m💰 EQUITY[0m
2026-02-23 23:53:03 | INFO    |      Balance   [92m[1m$500.72[0m               Peak  $500.72
2026-02-23 23:53:03 | INFO    |      Growth    [92m+0.1%[0m                DD    [92m0.0%[0m
2026-02-23 23:53:03 | INFO    |      Target    $5,000       [92m██[2m░░░░░░░░░░░░░░░░░░[0m 10%
2026-02-23 23:53:03 | INFO    |      [2mPhase 2: Growth → $1K[0m
2026-02-23 23:53:03 | INFO    |   [2m──────────────────────────────────────────────────────[0m
2026-02-23 23:53:03 | INFO    |   [1m📊 TRADING[0m
2026-02-23 23:53:03 | INFO    |      Positions [97m0[0m / 7              Scans   68
2026-02-23 23:53:03 | INFO    |      Signals   0                Trades  0
2026-02-23 23:53:03 | INFO    |   [2m──────────────────────────────────────────────────────[0m
2026-02-23 23:53:03 | INFO    |   [1m🧠 INTELLIGENCE[0m
2026-02-23 23:53:03 | INFO    |      🎯 Skill     min=40  eval=3  pass=3  rej=0
2026-02-23 23:53:03 | INFO    |      📚 Learner   1 outcomes tracked
2026-02-23 23:53:03 | INFO    |      🔴 Watchdog  [91mUNHEALTHY[0m     📡 WS  74 buffers
2026-02-23 23:53:03 | INFO    |      🔭 Hunter    424 non-portfolio signals
2026-02-23 23:53:03 | INFO    |   [2m──────────────────────────────────────────────────────[0m
2026-02-23 23:53:03 | INFO    |   [1m⚙️  CONFIG[0m
2026-02-23 23:53:03 | INFO    |      Risk       [93m3.0%[0m   Lev  [93m8x[0m   MaxPos [93m7[0m
2026-02-23 23:53:03 | INFO    |      Maker TP   [92mON[0m              Maker Entry  [92mON[0m
2026-02-23 23:53:03 | INFO    |      Combos     48                Pairs  35
2026-02-23 23:53:03 | INFO    |      Uptime     1.6h
2026-02-23 23:53:03 | INFO    | [96m══════════════════════════════════════════════════════════[0m

2026-02-23 23:53:25 | WARNING | Watchdog ALERT: Memory 543MB > 500MB limit
2026-02-23 23:53:29 | DEBUG   | Hunter: 127 liquid candidates (ex-portfolio)
2026-02-23 23:53:49 | INFO    | Hunter: found 19 signals on non-portfolio pairs
2026-02-23 23:54:25 | WARNING | Watchdog ALERT: Memory 547MB > 500MB limit
2026-02-23 23:55:25 | WARNING | Watchdog ALERT: Memory 550MB > 500MB limit
2026-02-23 23:56:26 | WARNING | Watchdog ALERT: Memory 553MB > 500MB limit
2026-02-23 23:57:26 | WARNING | Watchdog ALERT: Memory 557MB > 500MB limit
2026-02-23 23:58:21 | INFO    | 
[96m══════════════════════════════════════════════════════════[0m
2026-02-23 23:58:21 | INFO    |   🤖 [1m[97mv13pro LIVE DASHBOARD[0m    [91m🔴 UNHEALTHY[0m
2026-02-23 23:58:21 | INFO    |   [2m2026-02-23 12:58:21 UTC[0m   [2mSession: london[0m
2026-02-23 23:58:21 | INFO    | [96m══════════════════════════════════════════════════════════[0m
2026-02-23 23:58:21 | INFO    |   [1m💰 EQUITY[0m
2026-02-23 23:58:21 | INFO    |      Balance   [92m[1m$500.72[0m               Peak  $500.72
2026-02-23 23:58:21 | INFO    |      Growth    [92m+0.1%[0m                DD    [92m0.0%[0m
2026-02-23 23:58:21 | INFO    |      Target    $5,000       [92m██[2m░░░░░░░░░░░░░░░░░░[0m 10%
2026-02-23 23:58:21 | INFO    |      [2mPhase 2: Growth → $1K[0m
2026-02-23 23:58:21 | INFO    |   [2m──────────────────────────────────────────────────────[0m
2026-02-23 23:58:21 | INFO    |   [1m📊 TRADING[0m
2026-02-23 23:58:21 | INFO    |      Positions [97m0[0m / 7              Scans   68
2026-02-23 23:58:21 | INFO    |      Signals   0                Trades  0
2026-02-23 23:58:21 | INFO    |   [2m──────────────────────────────────────────────────────[0m
2026-02-23 23:58:21 | INFO    |   [1m🧠 INTELLIGENCE[0m
2026-02-23 23:58:21 | INFO    |      🎯 Skill     min=40  eval=3  pass=3  rej=0
2026-02-23 23:58:21 | INFO    |      📚 Learner   1 outcomes tracked
2026-02-23 23:58:21 | INFO    |      🔴 Watchdog  [91mUNHEALTHY[0m     📡 WS  74 buffers
2026-02-23 23:58:21 | INFO    |      🔭 Hunter    443 non-portfolio signals
2026-02-23 23:58:21 | INFO    |   [2m──────────────────────────────────────────────────────[0m
2026-02-23 23:58:21 | INFO    |   [1m⚙️  CONFIG[0m
2026-02-23 23:58:21 | INFO    |      Risk       [93m3.0%[0m   Lev  [93m8x[0m   MaxPos [93m7[0m
2026-02-23 23:58:21 | INFO    |      Maker TP   [92mON[0m              Maker Entry  [92mON[0m
2026-02-23 23:58:21 | INFO    |      Combos     48                Pairs  35
2026-02-23 23:58:21 | INFO    |      Uptime     1.7h
2026-02-23 23:58:21 | INFO    | [96m══════════════════════════════════════════════════════════[0m

2026-02-23 23:58:27 | WARNING | Watchdog ALERT: Memory 560MB > 500MB limit
2026-02-23 23:58:50 | DEBUG   | Hunter: 126 liquid candidates (ex-portfolio)
2026-02-23 23:59:07 | INFO    | Hunter: found 29 signals on non-portfolio pairs
2026-02-23 23:59:27 | WARNING | Watchdog ALERT: Memory 565MB > 500MB limit
2026-02-24 00:00:27 | WARNING | Watchdog ALERT: Memory 567MB > 500MB limit
2026-02-24 00:01:28 | WARNING | Watchdog ALERT: Memory 571MB > 500MB limit
2026-02-24 00:02:28 | WARNING | Watchdog ALERT: Memory 574MB > 500MB limit
2026-02-24 00:03:29 | WARNING | Watchdog ALERT: Memory 578MB > 500MB limit
2026-02-24 00:04:00 | INFO    | 
[96m══════════════════════════════════════════════════════════[0m
2026-02-24 00:04:00 | INFO    |   🤖 [1m[97mv13pro LIVE DASHBOARD[0m    [91m🔴 UNHEALTHY[0m
2026-02-24 00:04:00 | INFO    |   [2m2026-02-23 13:04:00 UTC[0m   [2mSession: london[0m
2026-02-24 00:04:00 | INFO    | [96m══════════════════════════════════════════════════════════[0m
2026-02-24 00:04:00 | INFO    |   [1m💰 EQUITY[0m
2026-02-24 00:04:00 | INFO    |      Balance   [92m[1m$500.72[0m               Peak  $500.72
2026-02-24 00:04:00 | INFO    |      Growth    [92m+0.1%[0m                DD    [92m0.0%[0m
2026-02-24 00:04:00 | INFO    |      Target    $5,000       [92m██[2m░░░░░░░░░░░░░░░░░░[0m 10%
2026-02-24 00:04:00 | INFO    |      [2mPhase 2: Growth → $1K[0m
2026-02-24 00:04:00 | INFO    |   [2m──────────────────────────────────────────────────────[0m
2026-02-24 00:04:00 | INFO    |   [1m📊 TRADING[0m
2026-02-24 00:04:00 | INFO    |      Positions [97m0[0m / 7              Scans   96
2026-02-24 00:04:00 | INFO    |      Signals   0                Trades  0
2026-02-24 00:04:00 | INFO    |   [2m──────────────────────────────────────────────────────[0m
2026-02-24 00:04:00 | INFO    |   [1m🧠 INTELLIGENCE[0m
2026-02-24 00:04:00 | INFO    |      🎯 Skill     min=40  eval=3  pass=3  rej=0
2026-02-24 00:04:00 | INFO    |      📚 Learner   1 outcomes tracked
2026-02-24 00:04:00 | INFO    |      🔴 Watchdog  [91mUNHEALTHY[0m     📡 WS  74 buffers
2026-02-24 00:04:00 | INFO    |      🔭 Hunter    472 non-portfolio signals
2026-02-24 00:04:00 | INFO    |   [2m──────────────────────────────────────────────────────[0m
2026-02-24 00:04:00 | INFO    |   [1m⚙️  CONFIG[0m
2026-02-24 00:04:00 | INFO    |      Risk       [93m3.0%[0m   Lev  [93m8x[0m   MaxPos [93m7[0m
2026-02-24 00:04:00 | INFO    |      Maker TP   [92mON[0m              Maker Entry  [92mON[0m
2026-02-24 00:04:00 | INFO    |      Combos     48                Pairs  35
2026-02-24 00:04:00 | INFO    |      Uptime     1.8h
2026-02-24 00:04:00 | INFO    | [96m══════════════════════════════════════════════════════════[0m

2026-02-24 00:04:08 | DEBUG   | Hunter: 127 liquid candidates (ex-portfolio)
2026-02-24 00:04:26 | INFO    | Hunter: found 24 signals on non-portfolio pairs
2026-02-24 00:04:29 | WARNING | Watchdog ALERT: Memory 584MB > 500MB limit
2026-02-24 00:05:30 | WARNING | Watchdog ALERT: Memory 585MB > 500MB limit
2026-02-24 00:06:30 | WARNING | Watchdog ALERT: Memory 589MB > 500MB limit
2026-02-24 00:07:30 | WARNING | Watchdog ALERT: Memory 591MB > 500MB limit
2026-02-24 00:08:31 | WARNING | Watchdog ALERT: Memory 595MB > 500MB limit
2026-02-24 00:09:00 | INFO    | 
[96m══════════════════════════════════════════════════════════[0m
2026-02-24 00:09:00 | INFO    |   🤖 [1m[97mv13pro LIVE DASHBOARD[0m    [91m🔴 UNHEALTHY[0m
2026-02-24 00:09:00 | INFO    |   [2m2026-02-23 13:09:00 UTC[0m   [2mSession: london[0m
2026-02-24 00:09:00 | INFO    | [96m══════════════════════════════════════════════════════════[0m
2026-02-24 00:09:00 | INFO    |   [1m💰 EQUITY[0m
2026-02-24 00:09:00 | INFO    |      Balance   [92m[1m$500.72[0m               Peak  $500.72
2026-02-24 00:09:00 | INFO    |      Growth    [92m+0.1%[0m                DD    [92m0.0%[0m
2026-02-24 00:09:00 | INFO    |      Target    $5,000       [92m██[2m░░░░░░░░░░░░░░░░░░[0m 10%
2026-02-24 00:09:00 | INFO    |      [2mPhase 2: Growth → $1K[0m
2026-02-24 00:09:00 | INFO    |   [2m──────────────────────────────────────────────────────[0m
2026-02-24 00:09:00 | INFO    |   [1m📊 TRADING[0m
2026-02-24 00:09:00 | INFO    |      Positions [97m0[0m / 7              Scans   96
2026-02-24 00:09:00 | INFO    |      Signals   0                Trades  0
2026-02-24 00:09:00 | INFO    |   [2m──────────────────────────────────────────────────────[0m
2026-02-24 00:09:00 | INFO    |   [1m🧠 INTELLIGENCE[0m
2026-02-24 00:09:00 | INFO    |      🎯 Skill     min=40  eval=3  pass=3  rej=0
2026-02-24 00:09:00 | INFO    |      📚 Learner   1 outcomes tracked
2026-02-24 00:09:00 | INFO    |      🔴 Watchdog  [91mUNHEALTHY[0m     📡 WS  74 buffers
2026-02-24 00:09:00 | INFO    |      🔭 Hunter    496 non-portfolio signals
2026-02-24 00:09:00 | INFO    |   [2m──────────────────────────────────────────────────────[0m
2026-02-24 00:09:00 | INFO    |   [1m⚙️  CONFIG[0m
2026-02-24 00:09:00 | INFO    |      Risk       [93m3.0%[0m   Lev  [93m8x[0m   MaxPos [93m7[0m
2026-02-24 00:09:00 | INFO    |      Maker TP   [92mON[0m              Maker Entry  [92mON[0m
2026-02-24 00:09:00 | INFO    |      Combos     48                Pairs  35
2026-02-24 00:09:00 | INFO    |      Uptime     1.9h
2026-02-24 00:09:00 | INFO    | [96m══════════════════════════════════════════════════════════[0m

2026-02-24 00:09:27 | DEBUG   | Hunter: 126 liquid candidates (ex-portfolio)
2026-02-24 00:09:31 | WARNING | Watchdog ALERT: Memory 602MB > 500MB limit
2026-02-24 00:09:45 | INFO    | Hunter: found 23 signals on non-portfolio pairs
2026-02-24 00:10:32 | WARNING | Watchdog ALERT: Memory 603MB > 500MB limit
2026-02-24 00:11:32 | WARNING | Watchdog ALERT: Memory 606MB > 500MB limit
2026-02-24 00:12:33 | WARNING | Watchdog ALERT: Memory 608MB > 500MB limit
2026-02-24 00:13:33 | WARNING | Watchdog ALERT: Memory 611MB > 500MB limit
2026-02-24 00:14:00 | INFO    | 
[96m══════════════════════════════════════════════════════════[0m
2026-02-24 00:14:00 | INFO    |   🤖 [1m[97mv13pro LIVE DASHBOARD[0m    [91m🔴 UNHEALTHY[0m
2026-02-24 00:14:00 | INFO    |   [2m2026-02-23 13:14:00 UTC[0m   [2mSession: london[0m
2026-02-24 00:14:00 | INFO    | [96m══════════════════════════════════════════════════════════[0m
2026-02-24 00:14:00 | INFO    |   [1m💰 EQUITY[0m
2026-02-24 00:14:00 | INFO    |      Balance   [92m[1m$500.72[0m               Peak  $500.72
2026-02-24 00:14:00 | INFO    |      Growth    [92m+0.1%[0m                DD    [92m0.0%[0m
2026-02-24 00:14:00 | INFO    |      Target    $5,000       [92m██[2m░░░░░░░░░░░░░░░░░░[0m 10%
2026-02-24 00:14:00 | INFO    |      [2mPhase 2: Growth → $1K[0m
2026-02-24 00:14:00 | INFO    |   [2m──────────────────────────────────────────────────────[0m
2026-02-24 00:14:00 | INFO    |   [1m📊 TRADING[0m
2026-02-24 00:14:00 | INFO    |      Positions [97m0[0m / 7              Scans   96
2026-02-24 00:14:00 | INFO    |      Signals   0                Trades  0
2026-02-24 00:14:00 | INFO    |   [2m──────────────────────────────────────────────────────[0m
2026-02-24 00:14:00 | INFO    |   [1m🧠 INTELLIGENCE[0m
2026-02-24 00:14:00 | INFO    |      🎯 Skill     min=40  eval=3  pass=3  rej=0
2026-02-24 00:14:00 | INFO    |      📚 Learner   1 outcomes tracked
2026-02-24 00:14:00 | INFO    |      🔴 Watchdog  [91mUNHEALTHY[0m     📡 WS  74 buffers
2026-02-24 00:14:00 | INFO    |      🔭 Hunter    519 non-portfolio signals
2026-02-24 00:14:00 | INFO    |   [2m──────────────────────────────────────────────────────[0m
2026-02-24 00:14:00 | INFO    |   [1m⚙️  CONFIG[0m
2026-02-24 00:14:00 | INFO    |      Risk       [93m3.0%[0m   Lev  [93m8x[0m   MaxPos [93m7[0m
2026-02-24 00:14:00 | INFO    |      Maker TP   [92mON[0m              Maker Entry  [92mON[0m
2026-02-24 00:14:00 | INFO    |      Combos     48                Pairs  35
2026-02-24 00:14:00 | INFO    |      Uptime     1.9h
2026-02-24 00:14:00 | INFO    | [96m══════════════════════════════════════════════════════════[0m

2026-02-24 00:14:34 | WARNING | Watchdog ALERT: Memory 615MB > 500MB limit
2026-02-24 00:14:46 | DEBUG   | Hunter: 128 liquid candidates (ex-portfolio)
2026-02-24 00:15:04 | INFO    | Hunter: found 31 signals on non-portfolio pairs
2026-02-24 00:15:34 | WARNING | Watchdog ALERT: Memory 619MB > 500MB limit
2026-02-24 00:16:34 | WARNING | Watchdog ALERT: Memory 622MB > 500MB limit
2026-02-24 00:17:35 | WARNING | Watchdog ALERT: Memory 625MB > 500MB limit
2026-02-24 00:18:35 | WARNING | Watchdog ALERT: Memory 629MB > 500MB limit
2026-02-24 00:19:00 | INFO    | 
[96m══════════════════════════════════════════════════════════[0m
2026-02-24 00:19:00 | INFO    |   🤖 [1m[97mv13pro LIVE DASHBOARD[0m    [91m🔴 UNHEALTHY[0m
2026-02-24 00:19:00 | INFO    |   [2m2026-02-23 13:19:00 UTC[0m   [2mSession: london[0m
2026-02-24 00:19:00 | INFO    | [96m══════════════════════════════════════════════════════════[0m
2026-02-24 00:19:00 | INFO    |   [1m💰 EQUITY[0m
2026-02-24 00:19:00 | INFO    |      Balance   [92m[1m$500.72[0m               Peak  $500.72
2026-02-24 00:19:00 | INFO    |      Growth    [92m+0.1%[0m                DD    [92m0.0%[0m
2026-02-24 00:19:00 | INFO    |      Target    $5,000       [92m██[2m░░░░░░░░░░░░░░░░░░[0m 10%
2026-02-24 00:19:00 | INFO    |      [2mPhase 2: Growth → $1K[0m
2026-02-24 00:19:00 | INFO    |   [2m──────────────────────────────────────────────────────[0m
2026-02-24 00:19:00 | INFO    |   [1m📊 TRADING[0m
2026-02-24 00:19:00 | INFO    |      Positions [97m0[0m / 7              Scans   107
2026-02-24 00:19:00 | INFO    |      Signals   0                Trades  0
2026-02-24 00:19:00 | INFO    |   [2m──────────────────────────────────────────────────────[0m
2026-02-24 00:19:00 | INFO    |   [1m🧠 INTELLIGENCE[0m
2026-02-24 00:19:00 | INFO    |      🎯 Skill     min=40  eval=3  pass=3  rej=0
2026-02-24 00:19:00 | INFO    |      📚 Learner   1 outcomes tracked
2026-02-24 00:19:00 | INFO    |      🔴 Watchdog  [91mUNHEALTHY[0m     📡 WS  74 buffers
2026-02-24 00:19:00 | INFO    |      🔭 Hunter    550 non-portfolio signals
2026-02-24 00:19:00 | INFO    |   [2m──────────────────────────────────────────────────────[0m
2026-02-24 00:19:00 | INFO    |   [1m⚙️  CONFIG[0m
2026-02-24 00:19:00 | INFO    |      Risk       [93m3.0%[0m   Lev  [93m8x[0m   MaxPos [93m7[0m
2026-02-24 00:19:00 | INFO    |      Maker TP   [92mON[0m              Maker Entry  [92mON[0m
2026-02-24 00:19:00 | INFO    |      Combos     48                Pairs  35
2026-02-24 00:19:00 | INFO    |      Uptime     2.0h
2026-02-24 00:19:00 | INFO    | [96m══════════════════════════════════════════════════════════[0m

2026-02-24 00:19:36 | WARNING | Watchdog ALERT: Memory 633MB > 500MB limit
2026-02-24 00:20:04 | DEBUG   | Hunter: 126 liquid candidates (ex-portfolio)
2026-02-24 00:20:24 | INFO    | Hunter: found 34 signals on non-portfolio pairs
2026-02-24 00:20:36 | WARNING | Watchdog ALERT: Memory 638MB > 500MB limit
2026-02-24 00:21:37 | WARNING | Watchdog ALERT: Memory 640MB > 500MB limit
2026-02-24 00:22:37 | WARNING | Watchdog ALERT: Memory 642MB > 500MB limit
2026-02-24 00:23:38 | WARNING | Watchdog ALERT: Memory 645MB > 500MB limit
2026-02-24 00:24:00 | INFO    | 
[96m══════════════════════════════════════════════════════════[0m
2026-02-24 00:24:00 | INFO    |   🤖 [1m[97mv13pro LIVE DASHBOARD[0m    [91m🔴 UNHEALTHY[0m
2026-02-24 00:24:00 | INFO    |   [2m2026-02-23 13:24:00 UTC[0m   [2mSession: london[0m
2026-02-24 00:24:00 | INFO    | [96m══════════════════════════════════════════════════════════[0m
2026-02-24 00:24:00 | INFO    |   [1m💰 EQUITY[0m
2026-02-24 00:24:00 | INFO    |      Balance   [92m[1m$500.72[0m               Peak  $500.72
2026-02-24 00:24:00 | INFO    |      Growth    [92m+0.1%[0m                DD    [92m0.0%[0m
2026-02-24 00:24:00 | INFO    |      Target    $5,000       [92m██[2m░░░░░░░░░░░░░░░░░░[0m 10%
2026-02-24 00:24:00 | INFO    |      [2mPhase 2: Growth → $1K[0m
2026-02-24 00:24:00 | INFO    |   [2m──────────────────────────────────────────────────────[0m
2026-02-24 00:24:00 | INFO    |   [1m📊 TRADING[0m
2026-02-24 00:24:00 | INFO    |      Positions [97m0[0m / 7              Scans   107
2026-02-24 00:24:00 | INFO    |      Signals   0                Trades  0
2026-02-24 00:24:00 | INFO    |   [2m──────────────────────────────────────────────────────[0m
2026-02-24 00:24:00 | INFO    |   [1m🧠 INTELLIGENCE[0m
2026-02-24 00:24:00 | INFO    |      🎯 Skill     min=40  eval=3  pass=3  rej=0
2026-02-24 00:24:00 | INFO    |      📚 Learner   1 outcomes tracked
2026-02-24 00:24:00 | INFO    |      🔴 Watchdog  [91mUNHEALTHY[0m     📡 WS  74 buffers
2026-02-24 00:24:00 | INFO    |      🔭 Hunter    584 non-portfolio signals
2026-02-24 00:24:00 | INFO    |   [2m──────────────────────────────────────────────────────[0m
2026-02-24 00:24:00 | INFO    |   [1m⚙️  CONFIG[0m
2026-02-24 00:24:00 | INFO    |      Risk       [93m3.0%[0m   Lev  [93m8x[0m   MaxPos [93m7[0m
2026-02-24 00:24:00 | INFO    |      Maker TP   [92mON[0m              Maker Entry  [92mON[0m
2026-02-24 00:24:00 | INFO    |      Combos     48                Pairs  35
2026-02-24 00:24:00 | INFO    |      Uptime     2.1h
2026-02-24 00:24:00 | INFO    | [96m══════════════════════════════════════════════════════════[0m

2026-02-24 00:24:38 | WARNING | Watchdog ALERT: Memory 648MB > 500MB limit
2026-02-24 00:25:24 | DEBUG   | Hunter: 127 liquid candidates (ex-portfolio)
2026-02-24 00:25:39 | WARNING | Watchdog ALERT: Memory 654MB > 500MB limit
2026-02-24 00:25:42 | INFO    | Hunter: found 30 signals on non-portfolio pairs
2026-02-24 00:26:39 | WARNING | Watchdog ALERT: Memory 654MB > 500MB limit
2026-02-24 00:27:40 | WARNING | Watchdog ALERT: Memory 657MB > 500MB limit
2026-02-24 00:28:40 | WARNING | Watchdog ALERT: Memory 660MB > 500MB limit
2026-02-24 00:29:00 | INFO    | 
[96m══════════════════════════════════════════════════════════[0m
2026-02-24 00:29:00 | INFO    |   🤖 [1m[97mv13pro LIVE DASHBOARD[0m    [91m🔴 UNHEALTHY[0m
2026-02-24 00:29:00 | INFO    |   [2m2026-02-23 13:29:00 UTC[0m   [2mSession: london[0m
2026-02-24 00:29:00 | INFO    | [96m══════════════════════════════════════════════════════════[0m
2026-02-24 00:29:00 | INFO    |   [1m💰 EQUITY[0m
2026-02-24 00:29:00 | INFO    |      Balance   [92m[1m$500.72[0m               Peak  $500.72
2026-02-24 00:29:00 | INFO    |      Growth    [92m+0.1%[0m                DD    [92m0.0%[0m
2026-02-24 00:29:00 | INFO    |      Target    $5,000       [92m██[2m░░░░░░░░░░░░░░░░░░[0m 10%
2026-02-24 00:29:00 | INFO    |      [2mPhase 2: Growth → $1K[0m
2026-02-24 00:29:00 | INFO    |   [2m──────────────────────────────────────────────────────[0m
2026-02-24 00:29:00 | INFO    |   [1m📊 TRADING[0m
2026-02-24 00:29:00 | INFO    |      Positions [97m0[0m / 7              Scans   107
2026-02-24 00:29:00 | INFO    |      Signals   0                Trades  0
2026-02-24 00:29:00 | INFO    |   [2m──────────────────────────────────────────────────────[0m
2026-02-24 00:29:00 | INFO    |   [1m🧠 INTELLIGENCE[0m
2026-02-24 00:29:00 | INFO    |      🎯 Skill     min=40  eval=3  pass=3  rej=0
2026-02-24 00:29:00 | INFO    |      📚 Learner   1 outcomes tracked
2026-02-24 00:29:00 | INFO    |      🔴 Watchdog  [91mUNHEALTHY[0m     📡 WS  74 buffers
2026-02-24 00:29:00 | INFO    |      🔭 Hunter    614 non-portfolio signals
2026-02-24 00:29:00 | INFO    |   [2m──────────────────────────────────────────────────────[0m
2026-02-24 00:29:00 | INFO    |   [1m⚙️  CONFIG[0m
2026-02-24 00:29:00 | INFO    |      Risk       [93m3.0%[0m   Lev  [93m8x[0m   MaxPos [93m7[0m
2026-02-24 00:29:00 | INFO    |      Maker TP   [92mON[0m              Maker Entry  [92mON[0m
2026-02-24 00:29:00 | INFO    |      Combos     48                Pairs  35
2026-02-24 00:29:00 | INFO    |      Uptime     2.2h
2026-02-24 00:29:00 | INFO    | [96m══════════════════════════════════════════════════════════[0m

2026-02-24 00:29:41 | WARNING | Watchdog ALERT: Memory 663MB > 500MB limit
2026-02-24 00:30:41 | WARNING | Watchdog ALERT: Memory 666MB > 500MB limit
2026-02-24 00:30:43 | DEBUG   | Hunter: 126 liquid candidates (ex-portfolio)
2026-02-24 00:31:00 | INFO    | Hunter: found 28 signals on non-portfolio pairs
2026-02-24 00:31:42 | WARNING | Watchdog ALERT: Memory 671MB > 500MB limit
2026-02-24 00:32:42 | WARNING | Watchdog ALERT: Memory 674MB > 500MB limit
2026-02-24 00:33:43 | WARNING | Watchdog ALERT: Memory 677MB > 500MB limit
2026-02-24 00:34:00 | INFO    | 
[96m══════════════════════════════════════════════════════════[0m
2026-02-24 00:34:00 | INFO    |   🤖 [1m[97mv13pro LIVE DASHBOARD[0m    [91m🔴 UNHEALTHY[0m
2026-02-24 00:34:00 | INFO    |   [2m2026-02-23 13:34:00 UTC[0m   [2mSession: london[0m
2026-02-24 00:34:00 | INFO    | [96m══════════════════════════════════════════════════════════[0m
2026-02-24 00:34:00 | INFO    |   [1m💰 EQUITY[0m
2026-02-24 00:34:00 | INFO    |      Balance   [92m[1m$500.72[0m               Peak  $500.72
2026-02-24 00:34:00 | INFO    |      Growth    [92m+0.1%[0m                DD    [92m0.0%[0m
2026-02-24 00:34:00 | INFO    |      Target    $5,000       [92m██[2m░░░░░░░░░░░░░░░░░░[0m 10%
2026-02-24 00:34:00 | INFO    |      [2mPhase 2: Growth → $1K[0m
2026-02-24 00:34:00 | INFO    |   [2m──────────────────────────────────────────────────────[0m
2026-02-24 00:34:00 | INFO    |   [1m📊 TRADING[0m
2026-02-24 00:34:00 | INFO    |      Positions [97m0[0m / 7              Scans   124
2026-02-24 00:34:00 | INFO    |      Signals   0                Trades  0
2026-02-24 00:34:00 | INFO    |   [2m──────────────────────────────────────────────────────[0m
2026-02-24 00:34:00 | INFO    |   [1m🧠 INTELLIGENCE[0m
2026-02-24 00:34:00 | INFO    |      🎯 Skill     min=40  eval=3  pass=3  rej=0
2026-02-24 00:34:00 | INFO    |      📚 Learner   1 outcomes tracked
2026-02-24 00:34:00 | INFO    |      🔴 Watchdog  [91mUNHEALTHY[0m     📡 WS  74 buffers
2026-02-24 00:34:00 | INFO    |      🔭 Hunter    642 non-portfolio signals
2026-02-24 00:34:00 | INFO    |   [2m──────────────────────────────────────────────────────[0m
2026-02-24 00:34:00 | INFO    |   [1m⚙️  CONFIG[0m
2026-02-24 00:34:00 | INFO    |      Risk       [93m3.0%[0m   Lev  [93m8x[0m   MaxPos [93m7[0m
2026-02-24 00:34:00 | INFO    |      Maker TP   [92mON[0m              Maker Entry  [92mON[0m
2026-02-24 00:34:00 | INFO    |      Combos     48                Pairs  35
2026-02-24 00:34:00 | INFO    |      Uptime     2.3h
2026-02-24 00:34:00 | INFO    | [96m══════════════════════════════════════════════════════════[0m

2026-02-24 00:34:43 | WARNING | Watchdog ALERT: Memory 680MB > 500MB limit
2026-02-24 00:35:44 | WARNING | Watchdog ALERT: Memory 683MB > 500MB limit
2026-02-24 00:36:01 | DEBUG   | Hunter: 127 liquid candidates (ex-portfolio)
2026-02-24 00:36:18 | INFO    | Hunter: found 32 signals on non-portfolio pairs
2026-02-24 00:36:44 | WARNING | Watchdog ALERT: Memory 688MB > 500MB limit
2026-02-24 00:37:45 | WARNING | Watchdog ALERT: Memory 691MB > 500MB limit
2026-02-24 00:38:45 | WARNING | Watchdog ALERT: Memory 693MB > 500MB limit
2026-02-24 00:39:00 | INFO    | 
[96m══════════════════════════════════════════════════════════[0m
2026-02-24 00:39:00 | INFO    |   🤖 [1m[97mv13pro LIVE DASHBOARD[0m    [91m🔴 UNHEALTHY[0m
2026-02-24 00:39:00 | INFO    |   [2m2026-02-23 13:39:00 UTC[0m   [2mSession: london[0m
2026-02-24 00:39:00 | INFO    | [96m══════════════════════════════════════════════════════════[0m
2026-02-24 00:39:00 | INFO    |   [1m💰 EQUITY[0m
2026-02-24 00:39:00 | INFO    |      Balance   [92m[1m$500.72[0m               Peak  $500.72
2026-02-24 00:39:00 | INFO    |      Growth    [92m+0.1%[0m                DD    [92m0.0%[0m
2026-02-24 00:39:00 | INFO    |      Target    $5,000       [92m██[2m░░░░░░░░░░░░░░░░░░[0m 10%
2026-02-24 00:39:00 | INFO    |      [2mPhase 2: Growth → $1K[0m
2026-02-24 00:39:00 | INFO    |   [2m──────────────────────────────────────────────────────[0m
2026-02-24 00:39:00 | INFO    |   [1m📊 TRADING[0m
2026-02-24 00:39:00 | INFO    |      Positions [97m0[0m / 7              Scans   124
2026-02-24 00:39:00 | INFO    |      Signals   0                Trades  0
2026-02-24 00:39:00 | INFO    |   [2m──────────────────────────────────────────────────────[0m
2026-02-24 00:39:00 | INFO    |   [1m🧠 INTELLIGENCE[0m
2026-02-24 00:39:00 | INFO    |      🎯 Skill     min=40  eval=3  pass=3  rej=0
2026-02-24 00:39:00 | INFO    |      📚 Learner   1 outcomes tracked
2026-02-24 00:39:00 | INFO    |      🔴 Watchdog  [91mUNHEALTHY[0m     📡 WS  74 buffers
2026-02-24 00:39:00 | INFO    |      🔭 Hunter    674 non-portfolio signals
2026-02-24 00:39:00 | INFO    |   [2m──────────────────────────────────────────────────────[0m
2026-02-24 00:39:00 | INFO    |   [1m⚙️  CONFIG[0m
2026-02-24 00:39:00 | INFO    |      Risk       [93m3.0%[0m   Lev  [93m8x[0m   MaxPos [93m7[0m
2026-02-24 00:39:00 | INFO    |      Maker TP   [92mON[0m              Maker Entry  [92mON[0m
2026-02-24 00:39:00 | INFO    |      Combos     48                Pairs  35
2026-02-24 00:39:00 | INFO    |      Uptime     2.4h
2026-02-24 00:39:00 | INFO    | [96m══════════════════════════════════════════════════════════[0m

2026-02-24 00:39:46 | WARNING | Watchdog ALERT: Memory 696MB > 500MB limit
2026-02-24 00:40:47 | WARNING | Watchdog ALERT: Memory 700MB > 500MB limit
2026-02-24 00:41:19 | DEBUG   | Hunter: 126 liquid candidates (ex-portfolio)
2026-02-24 00:41:38 | INFO    | Hunter: found 32 signals on non-portfolio pairs
2026-02-24 00:41:47 | WARNING | Watchdog ALERT: Memory 705MB > 500MB limit
2026-02-24 00:42:48 | WARNING | Watchdog ALERT: Memory 707MB > 500MB limit
2026-02-24 00:43:48 | WARNING | Watchdog ALERT: Memory 713MB > 500MB limit
2026-02-24 00:44:00 | INFO    | 
[96m══════════════════════════════════════════════════════════[0m
2026-02-24 00:44:00 | INFO    |   🤖 [1m[97mv13pro LIVE DASHBOARD[0m    [91m🔴 UNHEALTHY[0m
2026-02-24 00:44:00 | INFO    |   [2m2026-02-23 13:44:00 UTC[0m   [2mSession: london[0m
2026-02-24 00:44:00 | INFO    | [96m══════════════════════════════════════════════════════════[0m
2026-02-24 00:44:00 | INFO    |   [1m💰 EQUITY[0m
2026-02-24 00:44:00 | INFO    |      Balance   [92m[1m$500.72[0m               Peak  $500.72
2026-02-24 00:44:00 | INFO    |      Growth    [92m+0.1%[0m                DD    [92m0.0%[0m
2026-02-24 00:44:00 | INFO    |      Target    $5,000       [92m██[2m░░░░░░░░░░░░░░░░░░[0m 10%
2026-02-24 00:44:00 | INFO    |      [2mPhase 2: Growth → $1K[0m
2026-02-24 00:44:00 | INFO    |   [2m──────────────────────────────────────────────────────[0m
2026-02-24 00:44:00 | INFO    |   [1m📊 TRADING[0m
2026-02-24 00:44:00 | INFO    |      Positions [97m0[0m / 7              Scans   124
2026-02-24 00:44:00 | INFO    |      Signals   0                Trades  0
2026-02-24 00:44:00 | INFO    |   [2m──────────────────────────────────────────────────────[0m
2026-02-24 00:44:00 | INFO    |   [1m🧠 INTELLIGENCE[0m
2026-02-24 00:44:00 | INFO    |      🎯 Skill     min=40  eval=3  pass=3  rej=0
2026-02-24 00:44:00 | INFO    |      📚 Learner   1 outcomes tracked
2026-02-24 00:44:00 | INFO    |      🔴 Watchdog  [91mUNHEALTHY[0m     📡 WS  74 buffers
2026-02-24 00:44:00 | INFO    |      🔭 Hunter    706 non-portfolio signals
2026-02-24 00:44:00 | INFO    |   [2m──────────────────────────────────────────────────────[0m
2026-02-24 00:44:00 | INFO    |   [1m⚙️  CONFIG[0m
2026-02-24 00:44:00 | INFO    |      Risk       [93m3.0%[0m   Lev  [93m8x[0m   MaxPos [93m7[0m
2026-02-24 00:44:00 | INFO    |      Maker TP   [92mON[0m              Maker Entry  [92mON[0m
2026-02-24 00:44:00 | INFO    |      Combos     48                Pairs  35
2026-02-24 00:44:00 | INFO    |      Uptime     2.4h
2026-02-24 00:44:00 | INFO    | [96m══════════════════════════════════════════════════════════[0m

2026-02-24 00:44:49 | WARNING | Watchdog ALERT: Memory 717MB > 500MB limit
2026-02-24 00:45:49 | WARNING | Watchdog ALERT: Memory 721MB > 500MB limit
2026-02-24 00:46:38 | DEBUG   | Hunter: 125 liquid candidates (ex-portfolio)
2026-02-24 00:46:50 | WARNING | Watchdog ALERT: Memory 727MB > 500MB limit
2026-02-24 00:46:57 | INFO    | Hunter: found 22 signals on non-portfolio pairs
2026-02-24 00:47:51 | WARNING | Watchdog ALERT: Memory 729MB > 500MB limit
2026-02-24 00:48:51 | WARNING | Watchdog ALERT: Memory 732MB > 500MB limit
2026-02-24 00:49:00 | INFO    | 
[96m══════════════════════════════════════════════════════════[0m
2026-02-24 00:49:00 | INFO    |   🤖 [1m[97mv13pro LIVE DASHBOARD[0m    [91m🔴 UNHEALTHY[0m
2026-02-24 00:49:00 | INFO    |   [2m2026-02-23 13:49:00 UTC[0m   [2mSession: london[0m
2026-02-24 00:49:00 | INFO    | [96m══════════════════════════════════════════════════════════[0m
2026-02-24 00:49:00 | INFO    |   [1m💰 EQUITY[0m
2026-02-24 00:49:00 | INFO    |      Balance   [92m[1m$500.72[0m               Peak  $500.72
2026-02-24 00:49:00 | INFO    |      Growth    [92m+0.1%[0m                DD    [92m0.0%[0m
2026-02-24 00:49:00 | INFO    |      Target    $5,000       [92m██[2m░░░░░░░░░░░░░░░░░░[0m 10%
2026-02-24 00:49:00 | INFO    |      [2mPhase 2: Growth → $1K[0m
2026-02-24 00:49:00 | INFO    |   [2m──────────────────────────────────────────────────────[0m
2026-02-24 00:49:00 | INFO    |   [1m📊 TRADING[0m
2026-02-24 00:49:00 | INFO    |      Positions [97m0[0m / 7              Scans   133
2026-02-24 00:49:00 | INFO    |      Signals   0                Trades  0
2026-02-24 00:49:00 | INFO    |   [2m──────────────────────────────────────────────────────[0m
2026-02-24 00:49:00 | INFO    |   [1m🧠 INTELLIGENCE[0m
2026-02-24 00:49:00 | INFO    |      🎯 Skill     min=40  eval=3  pass=3  rej=0
2026-02-24 00:49:00 | INFO    |      📚 Learner   1 outcomes tracked
2026-02-24 00:49:00 | INFO    |      🔴 Watchdog  [91mUNHEALTHY[0m     📡 WS  74 buffers
2026-02-24 00:49:00 | INFO    |      🔭 Hunter    728 non-portfolio signals
2026-02-24 00:49:00 | INFO    |   [2m──────────────────────────────────────────────────────[0m
2026-02-24 00:49:00 | INFO    |   [1m⚙️  CONFIG[0m
2026-02-24 00:49:00 | INFO    |      Risk       [93m3.0%[0m   Lev  [93m8x[0m   MaxPos [93m7[0m
2026-02-24 00:49:00 | INFO    |      Maker TP   [92mON[0m              Maker Entry  [92mON[0m
2026-02-24 00:49:00 | INFO    |      Combos     48                Pairs  35
2026-02-24 00:49:00 | INFO    |      Uptime     2.5h
2026-02-24 00:49:00 | INFO    | [96m══════════════════════════════════════════════════════════[0m

2026-02-24 00:49:52 | WARNING | Watchdog ALERT: Memory 735MB > 500MB limit
2026-02-24 00:50:52 | WARNING | Watchdog ALERT: Memory 739MB > 500MB limit
2026-02-24 00:51:53 | WARNING | Watchdog ALERT: Memory 742MB > 500MB limit
2026-02-24 00:51:58 | DEBUG   | Hunter: 123 liquid candidates (ex-portfolio)
2026-02-24 00:52:17 | INFO    | Hunter: found 30 signals on non-portfolio pairs
2026-02-24 00:52:53 | WARNING | Watchdog ALERT: Memory 746MB > 500MB limit
2026-02-24 00:53:54 | WARNING | Watchdog ALERT: Memory 750MB > 500MB limit
2026-02-24 00:54:00 | INFO    | 
[96m══════════════════════════════════════════════════════════[0m
2026-02-24 00:54:00 | INFO    |   🤖 [1m[97mv13pro LIVE DASHBOARD[0m    [91m🔴 UNHEALTHY[0m
2026-02-24 00:54:00 | INFO    |   [2m2026-02-23 13:54:00 UTC[0m   [2mSession: london[0m
2026-02-24 00:54:00 | INFO    | [96m══════════════════════════════════════════════════════════[0m
2026-02-24 00:54:00 | INFO    |   [1m💰 EQUITY[0m
2026-02-24 00:54:00 | INFO    |      Balance   [92m[1m$500.72[0m               Peak  $500.72
2026-02-24 00:54:00 | INFO    |      Growth    [92m+0.1%[0m                DD    [92m0.0%[0m
2026-02-24 00:54:00 | INFO    |      Target    $5,000       [92m██[2m░░░░░░░░░░░░░░░░░░[0m 10%
2026-02-24 00:54:00 | INFO    |      [2mPhase 2: Growth → $1K[0m
2026-02-24 00:54:00 | INFO    |   [2m──────────────────────────────────────────────────────[0m
2026-02-24 00:54:00 | INFO    |   [1m📊 TRADING[0m
2026-02-24 00:54:00 | INFO    |      Positions [97m0[0m / 7              Scans   133
2026-02-24 00:54:00 | INFO    |      Signals   0                Trades  0
2026-02-24 00:54:00 | INFO    |   [2m──────────────────────────────────────────────────────[0m
2026-02-24 00:54:00 | INFO    |   [1m🧠 INTELLIGENCE[0m
2026-02-24 00:54:00 | INFO    |      🎯 Skill     min=40  eval=3  pass=3  rej=0
2026-02-24 00:54:00 | INFO    |      📚 Learner   1 outcomes tracked
2026-02-24 00:54:00 | INFO    |      🔴 Watchdog  [91mUNHEALTHY[0m     📡 WS  74 buffers
2026-02-24 00:54:00 | INFO    |      🔭 Hunter    758 non-portfolio signals
2026-02-24 00:54:00 | INFO    |   [2m──────────────────────────────────────────────────────[0m
2026-02-24 00:54:00 | INFO    |   [1m⚙️  CONFIG[0m
2026-02-24 00:54:00 | INFO    |      Risk       [93m3.0%[0m   Lev  [93m8x[0m   MaxPos [93m7[0m
2026-02-24 00:54:00 | INFO    |      Maker TP   [92mON[0m              Maker Entry  [92mON[0m
2026-02-24 00:54:00 | INFO    |      Combos     48                Pairs  35
2026-02-24 00:54:00 | INFO    |      Uptime     2.6h
2026-02-24 00:54:00 | INFO    | [96m══════════════════════════════════════════════════════════[0m

2026-02-24 00:54:54 | WARNING | Watchdog ALERT: Memory 752MB > 500MB limit
2026-02-24 00:55:55 | WARNING | Watchdog ALERT: Memory 757MB > 500MB limit
2026-02-24 00:56:56 | WARNING | Watchdog ALERT: Memory 760MB > 500MB limit
2026-02-24 00:57:17 | DEBUG   | Hunter: 123 liquid candidates (ex-portfolio)
2026-02-24 00:57:36 | INFO    | Hunter: found 34 signals on non-portfolio pairs
2026-02-24 00:57:56 | WARNING | Watchdog ALERT: Memory 766MB > 500MB limit
2026-02-24 00:58:57 | WARNING | Watchdog ALERT: Memory 769MB > 500MB limit
2026-02-24 00:59:00 | INFO    | 
[96m══════════════════════════════════════════════════════════[0m
2026-02-24 00:59:00 | INFO    |   🤖 [1m[97mv13pro LIVE DASHBOARD[0m    [91m🔴 UNHEALTHY[0m
2026-02-24 00:59:00 | INFO    |   [2m2026-02-23 13:59:00 UTC[0m   [2mSession: london[0m
2026-02-24 00:59:00 | INFO    | [96m══════════════════════════════════════════════════════════[0m
2026-02-24 00:59:00 | INFO    |   [1m💰 EQUITY[0m
2026-02-24 00:59:00 | INFO    |      Balance   [92m[1m$500.72[0m               Peak  $500.72
2026-02-24 00:59:00 | INFO    |      Growth    [92m+0.1%[0m                DD    [92m0.0%[0m
2026-02-24 00:59:00 | INFO    |      Target    $5,000       [92m██[2m░░░░░░░░░░░░░░░░░░[0m 10%
2026-02-24 00:59:00 | INFO    |      [2mPhase 2: Growth → $1K[0m
2026-02-24 00:59:00 | INFO    |   [2m──────────────────────────────────────────────────────[0m
2026-02-24 00:59:00 | INFO    |   [1m📊 TRADING[0m
2026-02-24 00:59:00 | INFO    |      Positions [97m0[0m / 7              Scans   133
2026-02-24 00:59:00 | INFO    |      Signals   0                Trades  0
2026-02-24 00:59:00 | INFO    |   [2m──────────────────────────────────────────────────────[0m
2026-02-24 00:59:00 | INFO    |   [1m🧠 INTELLIGENCE[0m
2026-02-24 00:59:00 | INFO    |      🎯 Skill     min=40  eval=3  pass=3  rej=0
2026-02-24 00:59:00 | INFO    |      📚 Learner   1 outcomes tracked
2026-02-24 00:59:00 | INFO    |      🔴 Watchdog  [91mUNHEALTHY[0m     📡 WS  74 buffers
2026-02-24 00:59:00 | INFO    |      🔭 Hunter    792 non-portfolio signals
2026-02-24 00:59:00 | INFO    |   [2m──────────────────────────────────────────────────────[0m
2026-02-24 00:59:00 | INFO    |   [1m⚙️  CONFIG[0m
2026-02-24 00:59:00 | INFO    |      Risk       [93m3.0%[0m   Lev  [93m8x[0m   MaxPos [93m7[0m
2026-02-24 00:59:00 | INFO    |      Maker TP   [92mON[0m              Maker Entry  [92mON[0m
2026-02-24 00:59:00 | INFO    |      Combos     48                Pairs  35
2026-02-24 00:59:00 | INFO    |      Uptime     2.7h
2026-02-24 00:59:00 | INFO    | [96m══════════════════════════════════════════════════════════[0m

2026-02-24 00:59:58 | WARNING | Watchdog ALERT: Memory 772MB > 500MB limit
2026-02-24 01:00:58 | WARNING | Watchdog ALERT: Memory 776MB > 500MB limit
2026-02-24 01:01:59 | WARNING | Watchdog ALERT: Memory 780MB > 500MB limit
2026-02-24 01:02:36 | DEBUG   | Hunter: 124 liquid candidates (ex-portfolio)
2026-02-24 01:02:55 | INFO    | Hunter: found 22 signals on non-portfolio pairs
2026-02-24 01:02:59 | WARNING | Watchdog ALERT: Memory 785MB > 500MB limit
2026-02-24 01:04:00 | WARNING | Watchdog ALERT: Memory 788MB > 500MB limit
2026-02-24 01:04:00 | INFO    | 
[96m══════════════════════════════════════════════════════════[0m
2026-02-24 01:04:00 | INFO    |   🤖 [1m[97mv13pro LIVE DASHBOARD[0m    [91m🔴 UNHEALTHY[0m
2026-02-24 01:04:00 | INFO    |   [2m2026-02-23 14:04:00 UTC[0m   [2mSession: london[0m
2026-02-24 01:04:00 | INFO    | [96m══════════════════════════════════════════════════════════[0m
2026-02-24 01:04:00 | INFO    |   [1m💰 EQUITY[0m
2026-02-24 01:04:00 | INFO    |      Balance   [92m[1m$500.72[0m               Peak  $500.72
2026-02-24 01:04:00 | INFO    |      Growth    [92m+0.1%[0m                DD    [92m0.0%[0m
2026-02-24 01:04:00 | INFO    |      Target    $5,000       [92m██[2m░░░░░░░░░░░░░░░░░░[0m 10%
2026-02-24 01:04:00 | INFO    |      [2mPhase 2: Growth → $1K[0m
2026-02-24 01:04:00 | INFO    |   [2m──────────────────────────────────────────────────────[0m
2026-02-24 01:04:00 | INFO    |   [1m📊 TRADING[0m
2026-02-24 01:04:00 | INFO    |      Positions [97m0[0m / 7              Scans   164
2026-02-24 01:04:00 | INFO    |      Signals   0                Trades  0
2026-02-24 01:04:00 | INFO    |   [2m──────────────────────────────────────────────────────[0m
2026-02-24 01:04:00 | INFO    |   [1m🧠 INTELLIGENCE[0m
2026-02-24 01:04:00 | INFO    |      🎯 Skill     min=40  eval=3  pass=3  rej=0
2026-02-24 01:04:00 | INFO    |      📚 Learner   1 outcomes tracked
2026-02-24 01:04:00 | INFO    |      🔴 Watchdog  [91mUNHEALTHY[0m     📡 WS  74 buffers
2026-02-24 01:04:00 | INFO    |      🔭 Hunter    814 non-portfolio signals
2026-02-24 01:04:00 | INFO    |   [2m──────────────────────────────────────────────────────[0m
2026-02-24 01:04:00 | INFO    |   [1m⚙️  CONFIG[0m
2026-02-24 01:04:00 | INFO    |      Risk       [93m3.0%[0m   Lev  [93m8x[0m   MaxPos [93m7[0m
2026-02-24 01:04:00 | INFO    |      Maker TP   [92mON[0m              Maker Entry  [92mON[0m
2026-02-24 01:04:00 | INFO    |      Combos     48                Pairs  35
2026-02-24 01:04:00 | INFO    |      Uptime     2.8h
2026-02-24 01:04:00 | INFO    | [96m══════════════════════════════════════════════════════════[0m

2026-02-24 01:05:01 | WARNING | Watchdog ALERT: Memory 792MB > 500MB limit
2026-02-24 01:06:01 | WARNING | Watchdog ALERT: Memory 795MB > 500MB limit
2026-02-24 01:07:02 | WARNING | Watchdog ALERT: Memory 799MB > 500MB limit
2026-02-24 01:07:56 | DEBUG   | Hunter: 123 liquid candidates (ex-portfolio)
2026-02-24 01:08:02 | WARNING | Watchdog ALERT: Memory 805MB > 500MB limit
2026-02-24 01:08:14 | INFO    | Hunter: found 29 signals on non-portfolio pairs
2026-02-24 01:09:00 | INFO    | 
[96m══════════════════════════════════════════════════════════[0m
2026-02-24 01:09:00 | INFO    |   🤖 [1m[97mv13pro LIVE DASHBOARD[0m    [91m🔴 UNHEALTHY[0m
2026-02-24 01:09:00 | INFO    |   [2m2026-02-23 14:09:00 UTC[0m   [2mSession: london[0m
2026-02-24 01:09:00 | INFO    | [96m══════════════════════════════════════════════════════════[0m
2026-02-24 01:09:00 | INFO    |   [1m💰 EQUITY[0m
2026-02-24 01:09:00 | INFO    |      Balance   [92m[1m$500.72[0m               Peak  $500.72
2026-02-24 01:09:00 | INFO    |      Growth    [92m+0.1%[0m                DD    [92m0.0%[0m
2026-02-24 01:09:00 | INFO    |      Target    $5,000       [92m██[2m░░░░░░░░░░░░░░░░░░[0m 10%
2026-02-24 01:09:00 | INFO    |      [2mPhase 2: Growth → $1K[0m
2026-02-24 01:09:00 | INFO    |   [2m──────────────────────────────────────────────────────[0m
2026-02-24 01:09:00 | INFO    |   [1m📊 TRADING[0m
2026-02-24 01:09:00 | INFO    |      Positions [97m0[0m / 7              Scans   164
2026-02-24 01:09:00 | INFO    |      Signals   0                Trades  0
2026-02-24 01:09:00 | INFO    |   [2m──────────────────────────────────────────────────────[0m
2026-02-24 01:09:00 | INFO    |   [1m🧠 INTELLIGENCE[0m
2026-02-24 01:09:00 | INFO    |      🎯 Skill     min=40  eval=3  pass=3  rej=0
2026-02-24 01:09:00 | INFO    |      📚 Learner   1 outcomes tracked
2026-02-24 01:09:00 | INFO    |      🔴 Watchdog  [91mUNHEALTHY[0m     📡 WS  74 buffers
2026-02-24 01:09:00 | INFO    |      🔭 Hunter    843 non-portfolio signals
2026-02-24 01:09:00 | INFO    |   [2m──────────────────────────────────────────────────────[0m
2026-02-24 01:09:00 | INFO    |   [1m⚙️  CONFIG[0m
2026-02-24 01:09:00 | INFO    |      Risk       [93m3.0%[0m   Lev  [93m8x[0m   MaxPos [93m7[0m
2026-02-24 01:09:00 | INFO    |      Maker TP   [92mON[0m              Maker Entry  [92mON[0m
2026-02-24 01:09:00 | INFO    |      Combos     48                Pairs  35
2026-02-24 01:09:00 | INFO    |      Uptime     2.9h
2026-02-24 01:09:00 | INFO    | [96m══════════════════════════════════════════════════════════[0m

2026-02-24 01:09:03 | WARNING | Watchdog ALERT: Memory 807MB > 500MB limit
2026-02-24 01:10:04 | WARNING | Watchdog ALERT: Memory 810MB > 500MB limit
2026-02-24 01:11:04 | WARNING | Watchdog ALERT: Memory 814MB > 500MB limit
2026-02-24 01:12:05 | WARNING | Watchdog ALERT: Memory 817MB > 500MB limit
2026-02-24 01:13:06 | WARNING | Watchdog ALERT: Memory 821MB > 500MB limit
2026-02-24 01:13:15 | DEBUG   | Hunter: 122 liquid candidates (ex-portfolio)
2026-02-24 01:13:34 | INFO    | Hunter: found 35 signals on non-portfolio pairs
2026-02-24 01:14:00 | INFO    | 
[96m══════════════════════════════════════════════════════════[0m
2026-02-24 01:14:00 | INFO    |   🤖 [1m[97mv13pro LIVE DASHBOARD[0m    [91m🔴 UNHEALTHY[0m
2026-02-24 01:14:00 | INFO    |   [2m2026-02-23 14:14:00 UTC[0m   [2mSession: london[0m
2026-02-24 01:14:00 | INFO    | [96m══════════════════════════════════════════════════════════[0m
2026-02-24 01:14:00 | INFO    |   [1m💰 EQUITY[0m
2026-02-24 01:14:00 | INFO    |      Balance   [92m[1m$500.72[0m               Peak  $500.72
2026-02-24 01:14:00 | INFO    |      Growth    [92m+0.1%[0m                DD    [92m0.0%[0m
2026-02-24 01:14:00 | INFO    |      Target    $5,000       [92m██[2m░░░░░░░░░░░░░░░░░░[0m 10%
2026-02-24 01:14:00 | INFO    |      [2mPhase 2: Growth → $1K[0m
2026-02-24 01:14:00 | INFO    |   [2m──────────────────────────────────────────────────────[0m
2026-02-24 01:14:00 | INFO    |   [1m📊 TRADING[0m
2026-02-24 01:14:00 | INFO    |      Positions [97m0[0m / 7              Scans   164
2026-02-24 01:14:00 | INFO    |      Signals   0                Trades  0
2026-02-24 01:14:00 | INFO    |   [2m──────────────────────────────────────────────────────[0m
2026-02-24 01:14:00 | INFO    |   [1m🧠 INTELLIGENCE[0m
2026-02-24 01:14:00 | INFO    |      🎯 Skill     min=40  eval=3  pass=3  rej=0
2026-02-24 01:14:00 | INFO    |      📚 Learner   1 outcomes tracked
2026-02-24 01:14:00 | INFO    |      🔴 Watchdog  [91mUNHEALTHY[0m     📡 WS  74 buffers
2026-02-24 01:14:00 | INFO    |      🔭 Hunter    878 non-portfolio signals
2026-02-24 01:14:00 | INFO    |   [2m──────────────────────────────────────────────────────[0m
2026-02-24 01:14:00 | INFO    |   [1m⚙️  CONFIG[0m
2026-02-24 01:14:00 | INFO    |      Risk       [93m3.0%[0m   Lev  [93m8x[0m   MaxPos [93m7[0m
2026-02-24 01:14:00 | INFO    |      Maker TP   [92mON[0m              Maker Entry  [92mON[0m
2026-02-24 01:14:00 | INFO    |      Combos     48                Pairs  35
2026-02-24 01:14:00 | INFO    |      Uptime     2.9h
2026-02-24 01:14:00 | INFO    | [96m══════════════════════════════════════════════════════════[0m

2026-02-24 01:14:06 | WARNING | Watchdog ALERT: Memory 825MB > 500MB limit
2026-02-24 01:15:07 | WARNING | Watchdog ALERT: Memory 829MB > 500MB limit
2026-02-24 01:16:08 | WARNING | Watchdog ALERT: Memory 832MB > 500MB limit
2026-02-24 01:17:08 | WARNING | Watchdog ALERT: Memory 836MB > 500MB limit
2026-02-24 01:18:09 | WARNING | Watchdog ALERT: Memory 840MB > 500MB limit
2026-02-24 01:18:35 | DEBUG   | Hunter: 121 liquid candidates (ex-portfolio)
2026-02-24 01:18:53 | INFO    | Hunter: found 27 signals on non-portfolio pairs
2026-02-24 01:19:00 | INFO    | 
[96m══════════════════════════════════════════════════════════[0m
2026-02-24 01:19:00 | INFO    |   🤖 [1m[97mv13pro LIVE DASHBOARD[0m    [91m🔴 UNHEALTHY[0m
2026-02-24 01:19:00 | INFO    |   [2m2026-02-23 14:19:00 UTC[0m   [2mSession: london[0m
2026-02-24 01:19:00 | INFO    | [96m══════════════════════════════════════════════════════════[0m
2026-02-24 01:19:00 | INFO    |   [1m💰 EQUITY[0m
2026-02-24 01:19:00 | INFO    |      Balance   [92m[1m$500.72[0m               Peak  $500.72
2026-02-24 01:19:00 | INFO    |      Growth    [92m+0.1%[0m                DD    [92m0.0%[0m
2026-02-24 01:19:00 | INFO    |      Target    $5,000       [92m██[2m░░░░░░░░░░░░░░░░░░[0m 10%
2026-02-24 01:19:00 | INFO    |      [2mPhase 2: Growth → $1K[0m
2026-02-24 01:19:00 | INFO    |   [2m──────────────────────────────────────────────────────[0m
2026-02-24 01:19:00 | INFO    |   [1m📊 TRADING[0m
2026-02-24 01:19:00 | INFO    |      Positions [97m0[0m / 7              Scans   171
2026-02-24 01:19:00 | INFO    |      Signals   0                Trades  0
2026-02-24 01:19:00 | INFO    |   [2m──────────────────────────────────────────────────────[0m
2026-02-24 01:19:00 | INFO    |   [1m🧠 INTELLIGENCE[0m
2026-02-24 01:19:00 | INFO    |      🎯 Skill     min=40  eval=3  pass=3  rej=0
2026-02-24 01:19:00 | INFO    |      📚 Learner   1 outcomes tracked
2026-02-24 01:19:00 | INFO    |      🔴 Watchdog  [91mUNHEALTHY[0m     📡 WS  74 buffers
2026-02-24 01:19:00 | INFO    |      🔭 Hunter    905 non-portfolio signals
2026-02-24 01:19:00 | INFO    |   [2m──────────────────────────────────────────────────────[0m
2026-02-24 01:19:00 | INFO    |   [1m⚙️  CONFIG[0m
2026-02-24 01:19:00 | INFO    |      Risk       [93m3.0%[0m   Lev  [93m8x[0m   MaxPos [93m7[0m
2026-02-24 01:19:00 | INFO    |      Maker TP   [92mON[0m              Maker Entry  [92mON[0m
2026-02-24 01:19:00 | INFO    |      Combos     48                Pairs  35
2026-02-24 01:19:00 | INFO    |      Uptime     3.0h
2026-02-24 01:19:00 | INFO    | [96m══════════════════════════════════════════════════════════[0m

2026-02-24 01:19:10 | WARNING | Watchdog ALERT: Memory 845MB > 500MB limit
2026-02-24 01:20:10 | WARNING | Watchdog ALERT: Memory 850MB > 500MB limit
2026-02-24 01:21:11 | WARNING | Watchdog ALERT: Memory 853MB > 500MB limit
2026-02-24 01:22:12 | WARNING | Watchdog ALERT: Memory 857MB > 500MB limit
2026-02-24 01:23:12 | WARNING | Watchdog ALERT: Memory 860MB > 500MB limit
2026-02-24 01:23:53 | DEBUG   | Hunter: 124 liquid candidates (ex-portfolio)
2026-02-24 01:24:00 | INFO    | 
[96m══════════════════════════════════════════════════════════[0m
2026-02-24 01:24:00 | INFO    |   🤖 [1m[97mv13pro LIVE DASHBOARD[0m    [91m🔴 UNHEALTHY[0m
2026-02-24 01:24:00 | INFO    |   [2m2026-02-23 14:24:00 UTC[0m   [2mSession: london[0m
2026-02-24 01:24:00 | INFO    | [96m══════════════════════════════════════════════════════════[0m
2026-02-24 01:24:00 | INFO    |   [1m💰 EQUITY[0m
2026-02-24 01:24:00 | INFO    |      Balance   [92m[1m$500.72[0m               Peak  $500.72
2026-02-24 01:24:00 | INFO    |      Growth    [92m+0.1%[0m                DD    [92m0.0%[0m
2026-02-24 01:24:00 | INFO    |      Target    $5,000       [92m██[2m░░░░░░░░░░░░░░░░░░[0m 10%
2026-02-24 01:24:00 | INFO    |      [2mPhase 2: Growth → $1K[0m
2026-02-24 01:24:00 | INFO    |   [2m──────────────────────────────────────────────────────[0m
2026-02-24 01:24:00 | INFO    |   [1m📊 TRADING[0m
2026-02-24 01:24:00 | INFO    |      Positions [97m0[0m / 7              Scans   171
2026-02-24 01:24:00 | INFO    |      Signals   0                Trades  0
2026-02-24 01:24:00 | INFO    |   [2m──────────────────────────────────────────────────────[0m
2026-02-24 01:24:00 | INFO    |   [1m🧠 INTELLIGENCE[0m
2026-02-24 01:24:00 | INFO    |      🎯 Skill     min=40  eval=3  pass=3  rej=0
2026-02-24 01:24:00 | INFO    |      📚 Learner   1 outcomes tracked
2026-02-24 01:24:00 | INFO    |      🔴 Watchdog  [91mUNHEALTHY[0m     📡 WS  74 buffers
2026-02-24 01:24:00 | INFO    |      🔭 Hunter    905 non-portfolio signals
2026-02-24 01:24:00 | INFO    |   [2m──────────────────────────────────────────────────────[0m
2026-02-24 01:24:00 | INFO    |   [1m⚙️  CONFIG[0m
2026-02-24 01:24:00 | INFO    |      Risk       [93m3.0%[0m   Lev  [93m8x[0m   MaxPos [93m7[0m
2026-02-24 01:24:00 | INFO    |      Maker TP   [92mON[0m              Maker Entry  [92mON[0m
2026-02-24 01:24:00 | INFO    |      Combos     48                Pairs  35
2026-02-24 01:24:00 | INFO    |      Uptime     3.1h
2026-02-24 01:24:00 | INFO    | [96m══════════════════════════════════════════════════════════[0m

2026-02-24 01:24:13 | WARNING | Watchdog ALERT: Memory 867MB > 500MB limit
2026-02-24 01:24:13 | INFO    | Hunter: found 37 signals on non-portfolio pairs
2026-02-24 01:25:14 | WARNING | Watchdog ALERT: Memory 868MB > 500MB limit
2026-02-24 01:26:14 | WARNING | Watchdog ALERT: Memory 871MB > 500MB limit
2026-02-24 01:27:15 | WARNING | Watchdog ALERT: Memory 874MB > 500MB limit
2026-02-24 01:28:16 | WARNING | Watchdog ALERT: Memory 878MB > 500MB limit
2026-02-24 01:29:00 | INFO    | 
[96m══════════════════════════════════════════════════════════[0m
2026-02-24 01:29:00 | INFO    |   🤖 [1m[97mv13pro LIVE DASHBOARD[0m    [91m🔴 UNHEALTHY[0m
2026-02-24 01:29:00 | INFO    |   [2m2026-02-23 14:29:00 UTC[0m   [2mSession: london[0m
2026-02-24 01:29:00 | INFO    | [96m══════════════════════════════════════════════════════════[0m
2026-02-24 01:29:00 | INFO    |   [1m💰 EQUITY[0m
2026-02-24 01:29:00 | INFO    |      Balance   [92m[1m$500.72[0m               Peak  $500.72
2026-02-24 01:29:00 | INFO    |      Growth    [92m+0.1%[0m                DD    [92m0.0%[0m
2026-02-24 01:29:00 | INFO    |      Target    $5,000       [92m██[2m░░░░░░░░░░░░░░░░░░[0m 10%
2026-02-24 01:29:00 | INFO    |      [2mPhase 2: Growth → $1K[0m
2026-02-24 01:29:00 | INFO    |   [2m──────────────────────────────────────────────────────[0m
2026-02-24 01:29:00 | INFO    |   [1m📊 TRADING[0m
2026-02-24 01:29:00 | INFO    |      Positions [97m0[0m / 7              Scans   171
2026-02-24 01:29:00 | INFO    |      Signals   0                Trades  0
2026-02-24 01:29:00 | INFO    |   [2m──────────────────────────────────────────────────────[0m
2026-02-24 01:29:00 | INFO    |   [1m🧠 INTELLIGENCE[0m
2026-02-24 01:29:00 | INFO    |      🎯 Skill     min=40  eval=3  pass=3  rej=0
2026-02-24 01:29:00 | INFO    |      📚 Learner   1 outcomes tracked
2026-02-24 01:29:00 | INFO    |      🔴 Watchdog  [91mUNHEALTHY[0m     📡 WS  74 buffers
2026-02-24 01:29:00 | INFO    |      🔭 Hunter    942 non-portfolio signals
2026-02-24 01:29:00 | INFO    |   [2m──────────────────────────────────────────────────────[0m
2026-02-24 01:29:00 | INFO    |   [1m⚙️  CONFIG[0m
2026-02-24 01:29:00 | INFO    |      Risk       [93m3.0%[0m   Lev  [93m8x[0m   MaxPos [93m7[0m
2026-02-24 01:29:00 | INFO    |      Maker TP   [92mON[0m              Maker Entry  [92mON[0m
2026-02-24 01:29:00 | INFO    |      Combos     48                Pairs  35
2026-02-24 01:29:00 | INFO    |      Uptime     3.2h
2026-02-24 01:29:00 | INFO    | [96m══════════════════════════════════════════════════════════[0m

2026-02-24 01:29:14 | DEBUG   | Hunter: 121 liquid candidates (ex-portfolio)
2026-02-24 01:29:16 | WARNING | Watchdog ALERT: Memory 884MB > 500MB limit
2026-02-24 01:29:33 | INFO    | Hunter: found 36 signals on non-portfolio pairs
2026-02-24 01:30:17 | WARNING | Watchdog ALERT: Memory 886MB > 500MB limit
2026-02-24 01:31:18 | WARNING | Watchdog ALERT: Memory 893MB > 500MB limit
2026-02-24 01:32:18 | WARNING | Watchdog ALERT: Memory 901MB > 500MB limit
2026-02-24 01:33:19 | WARNING | Watchdog ALERT: Memory 907MB > 500MB limit
2026-02-24 01:34:01 | INFO    | 
[96m══════════════════════════════════════════════════════════[0m
2026-02-24 01:34:01 | INFO    |   🤖 [1m[97mv13pro LIVE DASHBOARD[0m    [91m🔴 UNHEALTHY[0m
2026-02-24 01:34:01 | INFO    |   [2m2026-02-23 14:34:01 UTC[0m   [2mSession: london[0m
2026-02-24 01:34:01 | INFO    | [96m══════════════════════════════════════════════════════════[0m
2026-02-24 01:34:01 | INFO    |   [1m💰 EQUITY[0m
2026-02-24 01:34:01 | INFO    |      Balance   [92m[1m$500.72[0m               Peak  $500.72
2026-02-24 01:34:01 | INFO    |      Growth    [92m+0.1%[0m                DD    [92m0.0%[0m
2026-02-24 01:34:01 | INFO    |      Target    $5,000       [92m██[2m░░░░░░░░░░░░░░░░░░[0m 10%
2026-02-24 01:34:01 | INFO    |      [2mPhase 2: Growth → $1K[0m
2026-02-24 01:34:01 | INFO    |   [2m──────────────────────────────────────────────────────[0m
2026-02-24 01:34:01 | INFO    |   [1m📊 TRADING[0m
2026-02-24 01:34:01 | INFO    |      Positions [97m0[0m / 7              Scans   183
2026-02-24 01:34:01 | INFO    |      Signals   0                Trades  0
2026-02-24 01:34:01 | INFO    |   [2m──────────────────────────────────────────────────────[0m
2026-02-24 01:34:01 | INFO    |   [1m🧠 INTELLIGENCE[0m
2026-02-24 01:34:01 | INFO    |      🎯 Skill     min=40  eval=3  pass=3  rej=0
2026-02-24 01:34:01 | INFO    |      📚 Learner   1 outcomes tracked
2026-02-24 01:34:01 | INFO    |      🔴 Watchdog  [91mUNHEALTHY[0m     📡 WS  74 buffers
2026-02-24 01:34:01 | INFO    |      🔭 Hunter    978 non-portfolio signals
2026-02-24 01:34:01 | INFO    |   [2m──────────────────────────────────────────────────────[0m
2026-02-24 01:34:01 | INFO    |   [1m⚙️  CONFIG[0m
2026-02-24 01:34:01 | INFO    |      Risk       [93m3.0%[0m   Lev  [93m8x[0m   MaxPos [93m7[0m
2026-02-24 01:34:01 | INFO    |      Maker TP   [92mON[0m              Maker Entry  [92mON[0m
2026-02-24 01:34:01 | INFO    |      Combos     48                Pairs  35
2026-02-24 01:34:01 | INFO    |      Uptime     3.3h
2026-02-24 01:34:01 | INFO    | [96m══════════════════════════════════════════════════════════[0m

2026-02-24 01:34:20 | WARNING | Watchdog ALERT: Memory 914MB > 500MB limit
2026-02-24 01:34:34 | DEBUG   | Hunter: 122 liquid candidates (ex-portfolio)
2026-02-24 01:34:54 | INFO    | Hunter: found 37 signals on non-portfolio pairs
2026-02-24 01:35:21 | WARNING | Watchdog ALERT: Memory 921MB > 500MB limit
2026-02-24 01:36:21 | WARNING | Watchdog ALERT: Memory 929MB > 500MB limit
2026-02-24 01:37:22 | WARNING | Watchdog ALERT: Memory 933MB > 500MB limit
2026-02-24 01:38:23 | WARNING | Watchdog ALERT: Memory 937MB > 500MB limit
2026-02-24 01:39:01 | INFO    | 
[96m══════════════════════════════════════════════════════════[0m
2026-02-24 01:39:01 | INFO    |   🤖 [1m[97mv13pro LIVE DASHBOARD[0m    [91m🔴 UNHEALTHY[0m
2026-02-24 01:39:01 | INFO    |   [2m2026-02-23 14:39:01 UTC[0m   [2mSession: london[0m
2026-02-24 01:39:01 | INFO    | [96m══════════════════════════════════════════════════════════[0m
2026-02-24 01:39:01 | INFO    |   [1m💰 EQUITY[0m
2026-02-24 01:39:01 | INFO    |      Balance   [92m[1m$500.72[0m               Peak  $500.72
2026-02-24 01:39:01 | INFO    |      Growth    [92m+0.1%[0m                DD    [92m0.0%[0m
2026-02-24 01:39:01 | INFO    |      Target    $5,000       [92m██[2m░░░░░░░░░░░░░░░░░░[0m 10%
2026-02-24 01:39:01 | INFO    |      [2mPhase 2: Growth → $1K[0m
2026-02-24 01:39:01 | INFO    |   [2m──────────────────────────────────────────────────────[0m
2026-02-24 01:39:01 | INFO    |   [1m📊 TRADING[0m
2026-02-24 01:39:01 | INFO    |      Positions [97m0[0m / 7              Scans   183
2026-02-24 01:39:01 | INFO    |      Signals   0                Trades  0
2026-02-24 01:39:01 | INFO    |   [2m──────────────────────────────────────────────────────[0m
2026-02-24 01:39:01 | INFO    |   [1m🧠 INTELLIGENCE[0m
2026-02-24 01:39:01 | INFO    |      🎯 Skill     min=40  eval=3  pass=3  rej=0
2026-02-24 01:39:01 | INFO    |      📚 Learner   1 outcomes tracked
2026-02-24 01:39:01 | INFO    |      🔴 Watchdog  [91mUNHEALTHY[0m     📡 WS  74 buffers
2026-02-24 01:39:01 | INFO    |      🔭 Hunter    1015 non-portfolio signals
2026-02-24 01:39:01 | INFO    |   [2m──────────────────────────────────────────────────────[0m
2026-02-24 01:39:01 | INFO    |   [1m⚙️  CONFIG[0m
2026-02-24 01:39:01 | INFO    |      Risk       [93m3.0%[0m   Lev  [93m8x[0m   MaxPos [93m7[0m
2026-02-24 01:39:01 | INFO    |      Maker TP   [92mON[0m              Maker Entry  [92mON[0m
2026-02-24 01:39:01 | INFO    |      Combos     48                Pairs  35
2026-02-24 01:39:01 | INFO    |      Uptime     3.4h
2026-02-24 01:39:01 | INFO    | [96m══════════════════════════════════════════════════════════[0m

2026-02-24 01:39:24 | WARNING | Watchdog ALERT: Memory 941MB > 500MB limit
2026-02-24 01:39:55 | DEBUG   | Hunter: 125 liquid candidates (ex-portfolio)
2026-02-24 01:40:13 | INFO    | Hunter: found 37 signals on non-portfolio pairs
2026-02-24 01:40:24 | WARNING | Watchdog ALERT: Memory 946MB > 500MB limit
2026-02-24 01:41:25 | WARNING | Watchdog ALERT: Memory 950MB > 500MB limit
2026-02-24 01:42:26 | WARNING | Watchdog ALERT: Memory 954MB > 500MB limit
2026-02-24 01:43:26 | WARNING | Watchdog ALERT: Memory 959MB > 500MB limit
2026-02-24 01:44:01 | INFO    | 
[96m══════════════════════════════════════════════════════════[0m
2026-02-24 01:44:01 | INFO    |   🤖 [1m[97mv13pro LIVE DASHBOARD[0m    [91m🔴 UNHEALTHY[0m
2026-02-24 01:44:01 | INFO    |   [2m2026-02-23 14:44:01 UTC[0m   [2mSession: london[0m
2026-02-24 01:44:01 | INFO    | [96m══════════════════════════════════════════════════════════[0m
2026-02-24 01:44:01 | INFO    |   [1m💰 EQUITY[0m
2026-02-24 01:44:01 | INFO    |      Balance   [92m[1m$500.72[0m               Peak  $500.72
2026-02-24 01:44:01 | INFO    |      Growth    [92m+0.1%[0m                DD    [92m0.0%[0m
2026-02-24 01:44:01 | INFO    |      Target    $5,000       [92m██[2m░░░░░░░░░░░░░░░░░░[0m 10%
2026-02-24 01:44:01 | INFO    |      [2mPhase 2: Growth → $1K[0m
2026-02-24 01:44:01 | INFO    |   [2m──────────────────────────────────────────────────────[0m
2026-02-24 01:44:01 | INFO    |   [1m📊 TRADING[0m
2026-02-24 01:44:01 | INFO    |      Positions [97m0[0m / 7              Scans   183
2026-02-24 01:44:01 | INFO    |      Signals   0                Trades  0
2026-02-24 01:44:01 | INFO    |   [2m──────────────────────────────────────────────────────[0m
2026-02-24 01:44:01 | INFO    |   [1m🧠 INTELLIGENCE[0m
2026-02-24 01:44:01 | INFO    |      🎯 Skill     min=40  eval=3  pass=3  rej=0
2026-02-24 01:44:01 | INFO    |      📚 Learner   1 outcomes tracked
2026-02-24 01:44:01 | INFO    |      🔴 Watchdog  [91mUNHEALTHY[0m     📡 WS  74 buffers
2026-02-24 01:44:01 | INFO    |      🔭 Hunter    1052 non-portfolio signals
2026-02-24 01:44:01 | INFO    |   [2m──────────────────────────────────────────────────────[0m
2026-02-24 01:44:01 | INFO    |   [1m⚙️  CONFIG[0m
2026-02-24 01:44:01 | INFO    |      Risk       [93m3.0%[0m   Lev  [93m8x[0m   MaxPos [93m7[0m
2026-02-24 01:44:01 | INFO    |      Maker TP   [92mON[0m              Maker Entry  [92mON[0m
2026-02-24 01:44:01 | INFO    |      Combos     48                Pairs  35
2026-02-24 01:44:01 | INFO    |      Uptime     3.4h
2026-02-24 01:44:01 | INFO    | [96m══════════════════════════════════════════════════════════[0m

2026-02-24 01:44:27 | WARNING | Watchdog ALERT: Memory 964MB > 500MB limit
2026-02-24 01:45:13 | DEBUG   | Hunter: 124 liquid candidates (ex-portfolio)
2026-02-24 01:45:28 | WARNING | Watchdog ALERT: Memory 973MB > 500MB limit
2026-02-24 01:45:33 | INFO    | Hunter: found 41 signals on non-portfolio pairs
2026-02-24 01:46:29 | WARNING | Watchdog ALERT: Memory 979MB > 500MB limit
2026-02-24 01:47:30 | WARNING | Watchdog ALERT: Memory 985MB > 500MB limit
2026-02-24 01:48:30 | WARNING | Watchdog ALERT: Memory 993MB > 500MB limit
2026-02-24 01:49:31 | WARNING | Watchdog ALERT: Memory 1000MB > 500MB limit
2026-02-24 01:50:00 | INFO    | 
[96m══════════════════════════════════════════════════════════[0m
2026-02-24 01:50:00 | INFO    |   🤖 [1m[97mv13pro LIVE DASHBOARD[0m    [91m🔴 UNHEALTHY[0m
2026-02-24 01:50:00 | INFO    |   [2m2026-02-23 14:50:00 UTC[0m   [2mSession: london[0m
2026-02-24 01:50:00 | INFO    | [96m══════════════════════════════════════════════════════════[0m
2026-02-24 01:50:00 | INFO    |   [1m💰 EQUITY[0m
2026-02-24 01:50:00 | INFO    |      Balance   [92m[1m$500.72[0m               Peak  $500.72
2026-02-24 01:50:00 | INFO    |      Growth    [92m+0.1%[0m                DD    [92m0.0%[0m
2026-02-24 01:50:00 | INFO    |      Target    $5,000       [92m██[2m░░░░░░░░░░░░░░░░░░[0m 10%
2026-02-24 01:50:00 | INFO    |      [2mPhase 2: Growth → $1K[0m
2026-02-24 01:50:00 | INFO    |   [2m──────────────────────────────────────────────────────[0m
2026-02-24 01:50:00 | INFO    |   [1m📊 TRADING[0m
2026-02-24 01:50:00 | INFO    |      Positions [97m0[0m / 7              Scans   196
2026-02-24 01:50:00 | INFO    |      Signals   0                Trades  0
2026-02-24 01:50:00 | INFO    |   [2m──────────────────────────────────────────────────────[0m
2026-02-24 01:50:00 | INFO    |   [1m🧠 INTELLIGENCE[0m
2026-02-24 01:50:00 | INFO    |      🎯 Skill     min=40  eval=3  pass=3  rej=0
2026-02-24 01:50:00 | INFO    |      📚 Learner   1 outcomes tracked
2026-02-24 01:50:00 | INFO    |      🔴 Watchdog  [91mUNHEALTHY[0m     📡 WS  74 buffers
2026-02-24 01:50:00 | INFO    |      🔭 Hunter    1093 non-portfolio signals
2026-02-24 01:50:00 | INFO    |   [2m──────────────────────────────────────────────────────[0m
2026-02-24 01:50:00 | INFO    |   [1m⚙️  CONFIG[0m
2026-02-24 01:50:00 | INFO    |      Risk       [93m3.0%[0m   Lev  [93m8x[0m   MaxPos [93m7[0m
2026-02-24 01:50:00 | INFO    |      Maker TP   [92mON[0m              Maker Entry  [92mON[0m
2026-02-24 01:50:00 | INFO    |      Combos     48                Pairs  35
2026-02-24 01:50:00 | INFO    |      Uptime     3.5h
2026-02-24 01:50:00 | INFO    | [96m══════════════════════════════════════════════════════════[0m

2026-02-24 01:50:32 | WARNING | Watchdog ALERT: Memory 1007MB > 500MB limit
2026-02-24 01:50:33 | DEBUG   | Hunter: 125 liquid candidates (ex-portfolio)
2026-02-24 01:50:52 | INFO    | Hunter: found 42 signals on non-portfolio pairs
2026-02-24 01:51:33 | WARNING | Watchdog ALERT: Memory 1017MB > 500MB limit
2026-02-24 01:52:34 | WARNING | Watchdog ALERT: Memory 1025MB > 500MB limit
2026-02-24 01:53:35 | WARNING | Watchdog ALERT: Memory 1031MB > 500MB limit
2026-02-24 01:54:35 | WARNING | Watchdog ALERT: Memory 1037MB > 500MB limit
2026-02-24 01:55:00 | INFO    | 
[96m══════════════════════════════════════════════════════════[0m
2026-02-24 01:55:00 | INFO    |   🤖 [1m[97mv13pro LIVE DASHBOARD[0m    [91m🔴 UNHEALTHY[0m
2026-02-24 01:55:00 | INFO    |   [2m2026-02-23 14:55:00 UTC[0m   [2mSession: london[0m
2026-02-24 01:55:00 | INFO    | [96m══════════════════════════════════════════════════════════[0m
2026-02-24 01:55:00 | INFO    |   [1m💰 EQUITY[0m
2026-02-24 01:55:00 | INFO    |      Balance   [92m[1m$500.72[0m               Peak  $500.72
2026-02-24 01:55:00 | INFO    |      Growth    [92m+0.1%[0m                DD    [92m0.0%[0m
2026-02-24 01:55:00 | INFO    |      Target    $5,000       [92m██[2m░░░░░░░░░░░░░░░░░░[0m 10%
2026-02-24 01:55:00 | INFO    |      [2mPhase 2: Growth → $1K[0m
2026-02-24 01:55:00 | INFO    |   [2m──────────────────────────────────────────────────────[0m
2026-02-24 01:55:00 | INFO    |   [1m📊 TRADING[0m
2026-02-24 01:55:00 | INFO    |      Positions [97m0[0m / 7              Scans   196
2026-02-24 01:55:00 | INFO    |      Signals   0                Trades  0
2026-02-24 01:55:00 | INFO    |   [2m──────────────────────────────────────────────────────[0m
2026-02-24 01:55:00 | INFO    |   [1m🧠 INTELLIGENCE[0m
2026-02-24 01:55:00 | INFO    |      🎯 Skill     min=40  eval=3  pass=3  rej=0
2026-02-24 01:55:00 | INFO    |      📚 Learner   1 outcomes tracked
2026-02-24 01:55:00 | INFO    |      🔴 Watchdog  [91mUNHEALTHY[0m     📡 WS  74 buffers
2026-02-24 01:55:00 | INFO    |      🔭 Hunter    1135 non-portfolio signals
2026-02-24 01:55:00 | INFO    |   [2m──────────────────────────────────────────────────────[0m
2026-02-24 01:55:00 | INFO    |   [1m⚙️  CONFIG[0m
2026-02-24 01:55:00 | INFO    |      Risk       [93m3.0%[0m   Lev  [93m8x[0m   MaxPos [93m7[0m
2026-02-24 01:55:00 | INFO    |      Maker TP   [92mON[0m              Maker Entry  [92mON[0m
2026-02-24 01:55:00 | INFO    |      Combos     48                Pairs  35
2026-02-24 01:55:00 | INFO    |      Uptime     3.6h
2026-02-24 01:55:00 | INFO    | [96m══════════════════════════════════════════════════════════[0m

2026-02-24 01:55:36 | WARNING | Watchdog ALERT: Memory 1044MB > 500MB limit
2026-02-24 01:55:53 | DEBUG   | Hunter: 124 liquid candidates (ex-portfolio)
2026-02-24 01:56:12 | INFO    | Hunter: found 46 signals on non-portfolio pairs
2026-02-24 01:56:37 | WARNING | Watchdog ALERT: Memory 1051MB > 500MB limit
2026-02-24 01:57:38 | WARNING | Watchdog ALERT: Memory 1056MB > 500MB limit
2026-02-24 01:58:39 | WARNING | Watchdog ALERT: Memory 1061MB > 500MB limit
2026-02-24 01:59:40 | WARNING | Watchdog ALERT: Memory 1065MB > 500MB limit
2026-02-24 02:00:00 | INFO    | 
[96m══════════════════════════════════════════════════════════[0m
2026-02-24 02:00:00 | INFO    |   🤖 [1m[97mv13pro LIVE DASHBOARD[0m    [91m🔴 UNHEALTHY[0m
2026-02-24 02:00:00 | INFO    |   [2m2026-02-23 15:00:00 UTC[0m   [2mSession: london[0m
2026-02-24 02:00:00 | INFO    | [96m══════════════════════════════════════════════════════════[0m
2026-02-24 02:00:00 | INFO    |   [1m💰 EQUITY[0m
2026-02-24 02:00:00 | INFO    |      Balance   [92m[1m$500.72[0m               Peak  $500.72
2026-02-24 02:00:00 | INFO    |      Growth    [92m+0.1%[0m                DD    [92m0.0%[0m
2026-02-24 02:00:00 | INFO    |      Target    $5,000       [92m██[2m░░░░░░░░░░░░░░░░░░[0m 10%
2026-02-24 02:00:00 | INFO    |      [2mPhase 2: Growth → $1K[0m
2026-02-24 02:00:00 | INFO    |   [2m──────────────────────────────────────────────────────[0m
2026-02-24 02:00:00 | INFO    |   [1m📊 TRADING[0m
2026-02-24 02:00:00 | INFO    |      Positions [97m0[0m / 7              Scans   196
2026-02-24 02:00:00 | INFO    |      Signals   0                Trades  0
2026-02-24 02:00:00 | INFO    |   [2m──────────────────────────────────────────────────────[0m
2026-02-24 02:00:00 | INFO    |   [1m🧠 INTELLIGENCE[0m
2026-02-24 02:00:00 | INFO    |      🎯 Skill     min=40  eval=3  pass=3  rej=0
2026-02-24 02:00:00 | INFO    |      📚 Learner   1 outcomes tracked
2026-02-24 02:00:00 | INFO    |      🔴 Watchdog  [91mUNHEALTHY[0m     📡 WS  74 buffers
2026-02-24 02:00:00 | INFO    |      🔭 Hunter    1181 non-portfolio signals
2026-02-24 02:00:00 | INFO    |   [2m──────────────────────────────────────────────────────[0m
2026-02-24 02:00:00 | INFO    |   [1m⚙️  CONFIG[0m
2026-02-24 02:00:00 | INFO    |      Risk       [93m3.0%[0m   Lev  [93m8x[0m   MaxPos [93m7[0m
2026-02-24 02:00:00 | INFO    |      Maker TP   [92mON[0m              Maker Entry  [92mON[0m
2026-02-24 02:00:00 | INFO    |      Combos     48                Pairs  35
2026-02-24 02:00:00 | INFO    |      Uptime     3.7h
2026-02-24 02:00:00 | INFO    | [96m══════════════════════════════════════════════════════════[0m

2026-02-24 02:00:41 | WARNING | Watchdog ALERT: Memory 1071MB > 500MB limit
2026-02-24 02:01:12 | DEBUG   | Hunter: 123 liquid candidates (ex-portfolio)
2026-02-24 02:01:31 | INFO    | Hunter: found 19 signals on non-portfolio pairs
2026-02-24 02:01:42 | WARNING | Watchdog ALERT: Memory 1080MB > 500MB limit
2026-02-24 02:02:42 | WARNING | Watchdog ALERT: Memory 1086MB > 500MB limit
2026-02-24 02:03:43 | WARNING | Watchdog ALERT: Memory 1093MB > 500MB limit
2026-02-24 02:04:44 | WARNING | Watchdog ALERT: Memory 1100MB > 500MB limit
2026-02-24 02:05:00 | INFO    | 
[96m══════════════════════════════════════════════════════════[0m
2026-02-24 02:05:00 | INFO    |   🤖 [1m[97mv13pro LIVE DASHBOARD[0m    [91m🔴 UNHEALTHY[0m
2026-02-24 02:05:00 | INFO    |   [2m2026-02-23 15:05:00 UTC[0m   [2mSession: london[0m
2026-02-24 02:05:00 | INFO    | [96m══════════════════════════════════════════════════════════[0m
2026-02-24 02:05:00 | INFO    |   [1m💰 EQUITY[0m
2026-02-24 02:05:00 | INFO    |      Balance   [92m[1m$500.72[0m               Peak  $500.72
2026-02-24 02:05:00 | INFO    |      Growth    [92m+0.1%[0m                DD    [92m0.0%[0m
2026-02-24 02:05:00 | INFO    |      Target    $5,000       [92m██[2m░░░░░░░░░░░░░░░░░░[0m 10%
2026-02-24 02:05:00 | INFO    |      [2mPhase 2: Growth → $1K[0m
2026-02-24 02:05:00 | INFO    |   [2m──────────────────────────────────────────────────────[0m
2026-02-24 02:05:00 | INFO    |   [1m📊 TRADING[0m
2026-02-24 02:05:00 | INFO    |      Positions [97m0[0m / 7              Scans   218
2026-02-24 02:05:00 | INFO    |      Signals   0                Trades  0
2026-02-24 02:05:00 | INFO    |   [2m──────────────────────────────────────────────────────[0m
2026-02-24 02:05:00 | INFO    |   [1m🧠 INTELLIGENCE[0m
2026-02-24 02:05:00 | INFO    |      🎯 Skill     min=40  eval=3  pass=3  rej=0
2026-02-24 02:05:00 | INFO    |      📚 Learner   1 outcomes tracked
2026-02-24 02:05:00 | INFO    |      🔴 Watchdog  [91mUNHEALTHY[0m     📡 WS  74 buffers
2026-02-24 02:05:00 | INFO    |      🔭 Hunter    1200 non-portfolio signals
2026-02-24 02:05:00 | INFO    |   [2m──────────────────────────────────────────────────────[0m
2026-02-24 02:05:00 | INFO    |   [1m⚙️  CONFIG[0m
2026-02-24 02:05:00 | INFO    |      Risk       [93m3.0%[0m   Lev  [93m8x[0m   MaxPos [93m7[0m
2026-02-24 02:05:00 | INFO    |      Maker TP   [92mON[0m              Maker Entry  [92mON[0m
2026-02-24 02:05:00 | INFO    |      Combos     48                Pairs  35
2026-02-24 02:05:00 | INFO    |      Uptime     3.8h
2026-02-24 02:05:00 | INFO    | [96m══════════════════════════════════════════════════════════[0m

2026-02-24 02:05:45 | WARNING | Watchdog ALERT: Memory 1107MB > 500MB limit
2026-02-24 02:06:31 | DEBUG   | Hunter: 126 liquid candidates (ex-portfolio)
2026-02-24 02:06:46 | WARNING | Watchdog ALERT: Memory 1116MB > 500MB limit
2026-02-24 02:06:52 | INFO    | Hunter: found 22 signals on non-portfolio pairs
2026-02-24 02:07:47 | WARNING | Watchdog ALERT: Memory 1120MB > 500MB limit
2026-02-24 02:08:48 | WARNING | Watchdog ALERT: Memory 1127MB > 500MB limit
2026-02-24 02:09:49 | WARNING | Watchdog ALERT: Memory 1133MB > 500MB limit
2026-02-24 02:10:00 | INFO    | 
[96m══════════════════════════════════════════════════════════[0m
2026-02-24 02:10:00 | INFO    |   🤖 [1m[97mv13pro LIVE DASHBOARD[0m    [91m🔴 UNHEALTHY[0m
2026-02-24 02:10:00 | INFO    |   [2m2026-02-23 15:10:00 UTC[0m   [2mSession: london[0m
2026-02-24 02:10:00 | INFO    | [96m══════════════════════════════════════════════════════════[0m
2026-02-24 02:10:00 | INFO    |   [1m💰 EQUITY[0m
2026-02-24 02:10:00 | INFO    |      Balance   [92m[1m$500.72[0m               Peak  $500.72
2026-02-24 02:10:00 | INFO    |      Growth    [92m+0.1%[0m                DD    [92m0.0%[0m
2026-02-24 02:10:00 | INFO    |      Target    $5,000       [92m██[2m░░░░░░░░░░░░░░░░░░[0m 10%
2026-02-24 02:10:00 | INFO    |      [2mPhase 2: Growth → $1K[0m
2026-02-24 02:10:00 | INFO    |   [2m──────────────────────────────────────────────────────[0m
2026-02-24 02:10:00 | INFO    |   [1m📊 TRADING[0m
2026-02-24 02:10:00 | INFO    |      Positions [97m0[0m / 7              Scans   218
2026-02-24 02:10:00 | INFO    |      Signals   0                Trades  0
2026-02-24 02:10:00 | INFO    |   [2m──────────────────────────────────────────────────────[0m
2026-02-24 02:10:00 | INFO    |   [1m🧠 INTELLIGENCE[0m
2026-02-24 02:10:00 | INFO    |      🎯 Skill     min=40  eval=3  pass=3  rej=0
2026-02-24 02:10:00 | INFO    |      📚 Learner   1 outcomes tracked
2026-02-24 02:10:00 | INFO    |      🔴 Watchdog  [91mUNHEALTHY[0m     📡 WS  74 buffers
2026-02-24 02:10:00 | INFO    |      🔭 Hunter    1222 non-portfolio signals
2026-02-24 02:10:00 | INFO    |   [2m──────────────────────────────────────────────────────[0m
2026-02-24 02:10:00 | INFO    |   [1m⚙️  CONFIG[0m
2026-02-24 02:10:00 | INFO    |      Risk       [93m3.0%[0m   Lev  [93m8x[0m   MaxPos [93m7[0m
2026-02-24 02:10:00 | INFO    |      Maker TP   [92mON[0m              Maker Entry  [92mON[0m
2026-02-24 02:10:00 | INFO    |      Combos     48                Pairs  35
2026-02-24 02:10:00 | INFO    |      Uptime     3.9h
2026-02-24 02:10:00 | INFO    | [96m══════════════════════════════════════════════════════════[0m

2026-02-24 02:10:50 | WARNING | Watchdog ALERT: Memory 1139MB > 500MB limit
2026-02-24 02:11:51 | WARNING | Watchdog ALERT: Memory 1145MB > 500MB limit
2026-02-24 02:11:53 | DEBUG   | Hunter: 125 liquid candidates (ex-portfolio)
2026-02-24 02:12:11 | INFO    | Hunter: found 18 signals on non-portfolio pairs
2026-02-24 02:12:52 | WARNING | Watchdog ALERT: Memory 1152MB > 500MB limit
2026-02-24 02:13:53 | WARNING | Watchdog ALERT: Memory 1157MB > 500MB limit
2026-02-24 02:14:54 | WARNING | Watchdog ALERT: Memory 1161MB > 500MB limit
2026-02-24 02:15:00 | INFO    | 
[96m══════════════════════════════════════════════════════════[0m
2026-02-24 02:15:00 | INFO    |   🤖 [1m[97mv13pro LIVE DASHBOARD[0m    [91m🔴 UNHEALTHY[0m
2026-02-24 02:15:00 | INFO    |   [2m2026-02-23 15:15:00 UTC[0m   [2mSession: london[0m
2026-02-24 02:15:00 | INFO    | [96m══════════════════════════════════════════════════════════[0m
2026-02-24 02:15:00 | INFO    |   [1m💰 EQUITY[0m
2026-02-24 02:15:00 | INFO    |      Balance   [92m[1m$500.72[0m               Peak  $500.72
2026-02-24 02:15:00 | INFO    |      Growth    [92m+0.1%[0m                DD    [92m0.0%[0m
2026-02-24 02:15:00 | INFO    |      Target    $5,000       [92m██[2m░░░░░░░░░░░░░░░░░░[0m 10%
2026-02-24 02:15:00 | INFO    |      [2mPhase 2: Growth → $1K[0m
2026-02-24 02:15:00 | INFO    |   [2m──────────────────────────────────────────────────────[0m
2026-02-24 02:15:00 | INFO    |   [1m📊 TRADING[0m
2026-02-24 02:15:00 | INFO    |      Positions [97m0[0m / 7              Scans   221
2026-02-24 02:15:00 | INFO    |      Signals   0                Trades  0
2026-02-24 02:15:00 | INFO    |   [2m──────────────────────────────────────────────────────[0m
2026-02-24 02:15:00 | INFO    |   [1m🧠 INTELLIGENCE[0m
2026-02-24 02:15:00 | INFO    |      🎯 Skill     min=40  eval=3  pass=3  rej=0
2026-02-24 02:15:00 | INFO    |      📚 Learner   1 outcomes tracked
2026-02-24 02:15:00 | INFO    |      🔴 Watchdog  [91mUNHEALTHY[0m     📡 WS  74 buffers
2026-02-24 02:15:00 | INFO    |      🔭 Hunter    1240 non-portfolio signals
2026-02-24 02:15:00 | INFO    |   [2m──────────────────────────────────────────────────────[0m
2026-02-24 02:15:00 | INFO    |   [1m⚙️  CONFIG[0m
2026-02-24 02:15:00 | INFO    |      Risk       [93m3.0%[0m   Lev  [93m8x[0m   MaxPos [93m7[0m
2026-02-24 02:15:00 | INFO    |      Maker TP   [92mON[0m              Maker Entry  [92mON[0m
2026-02-24 02:15:00 | INFO    |      Combos     48                Pairs  35
2026-02-24 02:15:00 | INFO    |      Uptime     4.0h
2026-02-24 02:15:00 | INFO    | [96m══════════════════════════════════════════════════════════[0m

2026-02-24 02:15:55 | WARNING | Watchdog ALERT: Memory 1166MB > 500MB limit
2026-02-24 02:16:56 | WARNING | Watchdog ALERT: Memory 1171MB > 500MB limit
2026-02-24 02:17:11 | DEBUG   | Hunter: 125 liquid candidates (ex-portfolio)
2026-02-24 02:17:31 | INFO    | Hunter: found 30 signals on non-portfolio pairs
2026-02-24 02:17:57 | WARNING | Watchdog ALERT: Memory 1178MB > 500MB limit
2026-02-24 02:18:58 | WARNING | Watchdog ALERT: Memory 1185MB > 500MB limit
2026-02-24 02:19:59 | WARNING | Watchdog ALERT: Memory 1192MB > 500MB limit
2026-02-24 02:20:00 | INFO    | 
[96m══════════════════════════════════════════════════════════[0m
2026-02-24 02:20:00 | INFO    |   🤖 [1m[97mv13pro LIVE DASHBOARD[0m    [91m🔴 UNHEALTHY[0m
2026-02-24 02:20:00 | INFO    |   [2m2026-02-23 15:20:00 UTC[0m   [2mSession: london[0m
2026-02-24 02:20:00 | INFO    | [96m══════════════════════════════════════════════════════════[0m
2026-02-24 02:20:00 | INFO    |   [1m💰 EQUITY[0m
2026-02-24 02:20:00 | INFO    |      Balance   [92m[1m$500.72[0m               Peak  $500.72
2026-02-24 02:20:00 | INFO    |      Growth    [92m+0.1%[0m                DD    [92m0.0%[0m
2026-02-24 02:20:00 | INFO    |      Target    $5,000       [92m██[2m░░░░░░░░░░░░░░░░░░[0m 10%
2026-02-24 02:20:00 | INFO    |      [2mPhase 2: Growth → $1K[0m
2026-02-24 02:20:00 | INFO    |   [2m──────────────────────────────────────────────────────[0m
2026-02-24 02:20:00 | INFO    |   [1m📊 TRADING[0m
2026-02-24 02:20:00 | INFO    |      Positions [97m0[0m / 7              Scans   231
2026-02-24 02:20:00 | INFO    |      Signals   0                Trades  0
2026-02-24 02:20:00 | INFO    |   [2m──────────────────────────────────────────────────────[0m
2026-02-24 02:20:00 | INFO    |   [1m🧠 INTELLIGENCE[0m
2026-02-24 02:20:00 | INFO    |      🎯 Skill     min=40  eval=3  pass=3  rej=0
2026-02-24 02:20:00 | INFO    |      📚 Learner   1 outcomes tracked
2026-02-24 02:20:00 | INFO    |      🔴 Watchdog  [91mUNHEALTHY[0m     📡 WS  74 buffers
2026-02-24 02:20:00 | INFO    |      🔭 Hunter    1270 non-portfolio signals
2026-02-24 02:20:00 | INFO    |   [2m──────────────────────────────────────────────────────[0m
2026-02-24 02:20:00 | INFO    |   [1m⚙️  CONFIG[0m
2026-02-24 02:20:00 | INFO    |      Risk       [93m3.0%[0m   Lev  [93m8x[0m   MaxPos [93m7[0m
2026-02-24 02:20:00 | INFO    |      Maker TP   [92mON[0m              Maker Entry  [92mON[0m
2026-02-24 02:20:00 | INFO    |      Combos     48                Pairs  35
2026-02-24 02:20:00 | INFO    |      Uptime     4.0h
2026-02-24 02:20:00 | INFO    | [96m══════════════════════════════════════════════════════════[0m

2026-02-24 02:21:00 | WARNING | Watchdog ALERT: Memory 1195MB > 500MB limit
2026-02-24 02:22:01 | WARNING | Watchdog ALERT: Memory 1198MB > 500MB limit
2026-02-24 02:22:31 | DEBUG   | Hunter: 125 liquid candidates (ex-portfolio)
2026-02-24 02:22:51 | INFO    | Hunter: found 22 signals on non-portfolio pairs
2026-02-24 02:23:02 | WARNING | Watchdog ALERT: Memory 1203MB > 500MB limit
2026-02-24 02:24:03 | WARNING | Watchdog ALERT: Memory 1206MB > 500MB limit
2026-02-24 02:25:00 | INFO    | 
[96m══════════════════════════════════════════════════════════[0m
2026-02-24 02:25:00 | INFO    |   🤖 [1m[97mv13pro LIVE DASHBOARD[0m    [91m🔴 UNHEALTHY[0m
2026-02-24 02:25:00 | INFO    |   [2m2026-02-23 15:25:00 UTC[0m   [2mSession: london[0m
2026-02-24 02:25:00 | INFO    | [96m══════════════════════════════════════════════════════════[0m
2026-02-24 02:25:00 | INFO    |   [1m💰 EQUITY[0m
2026-02-24 02:25:00 | INFO    |      Balance   [92m[1m$500.72[0m               Peak  $500.72
2026-02-24 02:25:00 | INFO    |      Growth    [92m+0.1%[0m                DD    [92m0.0%[0m
2026-02-24 02:25:00 | INFO    |      Target    $5,000       [92m██[2m░░░░░░░░░░░░░░░░░░[0m 10%
2026-02-24 02:25:00 | INFO    |      [2mPhase 2: Growth → $1K[0m
2026-02-24 02:25:00 | INFO    |   [2m──────────────────────────────────────────────────────[0m
2026-02-24 02:25:00 | INFO    |   [1m📊 TRADING[0m
2026-02-24 02:25:00 | INFO    |      Positions [97m0[0m / 7              Scans   231
2026-02-24 02:25:00 | INFO    |      Signals   0                Trades  0
2026-02-24 02:25:00 | INFO    |   [2m──────────────────────────────────────────────────────[0m
2026-02-24 02:25:00 | INFO    |   [1m🧠 INTELLIGENCE[0m
2026-02-24 02:25:00 | INFO    |      🎯 Skill     min=40  eval=3  pass=3  rej=0
2026-02-24 02:25:00 | INFO    |      📚 Learner   1 outcomes tracked
2026-02-24 02:25:00 | INFO    |      🔴 Watchdog  [91mUNHEALTHY[0m     📡 WS  74 buffers
2026-02-24 02:25:00 | INFO    |      🔭 Hunter    1292 non-portfolio signals
2026-02-24 02:25:00 | INFO    |   [2m──────────────────────────────────────────────────────[0m
2026-02-24 02:25:00 | INFO    |   [1m⚙️  CONFIG[0m
2026-02-24 02:25:00 | INFO    |      Risk       [93m3.0%[0m   Lev  [93m8x[0m   MaxPos [93m7[0m
2026-02-24 02:25:00 | INFO    |      Maker TP   [92mON[0m              Maker Entry  [92mON[0m
2026-02-24 02:25:00 | INFO    |      Combos     48                Pairs  35
2026-02-24 02:25:00 | INFO    |      Uptime     4.1h
2026-02-24 02:25:00 | INFO    | [96m══════════════════════════════════════════════════════════[0m

2026-02-24 02:25:04 | WARNING | Watchdog ALERT: Memory 1210MB > 500MB limit
2026-02-24 02:26:05 | WARNING | Watchdog ALERT: Memory 1215MB > 500MB limit
2026-02-24 02:27:06 | WARNING | Watchdog ALERT: Memory 1220MB > 500MB limit
2026-02-24 02:27:52 | DEBUG   | Hunter: 124 liquid candidates (ex-portfolio)
2026-02-24 02:28:07 | WARNING | Watchdog ALERT: Memory 1225MB > 500MB limit
2026-02-24 02:28:11 | INFO    | Hunter: found 31 signals on non-portfolio pairs
2026-02-24 02:29:08 | WARNING | Watchdog ALERT: Memory 1228MB > 500MB limit
2026-02-24 02:30:00 | INFO    | 
[96m══════════════════════════════════════════════════════════[0m
2026-02-24 02:30:00 | INFO    |   🤖 [1m[97mv13pro LIVE DASHBOARD[0m    [91m🔴 UNHEALTHY[0m
2026-02-24 02:30:00 | INFO    |   [2m2026-02-23 15:30:00 UTC[0m   [2mSession: london[0m
2026-02-24 02:30:00 | INFO    | [96m══════════════════════════════════════════════════════════[0m
2026-02-24 02:30:00 | INFO    |   [1m💰 EQUITY[0m
2026-02-24 02:30:00 | INFO    |      Balance   [92m[1m$500.72[0m               Peak  $500.72
2026-02-24 02:30:00 | INFO    |      Growth    [92m+0.1%[0m                DD    [92m0.0%[0m
2026-02-24 02:30:00 | INFO    |      Target    $5,000       [92m██[2m░░░░░░░░░░░░░░░░░░[0m 10%
2026-02-24 02:30:00 | INFO    |      [2mPhase 2: Growth → $1K[0m
2026-02-24 02:30:00 | INFO    |   [2m──────────────────────────────────────────────────────[0m
2026-02-24 02:30:00 | INFO    |   [1m📊 TRADING[0m
2026-02-24 02:30:00 | INFO    |      Positions [97m0[0m / 7              Scans   236
2026-02-24 02:30:00 | INFO    |      Signals   0                Trades  0
2026-02-24 02:30:00 | INFO    |   [2m──────────────────────────────────────────────────────[0m
2026-02-24 02:30:00 | INFO    |   [1m🧠 INTELLIGENCE[0m
2026-02-24 02:30:00 | INFO    |      🎯 Skill     min=40  eval=3  pass=3  rej=0
2026-02-24 02:30:00 | INFO    |      📚 Learner   1 outcomes tracked
2026-02-24 02:30:00 | INFO    |      🔴 Watchdog  [91mUNHEALTHY[0m     📡 WS  74 buffers
2026-02-24 02:30:00 | INFO    |      🔭 Hunter    1323 non-portfolio signals
2026-02-24 02:30:00 | INFO    |   [2m──────────────────────────────────────────────────────[0m
2026-02-24 02:30:00 | INFO    |   [1m⚙️  CONFIG[0m
2026-02-24 02:30:00 | INFO    |      Risk       [93m3.0%[0m   Lev  [93m8x[0m   MaxPos [93m7[0m
2026-02-24 02:30:00 | INFO    |      Maker TP   [92mON[0m              Maker Entry  [92mON[0m
2026-02-24 02:30:00 | INFO    |      Combos     48                Pairs  35
2026-02-24 02:30:00 | INFO    |      Uptime     4.2h
2026-02-24 02:30:00 | INFO    | [96m══════════════════════════════════════════════════════════[0m

2026-02-24 02:30:09 | WARNING | Watchdog ALERT: Memory 1233MB > 500MB limit
2026-02-24 02:31:10 | WARNING | Watchdog ALERT: Memory 1238MB > 500MB limit
2026-02-24 02:32:11 | WARNING | Watchdog ALERT: Memory 1243MB > 500MB limit
2026-02-24 02:33:12 | WARNING | Watchdog ALERT: Memory 1247MB > 500MB limit
2026-02-24 02:33:13 | DEBUG   | Hunter: 124 liquid candidates (ex-portfolio)
2026-02-24 02:33:32 | INFO    | Hunter: found 36 signals on non-portfolio pairs
2026-02-24 02:34:13 | WARNING | Watchdog ALERT: Memory 1254MB > 500MB limit
2026-02-24 02:35:00 | INFO    | 
[96m══════════════════════════════════════════════════════════[0m
2026-02-24 02:35:00 | INFO    |   🤖 [1m[97mv13pro LIVE DASHBOARD[0m    [91m🔴 UNHEALTHY[0m
2026-02-24 02:35:00 | INFO    |   [2m2026-02-23 15:35:00 UTC[0m   [2mSession: london[0m
2026-02-24 02:35:00 | INFO    | [96m══════════════════════════════════════════════════════════[0m
2026-02-24 02:35:00 | INFO    |   [1m💰 EQUITY[0m
2026-02-24 02:35:00 | INFO    |      Balance   [92m[1m$500.72[0m               Peak  $500.72
2026-02-24 02:35:00 | INFO    |      Growth    [92m+0.1%[0m                DD    [92m0.0%[0m
2026-02-24 02:35:00 | INFO    |      Target    $5,000       [92m██[2m░░░░░░░░░░░░░░░░░░[0m 10%
2026-02-24 02:35:00 | INFO    |      [2mPhase 2: Growth → $1K[0m
2026-02-24 02:35:00 | INFO    |   [2m──────────────────────────────────────────────────────[0m
2026-02-24 02:35:00 | INFO    |   [1m📊 TRADING[0m
2026-02-24 02:35:00 | INFO    |      Positions [97m0[0m / 7              Scans   245
2026-02-24 02:35:00 | INFO    |      Signals   0                Trades  0
2026-02-24 02:35:00 | INFO    |   [2m──────────────────────────────────────────────────────[0m
2026-02-24 02:35:00 | INFO    |   [1m🧠 INTELLIGENCE[0m
2026-02-24 02:35:00 | INFO    |      🎯 Skill     min=40  eval=3  pass=3  rej=0
2026-02-24 02:35:00 | INFO    |      📚 Learner   1 outcomes tracked
2026-02-24 02:35:00 | INFO    |      🔴 Watchdog  [91mUNHEALTHY[0m     📡 WS  74 buffers
2026-02-24 02:35:00 | INFO    |      🔭 Hunter    1359 non-portfolio signals
2026-02-24 02:35:00 | INFO    |   [2m──────────────────────────────────────────────────────[0m
2026-02-24 02:35:00 | INFO    |   [1m⚙️  CONFIG[0m
2026-02-24 02:35:00 | INFO    |      Risk       [93m3.0%[0m   Lev  [93m8x[0m   MaxPos [93m7[0m
2026-02-24 02:35:00 | INFO    |      Maker TP   [92mON[0m              Maker Entry  [92mON[0m
2026-02-24 02:35:00 | INFO    |      Combos     48                Pairs  35
2026-02-24 02:35:00 | INFO    |      Uptime     4.3h
2026-02-24 02:35:00 | INFO    | [96m══════════════════════════════════════════════════════════[0m

2026-02-24 02:35:14 | WARNING | Watchdog ALERT: Memory 1258MB > 500MB limit
2026-02-24 02:36:15 | WARNING | Watchdog ALERT: Memory 1263MB > 500MB limit
2026-02-24 02:37:16 | WARNING | Watchdog ALERT: Memory 1269MB > 500MB limit
2026-02-24 02:38:17 | WARNING | Watchdog ALERT: Memory 1272MB > 500MB limit
2026-02-24 02:38:32 | DEBUG   | Hunter: 125 liquid candidates (ex-portfolio)
2026-02-24 02:38:51 | INFO    | Hunter: found 27 signals on non-portfolio pairs
2026-02-24 02:39:19 | WARNING | Watchdog ALERT: Memory 1277MB > 500MB limit
2026-02-24 02:40:00 | INFO    | 
[96m══════════════════════════════════════════════════════════[0m
2026-02-24 02:40:00 | INFO    |   🤖 [1m[97mv13pro LIVE DASHBOARD[0m    [91m🔴 UNHEALTHY[0m
2026-02-24 02:40:00 | INFO    |   [2m2026-02-23 15:40:00 UTC[0m   [2mSession: london[0m
2026-02-24 02:40:00 | INFO    | [96m══════════════════════════════════════════════════════════[0m
2026-02-24 02:40:00 | INFO    |   [1m💰 EQUITY[0m
2026-02-24 02:40:00 | INFO    |      Balance   [92m[1m$500.72[0m               Peak  $500.72
2026-02-24 02:40:00 | INFO    |      Growth    [92m+0.1%[0m                DD    [92m0.0%[0m
2026-02-24 02:40:00 | INFO    |      Target    $5,000       [92m██[2m░░░░░░░░░░░░░░░░░░[0m 10%
2026-02-24 02:40:00 | INFO    |      [2mPhase 2: Growth → $1K[0m
2026-02-24 02:40:00 | INFO    |   [2m──────────────────────────────────────────────────────[0m
2026-02-24 02:40:00 | INFO    |   [1m📊 TRADING[0m
2026-02-24 02:40:00 | INFO    |      Positions [97m0[0m / 7              Scans   245
2026-02-24 02:40:00 | INFO    |      Signals   0                Trades  0
2026-02-24 02:40:00 | INFO    |   [2m──────────────────────────────────────────────────────[0m
2026-02-24 02:40:00 | INFO    |   [1m🧠 INTELLIGENCE[0m
2026-02-24 02:40:00 | INFO    |      🎯 Skill     min=40  eval=3  pass=3  rej=0
2026-02-24 02:40:00 | INFO    |      📚 Learner   1 outcomes tracked
2026-02-24 02:40:00 | INFO    |      🔴 Watchdog  [91mUNHEALTHY[0m     📡 WS  74 buffers
2026-02-24 02:40:00 | INFO    |      🔭 Hunter    1386 non-portfolio signals
2026-02-24 02:40:00 | INFO    |   [2m──────────────────────────────────────────────────────[0m
2026-02-24 02:40:00 | INFO    |   [1m⚙️  CONFIG[0m
2026-02-24 02:40:00 | INFO    |      Risk       [93m3.0%[0m   Lev  [93m8x[0m   MaxPos [93m7[0m
2026-02-24 02:40:00 | INFO    |      Maker TP   [92mON[0m              Maker Entry  [92mON[0m
2026-02-24 02:40:00 | INFO    |      Combos     48                Pairs  35
2026-02-24 02:40:00 | INFO    |      Uptime     4.4h
2026-02-24 02:40:00 | INFO    | [96m══════════════════════════════════════════════════════════[0m

2026-02-24 02:40:20 | WARNING | Watchdog ALERT: Memory 1281MB > 500MB limit
2026-02-24 02:41:21 | WARNING | Watchdog ALERT: Memory 1287MB > 500MB limit
2026-02-24 02:42:22 | WARNING | Watchdog ALERT: Memory 1292MB > 500MB limit
2026-02-24 02:43:23 | WARNING | Watchdog ALERT: Memory 1295MB > 500MB limit
2026-02-24 02:43:52 | DEBUG   | Hunter: 123 liquid candidates (ex-portfolio)
2026-02-24 02:44:10 | INFO    | Hunter: found 35 signals on non-portfolio pairs
2026-02-24 02:44:24 | WARNING | Watchdog ALERT: Memory 1301MB > 500MB limit
2026-02-24 02:45:00 | INFO    | 
[96m══════════════════════════════════════════════════════════[0m
2026-02-24 02:45:00 | INFO    |   🤖 [1m[97mv13pro LIVE DASHBOARD[0m    [91m🔴 UNHEALTHY[0m
2026-02-24 02:45:00 | INFO    |   [2m2026-02-23 15:45:00 UTC[0m   [2mSession: london[0m
2026-02-24 02:45:00 | INFO    | [96m══════════════════════════════════════════════════════════[0m
2026-02-24 02:45:00 | INFO    |   [1m💰 EQUITY[0m
2026-02-24 02:45:00 | INFO    |      Balance   [92m[1m$500.72[0m               Peak  $500.72
2026-02-24 02:45:00 | INFO    |      Growth    [92m+0.1%[0m                DD    [92m0.0%[0m
2026-02-24 02:45:00 | INFO    |      Target    $5,000       [92m██[2m░░░░░░░░░░░░░░░░░░[0m 10%
2026-02-24 02:45:00 | INFO    |      [2mPhase 2: Growth → $1K[0m
2026-02-24 02:45:00 | INFO    |   [2m──────────────────────────────────────────────────────[0m
2026-02-24 02:45:00 | INFO    |   [1m📊 TRADING[0m
2026-02-24 02:45:00 | INFO    |      Positions [97m0[0m / 7              Scans   252
2026-02-24 02:45:00 | INFO    |      Signals   0                Trades  0
2026-02-24 02:45:00 | INFO    |   [2m──────────────────────────────────────────────────────[0m
2026-02-24 02:45:00 | INFO    |   [1m🧠 INTELLIGENCE[0m
2026-02-24 02:45:00 | INFO    |      🎯 Skill     min=40  eval=3  pass=3  rej=0
2026-02-24 02:45:00 | INFO    |      📚 Learner   1 outcomes tracked
2026-02-24 02:45:00 | INFO    |      🔴 Watchdog  [91mUNHEALTHY[0m     📡 WS  74 buffers
2026-02-24 02:45:00 | INFO    |      🔭 Hunter    1421 non-portfolio signals
2026-02-24 02:45:00 | INFO    |   [2m──────────────────────────────────────────────────────[0m
2026-02-24 02:45:00 | INFO    |   [1m⚙️  CONFIG[0m
2026-02-24 02:45:00 | INFO    |      Risk       [93m3.0%[0m   Lev  [93m8x[0m   MaxPos [93m7[0m
2026-02-24 02:45:00 | INFO    |      Maker TP   [92mON[0m              Maker Entry  [92mON[0m
2026-02-24 02:45:00 | INFO    |      Combos     48                Pairs  35
2026-02-24 02:45:00 | INFO    |      Uptime     4.5h
2026-02-24 02:45:00 | INFO    | [96m══════════════════════════════════════════════════════════[0m

2026-02-24 02:45:25 | WARNING | Watchdog ALERT: Memory 1303MB > 500MB limit
2026-02-24 02:46:26 | WARNING | Watchdog ALERT: Memory 1308MB > 500MB limit
2026-02-24 02:47:27 | WARNING | Watchdog ALERT: Memory 1312MB > 500MB limit
2026-02-24 02:48:28 | WARNING | Watchdog ALERT: Memory 1317MB > 500MB limit
2026-02-24 02:49:10 | DEBUG   | Hunter: 125 liquid candidates (ex-portfolio)
2026-02-24 02:49:30 | WARNING | Watchdog ALERT: Memory 1324MB > 500MB limit
2026-02-24 02:49:30 | INFO    | Hunter: found 27 signals on non-portfolio pairs
2026-02-24 02:50:01 | INFO    | 
[96m══════════════════════════════════════════════════════════[0m
2026-02-24 02:50:01 | INFO    |   🤖 [1m[97mv13pro LIVE DASHBOARD[0m    [91m🔴 UNHEALTHY[0m
2026-02-24 02:50:01 | INFO    |   [2m2026-02-23 15:50:01 UTC[0m   [2mSession: london[0m
2026-02-24 02:50:01 | INFO    | [96m══════════════════════════════════════════════════════════[0m
2026-02-24 02:50:01 | INFO    |   [1m💰 EQUITY[0m
2026-02-24 02:50:01 | INFO    |      Balance   [92m[1m$500.72[0m               Peak  $500.72
2026-02-24 02:50:01 | INFO    |      Growth    [92m+0.1%[0m                DD    [92m0.0%[0m
2026-02-24 02:50:01 | INFO    |      Target    $5,000       [92m██[2m░░░░░░░░░░░░░░░░░░[0m 10%
2026-02-24 02:50:01 | INFO    |      [2mPhase 2: Growth → $1K[0m
2026-02-24 02:50:01 | INFO    |   [2m──────────────────────────────────────────────────────[0m
2026-02-24 02:50:01 | INFO    |   [1m📊 TRADING[0m
2026-02-24 02:50:01 | INFO    |      Positions [97m0[0m / 7              Scans   253
2026-02-24 02:50:01 | INFO    |      Signals   0                Trades  0
2026-02-24 02:50:01 | INFO    |   [2m──────────────────────────────────────────────────────[0m
2026-02-24 02:50:01 | INFO    |   [1m🧠 INTELLIGENCE[0m
2026-02-24 02:50:01 | INFO    |      🎯 Skill     min=40  eval=3  pass=3  rej=0
2026-02-24 02:50:01 | INFO    |      📚 Learner   1 outcomes tracked
2026-02-24 02:50:01 | INFO    |      🔴 Watchdog  [91mUNHEALTHY[0m     📡 WS  74 buffers
2026-02-24 02:50:01 | INFO    |      🔭 Hunter    1448 non-portfolio signals
2026-02-24 02:50:01 | INFO    |   [2m──────────────────────────────────────────────────────[0m
2026-02-24 02:50:01 | INFO    |   [1m⚙️  CONFIG[0m
2026-02-24 02:50:01 | INFO    |      Risk       [93m3.0%[0m   Lev  [93m8x[0m   MaxPos [93m7[0m
2026-02-24 02:50:01 | INFO    |      Maker TP   [92mON[0m              Maker Entry  [92mON[0m
2026-02-24 02:50:01 | INFO    |      Combos     48                Pairs  35
2026-02-24 02:50:01 | INFO    |      Uptime     4.5h
2026-02-24 02:50:01 | INFO    | [96m══════════════════════════════════════════════════════════[0m

2026-02-24 02:50:31 | WARNING | Watchdog ALERT: Memory 1326MB > 500MB limit
2026-02-24 02:51:32 | WARNING | Watchdog ALERT: Memory 1331MB > 500MB limit
2026-02-24 02:52:33 | WARNING | Watchdog ALERT: Memory 1336MB > 500MB limit
2026-02-24 02:53:34 | WARNING | Watchdog ALERT: Memory 1342MB > 500MB limit
2026-02-24 02:54:31 | DEBUG   | Hunter: 123 liquid candidates (ex-portfolio)
2026-02-24 02:54:35 | WARNING | Watchdog ALERT: Memory 1349MB > 500MB limit
2026-02-24 02:54:50 | INFO    | Hunter: found 30 signals on non-portfolio pairs
2026-02-24 02:55:02 | INFO    | 
[96m══════════════════════════════════════════════════════════[0m
2026-02-24 02:55:02 | INFO    |   🤖 [1m[97mv13pro LIVE DASHBOARD[0m    [91m🔴 UNHEALTHY[0m
2026-02-24 02:55:02 | INFO    |   [2m2026-02-23 15:55:02 UTC[0m   [2mSession: london[0m
2026-02-24 02:55:02 | INFO    | [96m══════════════════════════════════════════════════════════[0m
2026-02-24 02:55:02 | INFO    |   [1m💰 EQUITY[0m
2026-02-24 02:55:02 | INFO    |      Balance   [92m[1m$500.72[0m               Peak  $500.72
2026-02-24 02:55:02 | INFO    |      Growth    [92m+0.1%[0m                DD    [92m0.0%[0m
2026-02-24 02:55:02 | INFO    |      Target    $5,000       [92m██[2m░░░░░░░░░░░░░░░░░░[0m 10%
2026-02-24 02:55:02 | INFO    |      [2mPhase 2: Growth → $1K[0m
2026-02-24 02:55:02 | INFO    |   [2m──────────────────────────────────────────────────────[0m
2026-02-24 02:55:02 | INFO    |   [1m📊 TRADING[0m
2026-02-24 02:55:02 | INFO    |      Positions [97m0[0m / 7              Scans   253
2026-02-24 02:55:02 | INFO    |      Signals   0                Trades  0
2026-02-24 02:55:02 | INFO    |   [2m──────────────────────────────────────────────────────[0m
2026-02-24 02:55:02 | INFO    |   [1m🧠 INTELLIGENCE[0m
2026-02-24 02:55:02 | INFO    |      🎯 Skill     min=40  eval=3  pass=3  rej=0
2026-02-24 02:55:02 | INFO    |      📚 Learner   1 outcomes tracked
2026-02-24 02:55:02 | INFO    |      🔴 Watchdog  [91mUNHEALTHY[0m     📡 WS  74 buffers
2026-02-24 02:55:02 | INFO    |      🔭 Hunter    1478 non-portfolio signals
2026-02-24 02:55:02 | INFO    |   [2m──────────────────────────────────────────────────────[0m
2026-02-24 02:55:02 | INFO    |   [1m⚙️  CONFIG[0m
2026-02-24 02:55:02 | INFO    |      Risk       [93m3.0%[0m   Lev  [93m8x[0m   MaxPos [93m7[0m
2026-02-24 02:55:02 | INFO    |      Maker TP   [92mON[0m              Maker Entry  [92mON[0m
2026-02-24 02:55:02 | INFO    |      Combos     48                Pairs  35
2026-02-24 02:55:02 | INFO    |      Uptime     4.6h
2026-02-24 02:55:02 | INFO    | [96m══════════════════════════════════════════════════════════[0m

2026-02-24 02:55:36 | WARNING | Watchdog ALERT: Memory 1352MB > 500MB limit
2026-02-24 02:56:37 | WARNING | Watchdog ALERT: Memory 1356MB > 500MB limit
2026-02-24 02:57:39 | WARNING | Watchdog ALERT: Memory 1359MB > 500MB limit
2026-02-24 02:58:40 | WARNING | Watchdog ALERT: Memory 1364MB > 500MB limit
2026-02-24 02:59:41 | WARNING | Watchdog ALERT: Memory 1367MB > 500MB limit
2026-02-24 02:59:51 | DEBUG   | Hunter: 123 liquid candidates (ex-portfolio)
2026-02-24 03:00:02 | INFO    | 
[96m══════════════════════════════════════════════════════════[0m
2026-02-24 03:00:02 | INFO    |   🤖 [1m[97mv13pro LIVE DASHBOARD[0m    [91m🔴 UNHEALTHY[0m
2026-02-24 03:00:02 | INFO    |   [2m2026-02-23 16:00:02 UTC[0m   [2mSession: ny[0m
2026-02-24 03:00:02 | INFO    | [96m══════════════════════════════════════════════════════════[0m
2026-02-24 03:00:02 | INFO    |   [1m💰 EQUITY[0m
2026-02-24 03:00:02 | INFO    |      Balance   [92m[1m$500.72[0m               Peak  $500.72
2026-02-24 03:00:02 | INFO    |      Growth    [92m+0.1%[0m                DD    [92m0.0%[0m
2026-02-24 03:00:02 | INFO    |      Target    $5,000       [92m██[2m░░░░░░░░░░░░░░░░░░[0m 10%
2026-02-24 03:00:02 | INFO    |      [2mPhase 2: Growth → $1K[0m
2026-02-24 03:00:02 | INFO    |   [2m──────────────────────────────────────────────────────[0m
2026-02-24 03:00:02 | INFO    |   [1m📊 TRADING[0m
2026-02-24 03:00:02 | INFO    |      Positions [97m0[0m / 7              Scans   287
2026-02-24 03:00:02 | INFO    |      Signals   0                Trades  0
2026-02-24 03:00:02 | INFO    |   [2m──────────────────────────────────────────────────────[0m
2026-02-24 03:00:02 | INFO    |   [1m🧠 INTELLIGENCE[0m
2026-02-24 03:00:02 | INFO    |      🎯 Skill     min=40  eval=3  pass=3  rej=0
2026-02-24 03:00:02 | INFO    |      📚 Learner   1 outcomes tracked
2026-02-24 03:00:02 | INFO    |      🔴 Watchdog  [91mUNHEALTHY[0m     📡 WS  74 buffers
2026-02-24 03:00:02 | INFO    |      🔭 Hunter    1478 non-portfolio signals
2026-02-24 03:00:02 | INFO    |   [2m──────────────────────────────────────────────────────[0m
2026-02-24 03:00:02 | INFO    |   [1m⚙️  CONFIG[0m
2026-02-24 03:00:02 | INFO    |      Risk       [93m3.0%[0m   Lev  [93m8x[0m   MaxPos [93m7[0m
2026-02-24 03:00:02 | INFO    |      Maker TP   [92mON[0m              Maker Entry  [92mON[0m
2026-02-24 03:00:02 | INFO    |      Combos     48                Pairs  35
2026-02-24 03:00:02 | INFO    |      Uptime     4.7h
2026-02-24 03:00:02 | INFO    | [96m══════════════════════════════════════════════════════════[0m

2026-02-24 03:00:13 | INFO    | Hunter: found 20 signals on non-portfolio pairs
2026-02-24 03:00:42 | WARNING | Watchdog ALERT: Memory 1374MB > 500MB limit
2026-02-24 03:01:43 | WARNING | Watchdog ALERT: Memory 1379MB > 500MB limit
2026-02-24 03:02:44 | WARNING | Watchdog ALERT: Memory 1385MB > 500MB limit
2026-02-24 03:03:46 | WARNING | Watchdog ALERT: Memory 1391MB > 500MB limit
2026-02-24 03:04:47 | WARNING | Watchdog ALERT: Memory 1398MB > 500MB limit
2026-02-24 03:05:06 | INFO    | 
[96m══════════════════════════════════════════════════════════[0m
2026-02-24 03:05:06 | INFO    |   🤖 [1m[97mv13pro LIVE DASHBOARD[0m    [91m🔴 UNHEALTHY[0m
2026-02-24 03:05:06 | INFO    |   [2m2026-02-23 16:05:06 UTC[0m   [2mSession: ny[0m
2026-02-24 03:05:06 | INFO    | [96m══════════════════════════════════════════════════════════[0m
2026-02-24 03:05:06 | INFO    |   [1m💰 EQUITY[0m
2026-02-24 03:05:06 | INFO    |      Balance   [92m[1m$500.72[0m               Peak  $500.72
2026-02-24 03:05:06 | INFO    |      Growth    [92m+0.1%[0m                DD    [92m0.0%[0m
2026-02-24 03:05:06 | INFO    |      Target    $5,000       [92m██[2m░░░░░░░░░░░░░░░░░░[0m 10%
2026-02-24 03:05:06 | INFO    |      [2mPhase 2: Growth → $1K[0m
2026-02-24 03:05:06 | INFO    |   [2m──────────────────────────────────────────────────────[0m
2026-02-24 03:05:06 | INFO    |   [1m📊 TRADING[0m
2026-02-24 03:05:06 | INFO    |      Positions [97m0[0m / 7              Scans   288
2026-02-24 03:05:06 | INFO    |      Signals   0                Trades  0
2026-02-24 03:05:06 | INFO    |   [2m──────────────────────────────────────────────────────[0m
2026-02-24 03:05:06 | INFO    |   [1m🧠 INTELLIGENCE[0m
2026-02-24 03:05:06 | INFO    |      🎯 Skill     min=40  eval=3  pass=3  rej=0
2026-02-24 03:05:06 | INFO    |      📚 Learner   1 outcomes tracked
2026-02-24 03:05:06 | INFO    |      🔴 Watchdog  [91mUNHEALTHY[0m     📡 WS  74 buffers
2026-02-24 03:05:06 | INFO    |      🔭 Hunter    1498 non-portfolio signals
2026-02-24 03:05:06 | INFO    |   [2m──────────────────────────────────────────────────────[0m
2026-02-24 03:05:06 | INFO    |   [1m⚙️  CONFIG[0m
2026-02-24 03:05:06 | INFO    |      Risk       [93m3.0%[0m   Lev  [93m8x[0m   MaxPos [93m7[0m
2026-02-24 03:05:06 | INFO    |      Maker TP   [92mON[0m              Maker Entry  [92mON[0m
2026-02-24 03:05:06 | INFO    |      Combos     48                Pairs  35
2026-02-24 03:05:06 | INFO    |      Uptime     4.8h
2026-02-24 03:05:06 | INFO    | [96m══════════════════════════════════════════════════════════[0m

2026-02-24 03:05:14 | DEBUG   | Hunter: 125 liquid candidates (ex-portfolio)
2026-02-24 03:05:34 | INFO    | Hunter: found 35 signals on non-portfolio pairs
2026-02-24 03:05:48 | WARNING | Watchdog ALERT: Memory 1406MB > 500MB limit
2026-02-24 03:06:49 | WARNING | Watchdog ALERT: Memory 1410MB > 500MB limit
2026-02-24 03:07:50 | WARNING | Watchdog ALERT: Memory 1416MB > 500MB limit
2026-02-24 03:08:52 | WARNING | Watchdog ALERT: Memory 1421MB > 500MB limit
2026-02-24 03:09:53 | WARNING | Watchdog ALERT: Memory 1427MB > 500MB limit
2026-02-24 03:10:34 | DEBUG   | Hunter: 124 liquid candidates (ex-portfolio)
2026-02-24 03:10:54 | WARNING | Watchdog ALERT: Memory 1432MB > 500MB limit
2026-02-24 03:10:56 | INFO    | Hunter: found 34 signals on non-portfolio pairs
2026-02-24 03:11:00 | INFO    | 
[96m══════════════════════════════════════════════════════════[0m
2026-02-24 03:11:00 | INFO    |   🤖 [1m[97mv13pro LIVE DASHBOARD[0m    [91m🔴 UNHEALTHY[0m
2026-02-24 03:11:00 | INFO    |   [2m2026-02-23 16:11:00 UTC[0m   [2mSession: ny[0m
2026-02-24 03:11:00 | INFO    | [96m══════════════════════════════════════════════════════════[0m
2026-02-24 03:11:00 | INFO    |   [1m💰 EQUITY[0m
2026-02-24 03:11:00 | INFO    |      Balance   [92m[1m$500.72[0m               Peak  $500.72
2026-02-24 03:11:00 | INFO    |      Growth    [92m+0.1%[0m                DD    [92m0.0%[0m
2026-02-24 03:11:00 | INFO    |      Target    $5,000       [92m██[2m░░░░░░░░░░░░░░░░░░[0m 10%
2026-02-24 03:11:00 | INFO    |      [2mPhase 2: Growth → $1K[0m
2026-02-24 03:11:00 | INFO    |   [2m──────────────────────────────────────────────────────[0m
2026-02-24 03:11:00 | INFO    |   [1m📊 TRADING[0m
2026-02-24 03:11:00 | INFO    |      Positions [97m0[0m / 7              Scans   288
2026-02-24 03:11:00 | INFO    |      Signals   0                Trades  0
2026-02-24 03:11:00 | INFO    |   [2m──────────────────────────────────────────────────────[0m
2026-02-24 03:11:00 | INFO    |   [1m🧠 INTELLIGENCE[0m
2026-02-24 03:11:00 | INFO    |      🎯 Skill     min=40  eval=3  pass=3  rej=0
2026-02-24 03:11:00 | INFO    |      📚 Learner   1 outcomes tracked
2026-02-24 03:11:00 | INFO    |      🔴 Watchdog  [91mUNHEALTHY[0m     📡 WS  74 buffers
2026-02-24 03:11:00 | INFO    |      🔭 Hunter    1567 non-portfolio signals
2026-02-24 03:11:00 | INFO    |   [2m──────────────────────────────────────────────────────[0m
2026-02-24 03:11:00 | INFO    |   [1m⚙️  CONFIG[0m
2026-02-24 03:11:00 | INFO    |      Risk       [93m3.0%[0m   Lev  [93m8x[0m   MaxPos [93m7[0m
2026-02-24 03:11:00 | INFO    |      Maker TP   [92mON[0m              Maker Entry  [92mON[0m
2026-02-24 03:11:00 | INFO    |      Combos     48                Pairs  35
2026-02-24 03:11:00 | INFO    |      Uptime     4.9h
2026-02-24 03:11:00 | INFO    | [96m══════════════════════════════════════════════════════════[0m

2026-02-24 03:11:55 | WARNING | Watchdog ALERT: Memory 1434MB > 500MB limit
2026-02-24 03:12:57 | WARNING | Watchdog ALERT: Memory 1438MB > 500MB limit
2026-02-24 03:13:58 | WARNING | Watchdog ALERT: Memory 1445MB > 500MB limit
2026-02-24 03:14:59 | WARNING | Watchdog ALERT: Memory 1450MB > 500MB limit
2026-02-24 03:15:57 | DEBUG   | Hunter: 125 liquid candidates (ex-portfolio)
2026-02-24 03:16:00 | WARNING | Watchdog ALERT: Memory 1460MB > 500MB limit
2026-02-24 03:16:01 | INFO    | 
[96m══════════════════════════════════════════════════════════[0m
2026-02-24 03:16:01 | INFO    |   🤖 [1m[97mv13pro LIVE DASHBOARD[0m    [91m🔴 UNHEALTHY[0m
2026-02-24 03:16:01 | INFO    |   [2m2026-02-23 16:16:01 UTC[0m   [2mSession: ny[0m
2026-02-24 03:16:01 | INFO    | [96m══════════════════════════════════════════════════════════[0m
2026-02-24 03:16:01 | INFO    |   [1m💰 EQUITY[0m
2026-02-24 03:16:01 | INFO    |      Balance   [92m[1m$500.72[0m               Peak  $500.72
2026-02-24 03:16:01 | INFO    |      Growth    [92m+0.1%[0m                DD    [92m0.0%[0m
2026-02-24 03:16:01 | INFO    |      Target    $5,000       [92m██[2m░░░░░░░░░░░░░░░░░░[0m 10%
2026-02-24 03:16:01 | INFO    |      [2mPhase 2: Growth → $1K[0m
2026-02-24 03:16:01 | INFO    |   [2m──────────────────────────────────────────────────────[0m
2026-02-24 03:16:01 | INFO    |   [1m📊 TRADING[0m
2026-02-24 03:16:01 | INFO    |      Positions [97m0[0m / 7              Scans   297
2026-02-24 03:16:01 | INFO    |      Signals   0                Trades  0
2026-02-24 03:16:01 | INFO    |   [2m──────────────────────────────────────────────────────[0m
2026-02-24 03:16:01 | INFO    |   [1m🧠 INTELLIGENCE[0m
2026-02-24 03:16:01 | INFO    |      🎯 Skill     min=40  eval=3  pass=3  rej=0
2026-02-24 03:16:01 | INFO    |      📚 Learner   1 outcomes tracked
2026-02-24 03:16:01 | INFO    |      🔴 Watchdog  [91mUNHEALTHY[0m     📡 WS  74 buffers
2026-02-24 03:16:01 | INFO    |      🔭 Hunter    1567 non-portfolio signals
2026-02-24 03:16:01 | INFO    |   [2m──────────────────────────────────────────────────────[0m
2026-02-24 03:16:01 | INFO    |   [1m⚙️  CONFIG[0m
2026-02-24 03:16:01 | INFO    |      Risk       [93m3.0%[0m   Lev  [93m8x[0m   MaxPos [93m7[0m
2026-02-24 03:16:01 | INFO    |      Maker TP   [92mON[0m              Maker Entry  [92mON[0m
2026-02-24 03:16:01 | INFO    |      Combos     48                Pairs  35
2026-02-24 03:16:01 | INFO    |      Uptime     5.0h
2026-02-24 03:16:01 | INFO    | [96m══════════════════════════════════════════════════════════[0m

2026-02-24 03:16:18 | INFO    | Hunter: found 24 signals on non-portfolio pairs
2026-02-24 03:17:02 | WARNING | Watchdog ALERT: Memory 1463MB > 500MB limit
2026-02-24 03:18:03 | WARNING | Watchdog ALERT: Memory 1469MB > 500MB limit
2026-02-24 03:19:04 | WARNING | Watchdog ALERT: Memory 1477MB > 500MB limit
2026-02-24 03:20:05 | WARNING | Watchdog ALERT: Memory 1484MB > 500MB limit
2026-02-24 03:21:00 | INFO    | 
[96m══════════════════════════════════════════════════════════[0m
2026-02-24 03:21:00 | INFO    |   🤖 [1m[97mv13pro LIVE DASHBOARD[0m    [91m🔴 UNHEALTHY[0m
2026-02-24 03:21:00 | INFO    |   [2m2026-02-23 16:21:00 UTC[0m   [2mSession: ny[0m
2026-02-24 03:21:00 | INFO    | [96m══════════════════════════════════════════════════════════[0m
2026-02-24 03:21:00 | INFO    |   [1m💰 EQUITY[0m
2026-02-24 03:21:00 | INFO    |      Balance   [92m[1m$500.72[0m               Peak  $500.72
2026-02-24 03:21:00 | INFO    |      Growth    [92m+0.1%[0m                DD    [92m0.0%[0m
2026-02-24 03:21:00 | INFO    |      Target    $5,000       [92m██[2m░░░░░░░░░░░░░░░░░░[0m 10%
2026-02-24 03:21:00 | INFO    |      [2mPhase 2: Growth → $1K[0m
2026-02-24 03:21:00 | INFO    |   [2m──────────────────────────────────────────────────────[0m
2026-02-24 03:21:00 | INFO    |   [1m📊 TRADING[0m
2026-02-24 03:21:00 | INFO    |      Positions [97m0[0m / 7              Scans   297
2026-02-24 03:21:00 | INFO    |      Signals   0                Trades  0
2026-02-24 03:21:00 | INFO    |   [2m──────────────────────────────────────────────────────[0m
2026-02-24 03:21:00 | INFO    |   [1m🧠 INTELLIGENCE[0m
2026-02-24 03:21:00 | INFO    |      🎯 Skill     min=40  eval=3  pass=3  rej=0
2026-02-24 03:21:00 | INFO    |      📚 Learner   1 outcomes tracked
2026-02-24 03:21:00 | INFO    |      🔴 Watchdog  [91mUNHEALTHY[0m     📡 WS  74 buffers
2026-02-24 03:21:00 | INFO    |      🔭 Hunter    1591 non-portfolio signals
2026-02-24 03:21:00 | INFO    |   [2m──────────────────────────────────────────────────────[0m
2026-02-24 03:21:00 | INFO    |   [1m⚙️  CONFIG[0m
2026-02-24 03:21:00 | INFO    |      Risk       [93m3.0%[0m   Lev  [93m8x[0m   MaxPos [93m7[0m
2026-02-24 03:21:00 | INFO    |      Maker TP   [92mON[0m              Maker Entry  [92mON[0m
2026-02-24 03:21:00 | INFO    |      Combos     48                Pairs  35
2026-02-24 03:21:00 | INFO    |      Uptime     5.1h
2026-02-24 03:21:00 | INFO    | [96m══════════════════════════════════════════════════════════[0m

2026-02-24 03:21:07 | WARNING | Watchdog ALERT: Memory 1490MB > 500MB limit
2026-02-24 03:21:18 | DEBUG   | Hunter: 124 liquid candidates (ex-portfolio)
2026-02-24 03:21:39 | INFO    | Hunter: found 35 signals on non-portfolio pairs
2026-02-24 03:22:08 | WARNING | Watchdog ALERT: Memory 1496MB > 500MB limit
2026-02-24 03:23:09 | WARNING | Watchdog ALERT: Memory 1501MB > 500MB limit
2026-02-24 03:24:11 | WARNING | Watchdog ALERT: Memory 1504MB > 500MB limit
2026-02-24 03:25:12 | WARNING | Watchdog ALERT: Memory 1508MB > 500MB limit
2026-02-24 03:26:00 | INFO    | 
[96m══════════════════════════════════════════════════════════[0m
2026-02-24 03:26:00 | INFO    |   🤖 [1m[97mv13pro LIVE DASHBOARD[0m    [91m🔴 UNHEALTHY[0m
2026-02-24 03:26:00 | INFO    |   [2m2026-02-23 16:26:00 UTC[0m   [2mSession: ny[0m
2026-02-24 03:26:00 | INFO    | [96m══════════════════════════════════════════════════════════[0m
2026-02-24 03:26:00 | INFO    |   [1m💰 EQUITY[0m
2026-02-24 03:26:00 | INFO    |      Balance   [92m[1m$500.72[0m               Peak  $500.72
2026-02-24 03:26:00 | INFO    |      Growth    [92m+0.1%[0m                DD    [92m0.0%[0m
2026-02-24 03:26:00 | INFO    |      Target    $5,000       [92m██[2m░░░░░░░░░░░░░░░░░░[0m 10%
2026-02-24 03:26:00 | INFO    |      [2mPhase 2: Growth → $1K[0m
2026-02-24 03:26:00 | INFO    |   [2m──────────────────────────────────────────────────────[0m
2026-02-24 03:26:00 | INFO    |   [1m📊 TRADING[0m
2026-02-24 03:26:00 | INFO    |      Positions [97m0[0m / 7              Scans   297
2026-02-24 03:26:00 | INFO    |      Signals   0                Trades  0
2026-02-24 03:26:00 | INFO    |   [2m──────────────────────────────────────────────────────[0m
2026-02-24 03:26:00 | INFO    |   [1m🧠 INTELLIGENCE[0m
2026-02-24 03:26:00 | INFO    |      🎯 Skill     min=40  eval=3  pass=3  rej=0
2026-02-24 03:26:00 | INFO    |      📚 Learner   1 outcomes tracked
2026-02-24 03:26:00 | INFO    |      🔴 Watchdog  [91mUNHEALTHY[0m     📡 WS  74 buffers
2026-02-24 03:26:00 | INFO    |      🔭 Hunter    1626 non-portfolio signals
2026-02-24 03:26:00 | INFO    |   [2m──────────────────────────────────────────────────────[0m
2026-02-24 03:26:00 | INFO    |   [1m⚙️  CONFIG[0m
2026-02-24 03:26:00 | INFO    |      Risk       [93m3.0%[0m   Lev  [93m8x[0m   MaxPos [93m7[0m
2026-02-24 03:26:00 | INFO    |      Maker TP   [92mON[0m              Maker Entry  [92mON[0m
2026-02-24 03:26:00 | INFO    |      Combos     48                Pairs  35
2026-02-24 03:26:00 | INFO    |      Uptime     5.1h
2026-02-24 03:26:00 | INFO    | [96m══════════════════════════════════════════════════════════[0m

2026-02-24 03:26:13 | WARNING | Watchdog ALERT: Memory 1513MB > 500MB limit
2026-02-24 03:26:39 | DEBUG   | Hunter: 125 liquid candidates (ex-portfolio)
2026-02-24 03:27:02 | INFO    | Hunter: found 30 signals on non-portfolio pairs
2026-02-24 03:27:14 | WARNING | Watchdog ALERT: Memory 1519MB > 500MB limit
2026-02-24 03:28:16 | WARNING | Watchdog ALERT: Memory 1525MB > 500MB limit
2026-02-24 03:29:17 | WARNING | Watchdog ALERT: Memory 1531MB > 500MB limit
2026-02-24 03:30:18 | WARNING | Watchdog ALERT: Memory 1536MB > 500MB limit
2026-02-24 03:31:01 | INFO    | 
[96m══════════════════════════════════════════════════════════[0m
2026-02-24 03:31:01 | INFO    |   🤖 [1m[97mv13pro LIVE DASHBOARD[0m    [91m🔴 UNHEALTHY[0m
2026-02-24 03:31:01 | INFO    |   [2m2026-02-23 16:31:01 UTC[0m   [2mSession: ny[0m
2026-02-24 03:31:01 | INFO    | [96m══════════════════════════════════════════════════════════[0m
2026-02-24 03:31:01 | INFO    |   [1m💰 EQUITY[0m
2026-02-24 03:31:01 | INFO    |      Balance   [92m[1m$500.72[0m               Peak  $500.72
2026-02-24 03:31:01 | INFO    |      Growth    [92m+0.1%[0m                DD    [92m0.0%[0m
2026-02-24 03:31:01 | INFO    |      Target    $5,000       [92m██[2m░░░░░░░░░░░░░░░░░░[0m 10%
2026-02-24 03:31:01 | INFO    |      [2mPhase 2: Growth → $1K[0m
2026-02-24 03:31:01 | INFO    |   [2m──────────────────────────────────────────────────────[0m
2026-02-24 03:31:01 | INFO    |   [1m📊 TRADING[0m
2026-02-24 03:31:01 | INFO    |      Positions [97m0[0m / 7              Scans   310
2026-02-24 03:31:01 | INFO    |      Signals   0                Trades  0
2026-02-24 03:31:01 | INFO    |   [2m──────────────────────────────────────────────────────[0m
2026-02-24 03:31:01 | INFO    |   [1m🧠 INTELLIGENCE[0m
2026-02-24 03:31:01 | INFO    |      🎯 Skill     min=40  eval=3  pass=3  rej=0
2026-02-24 03:31:01 | INFO    |      📚 Learner   1 outcomes tracked
2026-02-24 03:31:01 | INFO    |      🔴 Watchdog  [91mUNHEALTHY[0m     📡 WS  74 buffers
2026-02-24 03:31:01 | INFO    |      🔭 Hunter    1656 non-portfolio signals
2026-02-24 03:31:01 | INFO    |   [2m──────────────────────────────────────────────────────[0m
2026-02-24 03:31:01 | INFO    |   [1m⚙️  CONFIG[0m
2026-02-24 03:31:01 | INFO    |      Risk       [93m3.0%[0m   Lev  [93m8x[0m   MaxPos [93m7[0m
2026-02-24 03:31:01 | INFO    |      Maker TP   [92mON[0m              Maker Entry  [92mON[0m
2026-02-24 03:31:01 | INFO    |      Combos     48                Pairs  35
2026-02-24 03:31:01 | INFO    |      Uptime     5.2h
2026-02-24 03:31:01 | INFO    | [96m══════════════════════════════════════════════════════════[0m

2026-02-24 03:31:20 | WARNING | Watchdog ALERT: Memory 1543MB > 500MB limit
2026-02-24 03:32:02 | DEBUG   | Hunter: 124 liquid candidates (ex-portfolio)
2026-02-24 03:32:21 | WARNING | Watchdog ALERT: Memory 1549MB > 500MB limit
2026-02-24 03:32:21 | INFO    | Hunter: found 28 signals on non-portfolio pairs
2026-02-24 03:33:22 | WARNING | Watchdog ALERT: Memory 1551MB > 500MB limit
2026-02-24 03:34:24 | WARNING | Watchdog ALERT: Memory 1556MB > 500MB limit
2026-02-24 03:35:25 | WARNING | Watchdog ALERT: Memory 1562MB > 500MB limit
2026-02-24 03:36:01 | INFO    | 
[96m══════════════════════════════════════════════════════════[0m
2026-02-24 03:36:01 | INFO    |   🤖 [1m[97mv13pro LIVE DASHBOARD[0m    [91m🔴 UNHEALTHY[0m
2026-02-24 03:36:01 | INFO    |   [2m2026-02-23 16:36:01 UTC[0m   [2mSession: ny[0m
2026-02-24 03:36:01 | INFO    | [96m══════════════════════════════════════════════════════════[0m
2026-02-24 03:36:01 | INFO    |   [1m💰 EQUITY[0m
2026-02-24 03:36:01 | INFO    |      Balance   [92m[1m$500.72[0m               Peak  $500.72
2026-02-24 03:36:01 | INFO    |      Growth    [92m+0.1%[0m                DD    [92m0.0%[0m
2026-02-24 03:36:01 | INFO    |      Target    $5,000       [92m██[2m░░░░░░░░░░░░░░░░░░[0m 10%
2026-02-24 03:36:01 | INFO    |      [2mPhase 2: Growth → $1K[0m
2026-02-24 03:36:01 | INFO    |   [2m──────────────────────────────────────────────────────[0m
2026-02-24 03:36:01 | INFO    |   [1m📊 TRADING[0m
2026-02-24 03:36:01 | INFO    |      Positions [97m0[0m / 7              Scans   310
2026-02-24 03:36:01 | INFO    |      Signals   0                Trades  0
2026-02-24 03:36:01 | INFO    |   [2m──────────────────────────────────────────────────────[0m
2026-02-24 03:36:01 | INFO    |   [1m🧠 INTELLIGENCE[0m
2026-02-24 03:36:01 | INFO    |      🎯 Skill     min=40  eval=3  pass=3  rej=0
2026-02-24 03:36:01 | INFO    |      📚 Learner   1 outcomes tracked
2026-02-24 03:36:01 | INFO    |      🔴 Watchdog  [91mUNHEALTHY[0m     📡 WS  74 buffers
2026-02-24 03:36:01 | INFO    |      🔭 Hunter    1684 non-portfolio signals
2026-02-24 03:36:01 | INFO    |   [2m──────────────────────────────────────────────────────[0m
2026-02-24 03:36:01 | INFO    |   [1m⚙️  CONFIG[0m
2026-02-24 03:36:01 | INFO    |      Risk       [93m3.0%[0m   Lev  [93m8x[0m   MaxPos [93m7[0m
2026-02-24 03:36:01 | INFO    |      Maker TP   [92mON[0m              Maker Entry  [92mON[0m
2026-02-24 03:36:01 | INFO    |      Combos     48                Pairs  35
2026-02-24 03:36:01 | INFO    |      Uptime     5.3h
2026-02-24 03:36:01 | INFO    | [96m══════════════════════════════════════════════════════════[0m

2026-02-24 03:36:26 | WARNING | Watchdog ALERT: Memory 1568MB > 500MB limit
2026-02-24 03:37:22 | DEBUG   | Hunter: 125 liquid candidates (ex-portfolio)
2026-02-24 03:37:28 | WARNING | Watchdog ALERT: Memory 1576MB > 500MB limit
2026-02-24 03:37:43 | INFO    | Hunter: found 29 signals on non-portfolio pairs
2026-02-24 03:38:29 | WARNING | Watchdog ALERT: Memory 1579MB > 500MB limit
2026-02-24 03:39:30 | WARNING | Watchdog ALERT: Memory 1584MB > 500MB limit
2026-02-24 03:40:32 | WARNING | Watchdog ALERT: Memory 1588MB > 500MB limit
2026-02-24 03:41:01 | INFO    | 
[96m══════════════════════════════════════════════════════════[0m
2026-02-24 03:41:01 | INFO    |   🤖 [1m[97mv13pro LIVE DASHBOARD[0m    [91m🔴 UNHEALTHY[0m
2026-02-24 03:41:01 | INFO    |   [2m2026-02-23 16:41:01 UTC[0m   [2mSession: ny[0m
2026-02-24 03:41:01 | INFO    | [96m══════════════════════════════════════════════════════════[0m
2026-02-24 03:41:01 | INFO    |   [1m💰 EQUITY[0m
2026-02-24 03:41:01 | INFO    |      Balance   [92m[1m$500.72[0m               Peak  $500.72
2026-02-24 03:41:01 | INFO    |      Growth    [92m+0.1%[0m                DD    [92m0.0%[0m
2026-02-24 03:41:01 | INFO    |      Target    $5,000       [92m██[2m░░░░░░░░░░░░░░░░░░[0m 10%
2026-02-24 03:41:01 | INFO    |      [2mPhase 2: Growth → $1K[0m
2026-02-24 03:41:01 | INFO    |   [2m──────────────────────────────────────────────────────[0m
2026-02-24 03:41:01 | INFO    |   [1m📊 TRADING[0m
2026-02-24 03:41:01 | INFO    |      Positions [97m0[0m / 7              Scans   310
2026-02-24 03:41:01 | INFO    |      Signals   0                Trades  0
2026-02-24 03:41:01 | INFO    |   [2m──────────────────────────────────────────────────────[0m
2026-02-24 03:41:01 | INFO    |   [1m🧠 INTELLIGENCE[0m
2026-02-24 03:41:01 | INFO    |      🎯 Skill     min=40  eval=3  pass=3  rej=0
2026-02-24 03:41:01 | INFO    |      📚 Learner   1 outcomes tracked
2026-02-24 03:41:01 | INFO    |      🔴 Watchdog  [91mUNHEALTHY[0m     📡 WS  74 buffers
2026-02-24 03:41:01 | INFO    |      🔭 Hunter    1713 non-portfolio signals
2026-02-24 03:41:01 | INFO    |   [2m──────────────────────────────────────────────────────[0m
2026-02-24 03:41:01 | INFO    |   [1m⚙️  CONFIG[0m
2026-02-24 03:41:01 | INFO    |      Risk       [93m3.0%[0m   Lev  [93m8x[0m   MaxPos [93m7[0m
2026-02-24 03:41:01 | INFO    |      Maker TP   [92mON[0m              Maker Entry  [92mON[0m
2026-02-24 03:41:01 | INFO    |      Combos     48                Pairs  35
2026-02-24 03:41:01 | INFO    |      Uptime     5.4h
2026-02-24 03:41:01 | INFO    | [96m══════════════════════════════════════════════════════════[0m

2026-02-24 03:41:33 | WARNING | Watchdog ALERT: Memory 1593MB > 500MB limit
2026-02-24 03:42:35 | WARNING | Watchdog ALERT: Memory 1596MB > 500MB limit
2026-02-24 03:42:44 | DEBUG   | Hunter: 126 liquid candidates (ex-portfolio)
2026-02-24 03:43:03 | INFO    | Hunter: found 31 signals on non-portfolio pairs
2026-02-24 03:43:36 | WARNING | Watchdog ALERT: Memory 1601MB > 500MB limit
2026-02-24 03:44:37 | WARNING | Watchdog ALERT: Memory 1604MB > 500MB limit
2026-02-24 03:45:39 | WARNING | Watchdog ALERT: Memory 1609MB > 500MB limit
2026-02-24 03:46:01 | INFO    | 
[96m══════════════════════════════════════════════════════════[0m
2026-02-24 03:46:01 | INFO    |   🤖 [1m[97mv13pro LIVE DASHBOARD[0m    [91m🔴 UNHEALTHY[0m
2026-02-24 03:46:01 | INFO    |   [2m2026-02-23 16:46:01 UTC[0m   [2mSession: ny[0m
2026-02-24 03:46:01 | INFO    | [96m══════════════════════════════════════════════════════════[0m
2026-02-24 03:46:01 | INFO    |   [1m💰 EQUITY[0m
2026-02-24 03:46:01 | INFO    |      Balance   [92m[1m$500.72[0m               Peak  $500.72
2026-02-24 03:46:01 | INFO    |      Growth    [92m+0.1%[0m                DD    [92m0.0%[0m
2026-02-24 03:46:01 | INFO    |      Target    $5,000       [92m██[2m░░░░░░░░░░░░░░░░░░[0m 10%
2026-02-24 03:46:01 | INFO    |      [2mPhase 2: Growth → $1K[0m
2026-02-24 03:46:01 | INFO    |   [2m──────────────────────────────────────────────────────[0m
2026-02-24 03:46:01 | INFO    |   [1m📊 TRADING[0m
2026-02-24 03:46:01 | INFO    |      Positions [97m0[0m / 7              Scans   321
2026-02-24 03:46:01 | INFO    |      Signals   0                Trades  0
2026-02-24 03:46:01 | INFO    |   [2m──────────────────────────────────────────────────────[0m
2026-02-24 03:46:01 | INFO    |   [1m🧠 INTELLIGENCE[0m
2026-02-24 03:46:01 | INFO    |      🎯 Skill     min=40  eval=3  pass=3  rej=0
2026-02-24 03:46:01 | INFO    |      📚 Learner   1 outcomes tracked
2026-02-24 03:46:01 | INFO    |      🔴 Watchdog  [91mUNHEALTHY[0m     📡 WS  74 buffers
2026-02-24 03:46:01 | INFO    |      🔭 Hunter    1744 non-portfolio signals
2026-02-24 03:46:01 | INFO    |   [2m──────────────────────────────────────────────────────[0m
2026-02-24 03:46:01 | INFO    |   [1m⚙️  CONFIG[0m
2026-02-24 03:46:01 | INFO    |      Risk       [93m3.0%[0m   Lev  [93m8x[0m   MaxPos [93m7[0m
2026-02-24 03:46:01 | INFO    |      Maker TP   [92mON[0m              Maker Entry  [92mON[0m
2026-02-24 03:46:01 | INFO    |      Combos     48                Pairs  35
2026-02-24 03:46:01 | INFO    |      Uptime     5.5h
2026-02-24 03:46:01 | INFO    | [96m══════════════════════════════════════════════════════════[0m

2026-02-24 03:46:40 | WARNING | Watchdog ALERT: Memory 1614MB > 500MB limit
2026-02-24 03:47:41 | WARNING | Watchdog ALERT: Memory 1620MB > 500MB limit
2026-02-24 03:48:04 | DEBUG   | Hunter: 125 liquid candidates (ex-portfolio)
2026-02-24 03:48:23 | INFO    | Hunter: found 29 signals on non-portfolio pairs
2026-02-24 03:48:43 | WARNING | Watchdog ALERT: Memory 1624MB > 500MB limit
2026-02-24 03:49:44 | WARNING | Watchdog ALERT: Memory 1629MB > 500MB limit
2026-02-24 03:50:46 | WARNING | Watchdog ALERT: Memory 1634MB > 500MB limit
2026-02-24 03:51:01 | INFO    | 
[96m══════════════════════════════════════════════════════════[0m
2026-02-24 03:51:01 | INFO    |   🤖 [1m[97mv13pro LIVE DASHBOARD[0m    [91m🔴 UNHEALTHY[0m
2026-02-24 03:51:01 | INFO    |   [2m2026-02-23 16:51:01 UTC[0m   [2mSession: ny[0m
2026-02-24 03:51:01 | INFO    | [96m══════════════════════════════════════════════════════════[0m
2026-02-24 03:51:01 | INFO    |   [1m💰 EQUITY[0m
2026-02-24 03:51:01 | INFO    |      Balance   [92m[1m$500.72[0m               Peak  $500.72
2026-02-24 03:51:01 | INFO    |      Growth    [92m+0.1%[0m                DD    [92m0.0%[0m
2026-02-24 03:51:01 | INFO    |      Target    $5,000       [92m██[2m░░░░░░░░░░░░░░░░░░[0m 10%
2026-02-24 03:51:01 | INFO    |      [2mPhase 2: Growth → $1K[0m
2026-02-24 03:51:01 | INFO    |   [2m──────────────────────────────────────────────────────[0m
2026-02-24 03:51:01 | INFO    |   [1m📊 TRADING[0m
2026-02-24 03:51:01 | INFO    |      Positions [97m0[0m / 7              Scans   321
2026-02-24 03:51:01 | INFO    |      Signals   0                Trades  0
2026-02-24 03:51:01 | INFO    |   [2m──────────────────────────────────────────────────────[0m
2026-02-24 03:51:01 | INFO    |   [1m🧠 INTELLIGENCE[0m
2026-02-24 03:51:01 | INFO    |      🎯 Skill     min=40  eval=3  pass=3  rej=0
2026-02-24 03:51:01 | INFO    |      📚 Learner   1 outcomes tracked
2026-02-24 03:51:01 | INFO    |      🔴 Watchdog  [91mUNHEALTHY[0m     📡 WS  74 buffers
2026-02-24 03:51:01 | INFO    |      🔭 Hunter    1773 non-portfolio signals
2026-02-24 03:51:01 | INFO    |   [2m──────────────────────────────────────────────────────[0m
2026-02-24 03:51:01 | INFO    |   [1m⚙️  CONFIG[0m
2026-02-24 03:51:01 | INFO    |      Risk       [93m3.0%[0m   Lev  [93m8x[0m   MaxPos [93m7[0m
2026-02-24 03:51:01 | INFO    |      Maker TP   [92mON[0m              Maker Entry  [92mON[0m
2026-02-24 03:51:01 | INFO    |      Combos     48                Pairs  35
2026-02-24 03:51:01 | INFO    |      Uptime     5.6h
2026-02-24 03:51:01 | INFO    | [96m══════════════════════════════════════════════════════════[0m

2026-02-24 03:51:47 | WARNING | Watchdog ALERT: Memory 1638MB > 500MB limit
2026-02-24 03:52:49 | WARNING | Watchdog ALERT: Memory 1643MB > 500MB limit
2026-02-24 03:53:23 | DEBUG   | Hunter: 125 liquid candidates (ex-portfolio)
2026-02-24 03:53:42 | INFO    | Hunter: found 30 signals on non-portfolio pairs
2026-02-24 03:53:50 | WARNING | Watchdog ALERT: Memory 1649MB > 500MB limit
2026-02-24 03:54:52 | WARNING | Watchdog ALERT: Memory 1651MB > 500MB limit
2026-02-24 03:55:53 | WARNING | Watchdog ALERT: Memory 1655MB > 500MB limit
2026-02-24 03:56:11 | INFO    | 
[96m══════════════════════════════════════════════════════════[0m
2026-02-24 03:56:11 | INFO    |   🤖 [1m[97mv13pro LIVE DASHBOARD[0m    [91m🔴 UNHEALTHY[0m
2026-02-24 03:56:11 | INFO    |   [2m2026-02-23 16:56:11 UTC[0m   [2mSession: ny[0m
2026-02-24 03:56:11 | INFO    | [96m══════════════════════════════════════════════════════════[0m
2026-02-24 03:56:11 | INFO    |   [1m💰 EQUITY[0m
2026-02-24 03:56:11 | INFO    |      Balance   [92m[1m$500.72[0m               Peak  $500.72
2026-02-24 03:56:11 | INFO    |      Growth    [92m+0.1%[0m                DD    [92m0.0%[0m
2026-02-24 03:56:11 | INFO    |      Target    $5,000       [92m██[2m░░░░░░░░░░░░░░░░░░[0m 10%
2026-02-24 03:56:11 | INFO    |      [2mPhase 2: Growth → $1K[0m
2026-02-24 03:56:11 | INFO    |   [2m──────────────────────────────────────────────────────[0m
2026-02-24 03:56:11 | INFO    |   [1m📊 TRADING[0m
2026-02-24 03:56:11 | INFO    |      Positions [97m0[0m / 7              Scans   321
2026-02-24 03:56:11 | INFO    |      Signals   0                Trades  0
2026-02-24 03:56:11 | INFO    |   [2m──────────────────────────────────────────────────────[0m
2026-02-24 03:56:11 | INFO    |   [1m🧠 INTELLIGENCE[0m
2026-02-24 03:56:11 | INFO    |      🎯 Skill     min=40  eval=3  pass=3  rej=0
2026-02-24 03:56:11 | INFO    |      📚 Learner   1 outcomes tracked
2026-02-24 03:56:11 | INFO    |      🔴 Watchdog  [91mUNHEALTHY[0m     📡 WS  74 buffers
2026-02-24 03:56:11 | INFO    |      🔭 Hunter    1803 non-portfolio signals
2026-02-24 03:56:11 | INFO    |   [2m──────────────────────────────────────────────────────[0m
2026-02-24 03:56:11 | INFO    |   [1m⚙️  CONFIG[0m
2026-02-24 03:56:11 | INFO    |      Risk       [93m3.0%[0m   Lev  [93m8x[0m   MaxPos [93m7[0m
2026-02-24 03:56:11 | INFO    |      Maker TP   [92mON[0m              Maker Entry  [92mON[0m
2026-02-24 03:56:11 | INFO    |      Combos     48                Pairs  35
2026-02-24 03:56:11 | INFO    |      Uptime     5.6h
2026-02-24 03:56:11 | INFO    | [96m══════════════════════════════════════════════════════════[0m

2026-02-24 03:56:54 | WARNING | Watchdog ALERT: Memory 1657MB > 500MB limit
2026-02-24 03:57:56 | WARNING | Watchdog ALERT: Memory 1660MB > 500MB limit
2026-02-24 03:58:42 | DEBUG   | Hunter: 126 liquid candidates (ex-portfolio)
2026-02-24 03:58:57 | WARNING | Watchdog ALERT: Memory 1667MB > 500MB limit
2026-02-24 03:59:03 | INFO    | Hunter: found 38 signals on non-portfolio pairs
2026-02-24 03:59:59 | WARNING | Watchdog ALERT: Memory 1669MB > 500MB limit
2026-02-24 04:01:00 | WARNING | Watchdog ALERT: Memory 1674MB > 500MB limit
2026-02-24 04:01:16 | INFO    | 
[96m══════════════════════════════════════════════════════════[0m
2026-02-24 04:01:16 | INFO    |   🤖 [1m[97mv13pro LIVE DASHBOARD[0m    [91m🔴 UNHEALTHY[0m
2026-02-24 04:01:16 | INFO    |   [2m2026-02-23 17:01:16 UTC[0m   [2mSession: ny[0m
2026-02-24 04:01:16 | INFO    | [96m══════════════════════════════════════════════════════════[0m
2026-02-24 04:01:16 | INFO    |   [1m💰 EQUITY[0m
2026-02-24 04:01:16 | INFO    |      Balance   [92m[1m$500.72[0m               Peak  $500.72
2026-02-24 04:01:16 | INFO    |      Growth    [92m+0.1%[0m                DD    [92m0.0%[0m
2026-02-24 04:01:16 | INFO    |      Target    $5,000       [92m██[2m░░░░░░░░░░░░░░░░░░[0m 10%
2026-02-24 04:01:16 | INFO    |      [2mPhase 2: Growth → $1K[0m
2026-02-24 04:01:16 | INFO    |   [2m──────────────────────────────────────────────────────[0m
2026-02-24 04:01:16 | INFO    |   [1m📊 TRADING[0m
2026-02-24 04:01:16 | INFO    |      Positions [97m0[0m / 7              Scans   352
2026-02-24 04:01:16 | INFO    |      Signals   0                Trades  0
2026-02-24 04:01:16 | INFO    |   [2m──────────────────────────────────────────────────────[0m
2026-02-24 04:01:16 | INFO    |   [1m🧠 INTELLIGENCE[0m
2026-02-24 04:01:16 | INFO    |      🎯 Skill     min=40  eval=3  pass=3  rej=0
2026-02-24 04:01:16 | INFO    |      📚 Learner   1 outcomes tracked
2026-02-24 04:01:16 | INFO    |      🔴 Watchdog  [91mUNHEALTHY[0m     📡 WS  74 buffers
2026-02-24 04:01:16 | INFO    |      🔭 Hunter    1841 non-portfolio signals
2026-02-24 04:01:16 | INFO    |   [2m──────────────────────────────────────────────────────[0m
2026-02-24 04:01:16 | INFO    |   [1m⚙️  CONFIG[0m
2026-02-24 04:01:16 | INFO    |      Risk       [93m3.0%[0m   Lev  [93m8x[0m   MaxPos [93m7[0m
2026-02-24 04:01:16 | INFO    |      Maker TP   [92mON[0m              Maker Entry  [92mON[0m
2026-02-24 04:01:16 | INFO    |      Combos     48                Pairs  35
2026-02-24 04:01:16 | INFO    |      Uptime     5.7h
2026-02-24 04:01:16 | INFO    | [96m══════════════════════════════════════════════════════════[0m

2026-02-24 04:02:02 | WARNING | Watchdog ALERT: Memory 1679MB > 500MB limit
2026-02-24 04:03:03 | WARNING | Watchdog ALERT: Memory 1684MB > 500MB limit
2026-02-24 04:04:04 | WARNING | Watchdog ALERT: Memory 1689MB > 500MB limit
2026-02-24 04:04:05 | DEBUG   | Hunter: 125 liquid candidates (ex-portfolio)
2026-02-24 04:04:24 | INFO    | Hunter: found 22 signals on non-portfolio pairs
2026-02-24 04:05:06 | WARNING | Watchdog ALERT: Memory 1694MB > 500MB limit
2026-02-24 04:06:07 | WARNING | Watchdog ALERT: Memory 1698MB > 500MB limit
2026-02-24 04:06:26 | INFO    | 
[96m══════════════════════════════════════════════════════════[0m
2026-02-24 04:06:26 | INFO    |   🤖 [1m[97mv13pro LIVE DASHBOARD[0m    [91m🔴 UNHEALTHY[0m
2026-02-24 04:06:26 | INFO    |   [2m2026-02-23 17:06:26 UTC[0m   [2mSession: ny[0m
2026-02-24 04:06:26 | INFO    | [96m══════════════════════════════════════════════════════════[0m
2026-02-24 04:06:26 | INFO    |   [1m💰 EQUITY[0m
2026-02-24 04:06:26 | INFO    |      Balance   [92m[1m$500.72[0m               Peak  $500.72
2026-02-24 04:06:26 | INFO    |      Growth    [92m+0.1%[0m                DD    [92m0.0%[0m
2026-02-24 04:06:26 | INFO    |      Target    $5,000       [92m██[2m░░░░░░░░░░░░░░░░░░[0m 10%
2026-02-24 04:06:26 | INFO    |      [2mPhase 2: Growth → $1K[0m
2026-02-24 04:06:26 | INFO    |   [2m──────────────────────────────────────────────────────[0m
2026-02-24 04:06:26 | INFO    |   [1m📊 TRADING[0m
2026-02-24 04:06:26 | INFO    |      Positions [97m0[0m / 7              Scans   352
2026-02-24 04:06:26 | INFO    |      Signals   0                Trades  0
2026-02-24 04:06:26 | INFO    |   [2m──────────────────────────────────────────────────────[0m
2026-02-24 04:06:26 | INFO    |   [1m🧠 INTELLIGENCE[0m
2026-02-24 04:06:26 | INFO    |      🎯 Skill     min=40  eval=3  pass=3  rej=0
2026-02-24 04:06:26 | INFO    |      📚 Learner   1 outcomes tracked
2026-02-24 04:06:26 | INFO    |      🔴 Watchdog  [91mUNHEALTHY[0m     📡 WS  74 buffers
2026-02-24 04:06:26 | INFO    |      🔭 Hunter    1863 non-portfolio signals
2026-02-24 04:06:26 | INFO    |   [2m──────────────────────────────────────────────────────[0m
2026-02-24 04:06:26 | INFO    |   [1m⚙️  CONFIG[0m
2026-02-24 04:06:26 | INFO    |      Risk       [93m3.0%[0m   Lev  [93m8x[0m   MaxPos [93m7[0m
2026-02-24 04:06:26 | INFO    |      Maker TP   [92mON[0m              Maker Entry  [92mON[0m
2026-02-24 04:06:26 | INFO    |      Combos     48                Pairs  35
2026-02-24 04:06:26 | INFO    |      Uptime     5.8h
2026-02-24 04:06:26 | INFO    | [96m══════════════════════════════════════════════════════════[0m

2026-02-24 04:07:09 | WARNING | Watchdog ALERT: Memory 1703MB > 500MB limit
2026-02-24 04:08:10 | WARNING | Watchdog ALERT: Memory 1706MB > 500MB limit
2026-02-24 04:09:12 | WARNING | Watchdog ALERT: Memory 1710MB > 500MB limit
2026-02-24 04:09:25 | DEBUG   | Hunter: 126 liquid candidates (ex-portfolio)
2026-02-24 04:09:45 | INFO    | Hunter: found 23 signals on non-portfolio pairs
2026-02-24 04:10:13 | WARNING | Watchdog ALERT: Memory 1716MB > 500MB limit
2026-02-24 04:11:15 | WARNING | Watchdog ALERT: Memory 1720MB > 500MB limit
2026-02-24 04:12:00 | INFO    | 
[96m══════════════════════════════════════════════════════════[0m
2026-02-24 04:12:00 | INFO    |   🤖 [1m[97mv13pro LIVE DASHBOARD[0m    [91m🔴 UNHEALTHY[0m
2026-02-24 04:12:00 | INFO    |   [2m2026-02-23 17:12:00 UTC[0m   [2mSession: ny[0m
2026-02-24 04:12:00 | INFO    | [96m══════════════════════════════════════════════════════════[0m
2026-02-24 04:12:00 | INFO    |   [1m💰 EQUITY[0m
2026-02-24 04:12:00 | INFO    |      Balance   [92m[1m$500.72[0m               Peak  $500.72
2026-02-24 04:12:00 | INFO    |      Growth    [92m+0.1%[0m                DD    [92m0.0%[0m
2026-02-24 04:12:00 | INFO    |      Target    $5,000       [92m██[2m░░░░░░░░░░░░░░░░░░[0m 10%
2026-02-24 04:12:00 | INFO    |      [2mPhase 2: Growth → $1K[0m
2026-02-24 04:12:00 | INFO    |   [2m──────────────────────────────────────────────────────[0m
2026-02-24 04:12:00 | INFO    |   [1m📊 TRADING[0m
2026-02-24 04:12:00 | INFO    |      Positions [97m0[0m / 7              Scans   352
2026-02-24 04:12:00 | INFO    |      Signals   0                Trades  0
2026-02-24 04:12:00 | INFO    |   [2m──────────────────────────────────────────────────────[0m
2026-02-24 04:12:00 | INFO    |   [1m🧠 INTELLIGENCE[0m
2026-02-24 04:12:00 | INFO    |      🎯 Skill     min=40  eval=3  pass=3  rej=0
2026-02-24 04:12:00 | INFO    |      📚 Learner   1 outcomes tracked
2026-02-24 04:12:00 | INFO    |      🔴 Watchdog  [91mUNHEALTHY[0m     📡 WS  74 buffers
2026-02-24 04:12:00 | INFO    |      🔭 Hunter    1886 non-portfolio signals
2026-02-24 04:12:00 | INFO    |   [2m──────────────────────────────────────────────────────[0m
2026-02-24 04:12:00 | INFO    |   [1m⚙️  CONFIG[0m
2026-02-24 04:12:00 | INFO    |      Risk       [93m3.0%[0m   Lev  [93m8x[0m   MaxPos [93m7[0m
2026-02-24 04:12:00 | INFO    |      Maker TP   [92mON[0m              Maker Entry  [92mON[0m
2026-02-24 04:12:00 | INFO    |      Combos     48                Pairs  35
2026-02-24 04:12:00 | INFO    |      Uptime     5.9h
2026-02-24 04:12:00 | INFO    | [96m══════════════════════════════════════════════════════════[0m

2026-02-24 04:12:16 | WARNING | Watchdog ALERT: Memory 1725MB > 500MB limit
2026-02-24 04:13:18 | WARNING | Watchdog ALERT: Memory 1729MB > 500MB limit
2026-02-24 04:14:19 | WARNING | Watchdog ALERT: Memory 1733MB > 500MB limit
2026-02-24 04:14:46 | DEBUG   | Hunter: 125 liquid candidates (ex-portfolio)
2026-02-24 04:15:05 | INFO    | Hunter: found 36 signals on non-portfolio pairs
2026-02-24 04:15:21 | WARNING | Watchdog ALERT: Memory 1742MB > 500MB limit
2026-02-24 04:16:22 | WARNING | Watchdog ALERT: Memory 1747MB > 500MB limit
2026-02-24 04:17:00 | INFO    | 
[96m══════════════════════════════════════════════════════════[0m
2026-02-24 04:17:00 | INFO    |   🤖 [1m[97mv13pro LIVE DASHBOARD[0m    [91m🔴 UNHEALTHY[0m
2026-02-24 04:17:00 | INFO    |   [2m2026-02-23 17:17:00 UTC[0m   [2mSession: ny[0m
2026-02-24 04:17:00 | INFO    | [96m══════════════════════════════════════════════════════════[0m
2026-02-24 04:17:00 | INFO    |   [1m💰 EQUITY[0m
2026-02-24 04:17:00 | INFO    |      Balance   [92m[1m$500.72[0m               Peak  $500.72
2026-02-24 04:17:00 | INFO    |      Growth    [92m+0.1%[0m                DD    [92m0.0%[0m
2026-02-24 04:17:00 | INFO    |      Target    $5,000       [92m██[2m░░░░░░░░░░░░░░░░░░[0m 10%
2026-02-24 04:17:00 | INFO    |      [2mPhase 2: Growth → $1K[0m
2026-02-24 04:17:00 | INFO    |   [2m──────────────────────────────────────────────────────[0m
2026-02-24 04:17:00 | INFO    |   [1m📊 TRADING[0m
2026-02-24 04:17:00 | INFO    |      Positions [97m0[0m / 7              Scans   360
2026-02-24 04:17:00 | INFO    |      Signals   0                Trades  0
2026-02-24 04:17:00 | INFO    |   [2m──────────────────────────────────────────────────────[0m
2026-02-24 04:17:00 | INFO    |   [1m🧠 INTELLIGENCE[0m
2026-02-24 04:17:00 | INFO    |      🎯 Skill     min=40  eval=3  pass=3  rej=0
2026-02-24 04:17:00 | INFO    |      📚 Learner   1 outcomes tracked
2026-02-24 04:17:00 | INFO    |      🔴 Watchdog  [91mUNHEALTHY[0m     📡 WS  74 buffers
2026-02-24 04:17:00 | INFO    |      🔭 Hunter    1922 non-portfolio signals
2026-02-24 04:17:00 | INFO    |   [2m──────────────────────────────────────────────────────[0m
2026-02-24 04:17:00 | INFO    |   [1m⚙️  CONFIG[0m
2026-02-24 04:17:00 | INFO    |      Risk       [93m3.0%[0m   Lev  [93m8x[0m   MaxPos [93m7[0m
2026-02-24 04:17:00 | INFO    |      Maker TP   [92mON[0m              Maker Entry  [92mON[0m
2026-02-24 04:17:00 | INFO    |      Combos     48                Pairs  35
2026-02-24 04:17:00 | INFO    |      Uptime     6.0h
2026-02-24 04:17:00 | INFO    | [96m══════════════════════════════════════════════════════════[0m

2026-02-24 04:17:24 | WARNING | Watchdog ALERT: Memory 1752MB > 500MB limit
2026-02-24 04:18:25 | WARNING | Watchdog ALERT: Memory 1759MB > 500MB limit
2026-02-24 04:19:27 | WARNING | Watchdog ALERT: Memory 1765MB > 500MB limit
2026-02-24 04:20:05 | DEBUG   | Hunter: 125 liquid candidates (ex-portfolio)
2026-02-24 04:20:24 | INFO    | Hunter: found 36 signals on non-portfolio pairs
2026-02-24 04:20:28 | WARNING | Watchdog ALERT: Memory 1774MB > 500MB limit
2026-02-24 04:21:30 | WARNING | Watchdog ALERT: Memory 1777MB > 500MB limit
2026-02-24 04:22:00 | INFO    | 
[96m══════════════════════════════════════════════════════════[0m
2026-02-24 04:22:00 | INFO    |   🤖 [1m[97mv13pro LIVE DASHBOARD[0m    [91m🔴 UNHEALTHY[0m
2026-02-24 04:22:00 | INFO    |   [2m2026-02-23 17:22:00 UTC[0m   [2mSession: ny[0m
2026-02-24 04:22:00 | INFO    | [96m══════════════════════════════════════════════════════════[0m
2026-02-24 04:22:00 | INFO    |   [1m💰 EQUITY[0m
2026-02-24 04:22:00 | INFO    |      Balance   [92m[1m$500.72[0m               Peak  $500.72
2026-02-24 04:22:00 | INFO    |      Growth    [92m+0.1%[0m                DD    [92m0.0%[0m
2026-02-24 04:22:00 | INFO    |      Target    $5,000       [92m██[2m░░░░░░░░░░░░░░░░░░[0m 10%
2026-02-24 04:22:00 | INFO    |      [2mPhase 2: Growth → $1K[0m
2026-02-24 04:22:00 | INFO    |   [2m──────────────────────────────────────────────────────[0m
2026-02-24 04:22:00 | INFO    |   [1m📊 TRADING[0m
2026-02-24 04:22:00 | INFO    |      Positions [97m0[0m / 7              Scans   360
2026-02-24 04:22:00 | INFO    |      Signals   0                Trades  0
2026-02-24 04:22:00 | INFO    |   [2m──────────────────────────────────────────────────────[0m
2026-02-24 04:22:00 | INFO    |   [1m🧠 INTELLIGENCE[0m
2026-02-24 04:22:00 | INFO    |      🎯 Skill     min=40  eval=3  pass=3  rej=0
2026-02-24 04:22:00 | INFO    |      📚 Learner   1 outcomes tracked
2026-02-24 04:22:00 | INFO    |      🔴 Watchdog  [91mUNHEALTHY[0m     📡 WS  74 buffers
2026-02-24 04:22:00 | INFO    |      🔭 Hunter    1958 non-portfolio signals
2026-02-24 04:22:00 | INFO    |   [2m──────────────────────────────────────────────────────[0m
2026-02-24 04:22:00 | INFO    |   [1m⚙️  CONFIG[0m
2026-02-24 04:22:00 | INFO    |      Risk       [93m3.0%[0m   Lev  [93m8x[0m   MaxPos [93m7[0m
2026-02-24 04:22:00 | INFO    |      Maker TP   [92mON[0m              Maker Entry  [92mON[0m
2026-02-24 04:22:00 | INFO    |      Combos     48                Pairs  35
2026-02-24 04:22:00 | INFO    |      Uptime     6.1h
2026-02-24 04:22:00 | INFO    | [96m══════════════════════════════════════════════════════════[0m

2026-02-24 04:22:32 | WARNING | Watchdog ALERT: Memory 1783MB > 500MB limit
2026-02-24 04:23:33 | WARNING | Watchdog ALERT: Memory 1788MB > 500MB limit
2026-02-24 04:24:35 | WARNING | Watchdog ALERT: Memory 1794MB > 500MB limit
2026-02-24 04:25:24 | DEBUG   | Hunter: 126 liquid candidates (ex-portfolio)
2026-02-24 04:25:36 | WARNING | Watchdog ALERT: Memory 1802MB > 500MB limit
2026-02-24 04:25:44 | INFO    | Hunter: found 36 signals on non-portfolio pairs
2026-02-24 04:26:38 | WARNING | Watchdog ALERT: Memory 1804MB > 500MB limit
2026-02-24 04:27:00 | INFO    | 
[96m══════════════════════════════════════════════════════════[0m
2026-02-24 04:27:00 | INFO    |   🤖 [1m[97mv13pro LIVE DASHBOARD[0m    [91m🔴 UNHEALTHY[0m
2026-02-24 04:27:00 | INFO    |   [2m2026-02-23 17:27:00 UTC[0m   [2mSession: ny[0m
2026-02-24 04:27:00 | INFO    | [96m══════════════════════════════════════════════════════════[0m
2026-02-24 04:27:00 | INFO    |   [1m💰 EQUITY[0m
2026-02-24 04:27:00 | INFO    |      Balance   [92m[1m$500.72[0m               Peak  $500.72
2026-02-24 04:27:00 | INFO    |      Growth    [92m+0.1%[0m                DD    [92m0.0%[0m
2026-02-24 04:27:00 | INFO    |      Target    $5,000       [92m██[2m░░░░░░░░░░░░░░░░░░[0m 10%
2026-02-24 04:27:00 | INFO    |      [2mPhase 2: Growth → $1K[0m
2026-02-24 04:27:00 | INFO    |   [2m──────────────────────────────────────────────────────[0m
2026-02-24 04:27:00 | INFO    |   [1m📊 TRADING[0m
2026-02-24 04:27:00 | INFO    |      Positions [97m0[0m / 7              Scans   360
2026-02-24 04:27:00 | INFO    |      Signals   0                Trades  0
2026-02-24 04:27:00 | INFO    |   [2m──────────────────────────────────────────────────────[0m
2026-02-24 04:27:00 | INFO    |   [1m🧠 INTELLIGENCE[0m
2026-02-24 04:27:00 | INFO    |      🎯 Skill     min=40  eval=3  pass=3  rej=0
2026-02-24 04:27:00 | INFO    |      📚 Learner   1 outcomes tracked
2026-02-24 04:27:00 | INFO    |      🔴 Watchdog  [91mUNHEALTHY[0m     📡 WS  74 buffers
2026-02-24 04:27:00 | INFO    |      🔭 Hunter    1994 non-portfolio signals
2026-02-24 04:27:00 | INFO    |   [2m──────────────────────────────────────────────────────[0m
2026-02-24 04:27:00 | INFO    |   [1m⚙️  CONFIG[0m
2026-02-24 04:27:00 | INFO    |      Risk       [93m3.0%[0m   Lev  [93m8x[0m   MaxPos [93m7[0m
2026-02-24 04:27:00 | INFO    |      Maker TP   [92mON[0m              Maker Entry  [92mON[0m
2026-02-24 04:27:00 | INFO    |      Combos     48                Pairs  35
2026-02-24 04:27:00 | INFO    |      Uptime     6.2h
2026-02-24 04:27:00 | INFO    | [96m══════════════════════════════════════════════════════════[0m

2026-02-24 04:27:39 | WARNING | Watchdog ALERT: Memory 1809MB > 500MB limit
2026-02-24 04:28:41 | WARNING | Watchdog ALERT: Memory 1816MB > 500MB limit
2026-02-24 04:29:42 | WARNING | Watchdog ALERT: Memory 1820MB > 500MB limit
2026-02-24 04:30:44 | WARNING | Watchdog ALERT: Memory 1826MB > 500MB limit
2026-02-24 04:30:45 | DEBUG   | Hunter: 127 liquid candidates (ex-portfolio)
2026-02-24 04:31:03 | INFO    | Hunter: found 23 signals on non-portfolio pairs
2026-02-24 04:31:46 | WARNING | Watchdog ALERT: Memory 1832MB > 500MB limit
2026-02-24 04:32:00 | INFO    | 
[96m══════════════════════════════════════════════════════════[0m
2026-02-24 04:32:00 | INFO    |   🤖 [1m[97mv13pro LIVE DASHBOARD[0m    [91m🔴 UNHEALTHY[0m
2026-02-24 04:32:00 | INFO    |   [2m2026-02-23 17:32:00 UTC[0m   [2mSession: ny[0m
2026-02-24 04:32:00 | INFO    | [96m══════════════════════════════════════════════════════════[0m
2026-02-24 04:32:00 | INFO    |   [1m💰 EQUITY[0m
2026-02-24 04:32:00 | INFO    |      Balance   [92m[1m$500.72[0m               Peak  $500.72
2026-02-24 04:32:00 | INFO    |      Growth    [92m+0.1%[0m                DD    [92m0.0%[0m
2026-02-24 04:32:00 | INFO    |      Target    $5,000       [92m██[2m░░░░░░░░░░░░░░░░░░[0m 10%
2026-02-24 04:32:00 | INFO    |      [2mPhase 2: Growth → $1K[0m
2026-02-24 04:32:00 | INFO    |   [2m──────────────────────────────────────────────────────[0m
2026-02-24 04:32:00 | INFO    |   [1m📊 TRADING[0m
2026-02-24 04:32:00 | INFO    |      Positions [97m0[0m / 7              Scans   374
2026-02-24 04:32:00 | INFO    |      Signals   0                Trades  0
2026-02-24 04:32:00 | INFO    |   [2m──────────────────────────────────────────────────────[0m
2026-02-24 04:32:00 | INFO    |   [1m🧠 INTELLIGENCE[0m
2026-02-24 04:32:00 | INFO    |      🎯 Skill     min=40  eval=3  pass=3  rej=0
2026-02-24 04:32:00 | INFO    |      📚 Learner   1 outcomes tracked
2026-02-24 04:32:00 | INFO    |      🔴 Watchdog  [91mUNHEALTHY[0m     📡 WS  74 buffers
2026-02-24 04:32:00 | INFO    |      🔭 Hunter    2017 non-portfolio signals
2026-02-24 04:32:00 | INFO    |   [2m──────────────────────────────────────────────────────[0m
2026-02-24 04:32:00 | INFO    |   [1m⚙️  CONFIG[0m
2026-02-24 04:32:00 | INFO    |      Risk       [93m3.0%[0m   Lev  [93m8x[0m   MaxPos [93m7[0m
2026-02-24 04:32:00 | INFO    |      Maker TP   [92mON[0m              Maker Entry  [92mON[0m
2026-02-24 04:32:00 | INFO    |      Combos     48                Pairs  35
2026-02-24 04:32:00 | INFO    |      Uptime     6.2h
2026-02-24 04:32:00 | INFO    | [96m══════════════════════════════════════════════════════════[0m

2026-02-24 04:32:47 | WARNING | Watchdog ALERT: Memory 1837MB > 500MB limit
2026-02-24 04:33:49 | WARNING | Watchdog ALERT: Memory 1843MB > 500MB limit
2026-02-24 04:34:51 | WARNING | Watchdog ALERT: Memory 1848MB > 500MB limit
2026-02-24 04:35:52 | WARNING | Watchdog ALERT: Memory 1853MB > 500MB limit
2026-02-24 04:36:04 | DEBUG   | Hunter: 126 liquid candidates (ex-portfolio)
2026-02-24 04:36:23 | INFO    | Hunter: found 34 signals on non-portfolio pairs
2026-02-24 04:36:54 | WARNING | Watchdog ALERT: Memory 1859MB > 500MB limit
2026-02-24 04:37:00 | INFO    | 
[96m══════════════════════════════════════════════════════════[0m
2026-02-24 04:37:00 | INFO    |   🤖 [1m[97mv13pro LIVE DASHBOARD[0m    [91m🔴 UNHEALTHY[0m
2026-02-24 04:37:00 | INFO    |   [2m2026-02-23 17:37:00 UTC[0m   [2mSession: ny[0m
2026-02-24 04:37:00 | INFO    | [96m══════════════════════════════════════════════════════════[0m
2026-02-24 04:37:00 | INFO    |   [1m💰 EQUITY[0m
2026-02-24 04:37:00 | INFO    |      Balance   [92m[1m$500.72[0m               Peak  $500.72
2026-02-24 04:37:00 | INFO    |      Growth    [92m+0.1%[0m                DD    [92m0.0%[0m
2026-02-24 04:37:00 | INFO    |      Target    $5,000       [92m██[2m░░░░░░░░░░░░░░░░░░[0m 10%
2026-02-24 04:37:00 | INFO    |      [2mPhase 2: Growth → $1K[0m
2026-02-24 04:37:00 | INFO    |   [2m──────────────────────────────────────────────────────[0m
2026-02-24 04:37:00 | INFO    |   [1m📊 TRADING[0m
2026-02-24 04:37:00 | INFO    |      Positions [97m0[0m / 7              Scans   374
2026-02-24 04:37:00 | INFO    |      Signals   0                Trades  0
2026-02-24 04:37:00 | INFO    |   [2m──────────────────────────────────────────────────────[0m
2026-02-24 04:37:00 | INFO    |   [1m🧠 INTELLIGENCE[0m
2026-02-24 04:37:00 | INFO    |      🎯 Skill     min=40  eval=3  pass=3  rej=0
2026-02-24 04:37:00 | INFO    |      📚 Learner   1 outcomes tracked
2026-02-24 04:37:00 | INFO    |      🔴 Watchdog  [91mUNHEALTHY[0m     📡 WS  74 buffers
2026-02-24 04:37:00 | INFO    |      🔭 Hunter    2051 non-portfolio signals
2026-02-24 04:37:00 | INFO    |   [2m──────────────────────────────────────────────────────[0m
2026-02-24 04:37:00 | INFO    |   [1m⚙️  CONFIG[0m
2026-02-24 04:37:00 | INFO    |      Risk       [93m3.0%[0m   Lev  [93m8x[0m   MaxPos [93m7[0m
2026-02-24 04:37:00 | INFO    |      Maker TP   [92mON[0m              Maker Entry  [92mON[0m
2026-02-24 04:37:00 | INFO    |      Combos     48                Pairs  35
2026-02-24 04:37:00 | INFO    |      Uptime     6.3h
2026-02-24 04:37:00 | INFO    | [96m══════════════════════════════════════════════════════════[0m

2026-02-24 04:37:56 | WARNING | Watchdog ALERT: Memory 1867MB > 500MB limit
2026-02-24 04:38:57 | WARNING | Watchdog ALERT: Memory 1872MB > 500MB limit
2026-02-24 04:39:59 | WARNING | Watchdog ALERT: Memory 1877MB > 500MB limit
2026-02-24 04:41:01 | WARNING | Watchdog ALERT: Memory 1883MB > 500MB limit
2026-02-24 04:41:24 | DEBUG   | Hunter: 127 liquid candidates (ex-portfolio)
2026-02-24 04:41:42 | INFO    | Hunter: found 30 signals on non-portfolio pairs
2026-02-24 04:42:00 | INFO    | 
[96m══════════════════════════════════════════════════════════[0m
2026-02-24 04:42:00 | INFO    |   🤖 [1m[97mv13pro LIVE DASHBOARD[0m    [91m🔴 UNHEALTHY[0m
2026-02-24 04:42:00 | INFO    |   [2m2026-02-23 17:42:00 UTC[0m   [2mSession: ny[0m
2026-02-24 04:42:00 | INFO    | [96m══════════════════════════════════════════════════════════[0m
2026-02-24 04:42:00 | INFO    |   [1m💰 EQUITY[0m
2026-02-24 04:42:00 | INFO    |      Balance   [92m[1m$500.72[0m               Peak  $500.72
2026-02-24 04:42:00 | INFO    |      Growth    [92m+0.1%[0m                DD    [92m0.0%[0m
2026-02-24 04:42:00 | INFO    |      Target    $5,000       [92m██[2m░░░░░░░░░░░░░░░░░░[0m 10%
2026-02-24 04:42:00 | INFO    |      [2mPhase 2: Growth → $1K[0m
2026-02-24 04:42:00 | INFO    |   [2m──────────────────────────────────────────────────────[0m
2026-02-24 04:42:00 | INFO    |   [1m📊 TRADING[0m
2026-02-24 04:42:00 | INFO    |      Positions [97m0[0m / 7              Scans   374
2026-02-24 04:42:00 | INFO    |      Signals   0                Trades  0
2026-02-24 04:42:00 | INFO    |   [2m──────────────────────────────────────────────────────[0m
2026-02-24 04:42:00 | INFO    |   [1m🧠 INTELLIGENCE[0m
2026-02-24 04:42:00 | INFO    |      🎯 Skill     min=40  eval=3  pass=3  rej=0
2026-02-24 04:42:00 | INFO    |      📚 Learner   1 outcomes tracked
2026-02-24 04:42:00 | INFO    |      🔴 Watchdog  [91mUNHEALTHY[0m     📡 WS  74 buffers
2026-02-24 04:42:00 | INFO    |      🔭 Hunter    2081 non-portfolio signals
2026-02-24 04:42:00 | INFO    |   [2m──────────────────────────────────────────────────────[0m
2026-02-24 04:42:00 | INFO    |   [1m⚙️  CONFIG[0m
2026-02-24 04:42:00 | INFO    |      Risk       [93m3.0%[0m   Lev  [93m8x[0m   MaxPos [93m7[0m
2026-02-24 04:42:00 | INFO    |      Maker TP   [92mON[0m              Maker Entry  [92mON[0m
2026-02-24 04:42:00 | INFO    |      Combos     48                Pairs  35
2026-02-24 04:42:00 | INFO    |      Uptime     6.4h
2026-02-24 04:42:00 | INFO    | [96m══════════════════════════════════════════════════════════[0m

2026-02-24 04:42:03 | WARNING | Watchdog ALERT: Memory 1892MB > 500MB limit
2026-02-24 04:43:04 | WARNING | Watchdog ALERT: Memory 1892MB > 500MB limit
2026-02-24 04:44:05 | WARNING | Watchdog ALERT: Memory 1892MB > 500MB limit
2026-02-24 04:45:06 | WARNING | Watchdog ALERT: Memory 1892MB > 500MB limit
2026-02-24 04:46:07 | WARNING | Watchdog ALERT: Memory 1892MB > 500MB limit
2026-02-24 04:46:42 | DEBUG   | Hunter: 126 liquid candidates (ex-portfolio)
2026-02-24 04:47:00 | INFO    | 
[96m══════════════════════════════════════════════════════════[0m
2026-02-24 04:47:00 | INFO    |   🤖 [1m[97mv13pro LIVE DASHBOARD[0m    [91m🔴 UNHEALTHY[0m
2026-02-24 04:47:00 | INFO    |   [2m2026-02-23 17:47:00 UTC[0m   [2mSession: ny[0m
2026-02-24 04:47:00 | INFO    | [96m══════════════════════════════════════════════════════════[0m
2026-02-24 04:47:00 | INFO    |   [1m💰 EQUITY[0m
2026-02-24 04:47:00 | INFO    |      Balance   [92m[1m$500.72[0m               Peak  $500.72
2026-02-24 04:47:00 | INFO    |      Growth    [92m+0.1%[0m                DD    [92m0.0%[0m
2026-02-24 04:47:00 | INFO    |      Target    $5,000       [92m██[2m░░░░░░░░░░░░░░░░░░[0m 10%
2026-02-24 04:47:00 | INFO    |      [2mPhase 2: Growth → $1K[0m
2026-02-24 04:47:00 | INFO    |   [2m──────────────────────────────────────────────────────[0m
2026-02-24 04:47:00 | INFO    |   [1m📊 TRADING[0m
2026-02-24 04:47:00 | INFO    |      Positions [97m0[0m / 7              Scans   381
2026-02-24 04:47:00 | INFO    |      Signals   0                Trades  0
2026-02-24 04:47:00 | INFO    |   [2m──────────────────────────────────────────────────────[0m
2026-02-24 04:47:00 | INFO    |   [1m🧠 INTELLIGENCE[0m
2026-02-24 04:47:00 | INFO    |      🎯 Skill     min=40  eval=3  pass=3  rej=0
2026-02-24 04:47:00 | INFO    |      📚 Learner   1 outcomes tracked
2026-02-24 04:47:00 | INFO    |      🔴 Watchdog  [91mUNHEALTHY[0m     📡 WS  74 buffers
2026-02-24 04:47:00 | INFO    |      🔭 Hunter    2081 non-portfolio signals
2026-02-24 04:47:00 | INFO    |   [2m──────────────────────────────────────────────────────[0m
2026-02-24 04:47:00 | INFO    |   [1m⚙️  CONFIG[0m
2026-02-24 04:47:00 | INFO    |      Risk       [93m3.0%[0m   Lev  [93m8x[0m   MaxPos [93m7[0m
2026-02-24 04:47:00 | INFO    |      Maker TP   [92mON[0m              Maker Entry  [92mON[0m
2026-02-24 04:47:00 | INFO    |      Combos     48                Pairs  35
2026-02-24 04:47:00 | INFO    |      Uptime     6.5h
2026-02-24 04:47:00 | INFO    | [96m══════════════════════════════════════════════════════════[0m

2026-02-24 04:47:02 | INFO    | Hunter: found 26 signals on non-portfolio pairs
2026-02-24 04:47:07 | WARNING | Watchdog ALERT: Memory 1893MB > 500MB limit
2026-02-24 04:48:08 | WARNING | Watchdog ALERT: Memory 1893MB > 500MB limit
2026-02-24 04:49:09 | WARNING | Watchdog ALERT: Memory 1893MB > 500MB limit
2026-02-24 04:50:10 | WARNING | Watchdog ALERT: Memory 1893MB > 500MB limit
2026-02-24 04:51:11 | WARNING | Watchdog ALERT: Memory 1893MB > 500MB limit
2026-02-24 04:52:00 | INFO    | 
[96m══════════════════════════════════════════════════════════[0m
2026-02-24 04:52:00 | INFO    |   🤖 [1m[97mv13pro LIVE DASHBOARD[0m    [91m🔴 UNHEALTHY[0m
2026-02-24 04:52:00 | INFO    |   [2m2026-02-23 17:52:00 UTC[0m   [2mSession: ny[0m
2026-02-24 04:52:00 | INFO    | [96m══════════════════════════════════════════════════════════[0m
2026-02-24 04:52:00 | INFO    |   [1m💰 EQUITY[0m
2026-02-24 04:52:00 | INFO    |      Balance   [92m[1m$500.72[0m               Peak  $500.72
2026-02-24 04:52:00 | INFO    |      Growth    [92m+0.1%[0m                DD    [92m0.0%[0m
2026-02-24 04:52:00 | INFO    |      Target    $5,000       [92m██[2m░░░░░░░░░░░░░░░░░░[0m 10%
2026-02-24 04:52:00 | INFO    |      [2mPhase 2: Growth → $1K[0m
2026-02-24 04:52:00 | INFO    |   [2m──────────────────────────────────────────────────────[0m
2026-02-24 04:52:00 | INFO    |   [1m📊 TRADING[0m
2026-02-24 04:52:00 | INFO    |      Positions [97m0[0m / 7              Scans   381
2026-02-24 04:52:00 | INFO    |      Signals   0                Trades  0
2026-02-24 04:52:00 | INFO    |   [2m──────────────────────────────────────────────────────[0m
2026-02-24 04:52:00 | INFO    |   [1m🧠 INTELLIGENCE[0m
2026-02-24 04:52:00 | INFO    |      🎯 Skill     min=40  eval=3  pass=3  rej=0
2026-02-24 04:52:00 | INFO    |      📚 Learner   1 outcomes tracked
2026-02-24 04:52:00 | INFO    |      🔴 Watchdog  [91mUNHEALTHY[0m     📡 WS  74 buffers
2026-02-24 04:52:00 | INFO    |      🔭 Hunter    2107 non-portfolio signals
2026-02-24 04:52:00 | INFO    |   [2m──────────────────────────────────────────────────────[0m
2026-02-24 04:52:00 | INFO    |   [1m⚙️  CONFIG[0m
2026-02-24 04:52:00 | INFO    |      Risk       [93m3.0%[0m   Lev  [93m8x[0m   MaxPos [93m7[0m
2026-02-24 04:52:00 | INFO    |      Maker TP   [92mON[0m              Maker Entry  [92mON[0m
2026-02-24 04:52:00 | INFO    |      Combos     48                Pairs  35
2026-02-24 04:52:00 | INFO    |      Uptime     6.6h
2026-02-24 04:52:00 | INFO    | [96m══════════════════════════════════════════════════════════[0m

2026-02-24 04:52:02 | DEBUG   | Hunter: 126 liquid candidates (ex-portfolio)
2026-02-24 04:52:12 | WARNING | Watchdog ALERT: Memory 1893MB > 500MB limit
2026-02-24 04:52:22 | INFO    | Hunter: found 39 signals on non-portfolio pairs
2026-02-24 04:53:12 | WARNING | Watchdog ALERT: Memory 1893MB > 500MB limit
2026-02-24 04:54:13 | WARNING | Watchdog ALERT: Memory 1893MB > 500MB limit
2026-02-24 04:55:14 | WARNING | Watchdog ALERT: Memory 1893MB > 500MB limit
2026-02-24 04:56:15 | WARNING | Watchdog ALERT: Memory 1893MB > 500MB limit
2026-02-24 04:57:00 | INFO    | 
[96m══════════════════════════════════════════════════════════[0m
2026-02-24 04:57:00 | INFO    |   🤖 [1m[97mv13pro LIVE DASHBOARD[0m    [91m🔴 UNHEALTHY[0m
2026-02-24 04:57:00 | INFO    |   [2m2026-02-23 17:57:00 UTC[0m   [2mSession: ny[0m
2026-02-24 04:57:00 | INFO    | [96m══════════════════════════════════════════════════════════[0m
2026-02-24 04:57:00 | INFO    |   [1m💰 EQUITY[0m
2026-02-24 04:57:00 | INFO    |      Balance   [92m[1m$500.72[0m               Peak  $500.72
2026-02-24 04:57:00 | INFO    |      Growth    [92m+0.1%[0m                DD    [92m0.0%[0m
2026-02-24 04:57:00 | INFO    |      Target    $5,000       [92m██[2m░░░░░░░░░░░░░░░░░░[0m 10%
2026-02-24 04:57:00 | INFO    |      [2mPhase 2: Growth → $1K[0m
2026-02-24 04:57:00 | INFO    |   [2m──────────────────────────────────────────────────────[0m
2026-02-24 04:57:00 | INFO    |   [1m📊 TRADING[0m
2026-02-24 04:57:00 | INFO    |      Positions [97m0[0m / 7              Scans   381
2026-02-24 04:57:00 | INFO    |      Signals   0                Trades  0
2026-02-24 04:57:00 | INFO    |   [2m──────────────────────────────────────────────────────[0m
2026-02-24 04:57:00 | INFO    |   [1m🧠 INTELLIGENCE[0m
2026-02-24 04:57:00 | INFO    |      🎯 Skill     min=40  eval=3  pass=3  rej=0
2026-02-24 04:57:00 | INFO    |      📚 Learner   1 outcomes tracked
2026-02-24 04:57:00 | INFO    |      🔴 Watchdog  [91mUNHEALTHY[0m     📡 WS  74 buffers
2026-02-24 04:57:00 | INFO    |      🔭 Hunter    2146 non-portfolio signals
2026-02-24 04:57:00 | INFO    |   [2m──────────────────────────────────────────────────────[0m
2026-02-24 04:57:00 | INFO    |   [1m⚙️  CONFIG[0m
2026-02-24 04:57:00 | INFO    |      Risk       [93m3.0%[0m   Lev  [93m8x[0m   MaxPos [93m7[0m
2026-02-24 04:57:00 | INFO    |      Maker TP   [92mON[0m              Maker Entry  [92mON[0m
2026-02-24 04:57:00 | INFO    |      Combos     48                Pairs  35
2026-02-24 04:57:00 | INFO    |      Uptime     6.7h
2026-02-24 04:57:00 | INFO    | [96m══════════════════════════════════════════════════════════[0m

2026-02-24 04:57:16 | WARNING | Watchdog ALERT: Memory 1893MB > 500MB limit
2026-02-24 04:57:23 | DEBUG   | Hunter: 126 liquid candidates (ex-portfolio)
2026-02-24 04:57:45 | INFO    | Hunter: found 29 signals on non-portfolio pairs
2026-02-24 04:58:17 | WARNING | Watchdog ALERT: Memory 1893MB > 500MB limit
2026-02-24 04:59:18 | WARNING | Watchdog ALERT: Memory 1893MB > 500MB limit
2026-02-24 05:00:19 | WARNING | Watchdog ALERT: Memory 1893MB > 500MB limit
2026-02-24 05:01:19 | WARNING | Watchdog ALERT: Memory 1893MB > 500MB limit
2026-02-24 05:02:00 | INFO    | 
[96m══════════════════════════════════════════════════════════[0m
2026-02-24 05:02:00 | INFO    |   🤖 [1m[97mv13pro LIVE DASHBOARD[0m    [91m🔴 UNHEALTHY[0m
2026-02-24 05:02:00 | INFO    |   [2m2026-02-23 18:02:00 UTC[0m   [2mSession: ny[0m
2026-02-24 05:02:00 | INFO    | [96m══════════════════════════════════════════════════════════[0m
2026-02-24 05:02:00 | INFO    |   [1m💰 EQUITY[0m
2026-02-24 05:02:00 | INFO    |      Balance   [92m[1m$500.72[0m               Peak  $500.72
2026-02-24 05:02:00 | INFO    |      Growth    [92m+0.1%[0m                DD    [92m0.0%[0m
2026-02-24 05:02:00 | INFO    |      Target    $5,000       [92m██[2m░░░░░░░░░░░░░░░░░░[0m 10%
2026-02-24 05:02:00 | INFO    |      [2mPhase 2: Growth → $1K[0m
2026-02-24 05:02:00 | INFO    |   [2m──────────────────────────────────────────────────────[0m
2026-02-24 05:02:00 | INFO    |   [1m📊 TRADING[0m
2026-02-24 05:02:00 | INFO    |      Positions [97m0[0m / 7              Scans   407
2026-02-24 05:02:00 | INFO    |      Signals   0                Trades  0
2026-02-24 05:02:00 | INFO    |   [2m──────────────────────────────────────────────────────[0m
2026-02-24 05:02:00 | INFO    |   [1m🧠 INTELLIGENCE[0m
2026-02-24 05:02:00 | INFO    |      🎯 Skill     min=40  eval=3  pass=3  rej=0
2026-02-24 05:02:00 | INFO    |      📚 Learner   1 outcomes tracked
2026-02-24 05:02:00 | INFO    |      🔴 Watchdog  [91mUNHEALTHY[0m     📡 WS  74 buffers
2026-02-24 05:02:00 | INFO    |      🔭 Hunter    2175 non-portfolio signals
2026-02-24 05:02:00 | INFO    |   [2m──────────────────────────────────────────────────────[0m
2026-02-24 05:02:00 | INFO    |   [1m⚙️  CONFIG[0m
2026-02-24 05:02:00 | INFO    |      Risk       [93m3.0%[0m   Lev  [93m8x[0m   MaxPos [93m7[0m
2026-02-24 05:02:00 | INFO    |      Maker TP   [92mON[0m              Maker Entry  [92mON[0m
2026-02-24 05:02:00 | INFO    |      Combos     48                Pairs  35
2026-02-24 05:02:00 | INFO    |      Uptime     6.7h
2026-02-24 05:02:00 | INFO    | [96m══════════════════════════════════════════════════════════[0m

2026-02-24 05:02:20 | WARNING | Watchdog ALERT: Memory 1893MB > 500MB limit
2026-02-24 05:02:46 | DEBUG   | Hunter: 124 liquid candidates (ex-portfolio)
2026-02-24 05:03:08 | INFO    | Hunter: found 21 signals on non-portfolio pairs
2026-02-24 05:03:21 | WARNING | Watchdog ALERT: Memory 1894MB > 500MB limit
2026-02-24 05:04:22 | WARNING | Watchdog ALERT: Memory 1894MB > 500MB limit
2026-02-24 05:05:23 | WARNING | Watchdog ALERT: Memory 1894MB > 500MB limit
2026-02-24 05:06:24 | WARNING | Watchdog ALERT: Memory 1894MB > 500MB limit
2026-02-24 05:07:00 | INFO    | 
[96m══════════════════════════════════════════════════════════[0m
2026-02-24 05:07:00 | INFO    |   🤖 [1m[97mv13pro LIVE DASHBOARD[0m    [91m🔴 UNHEALTHY[0m
2026-02-24 05:07:00 | INFO    |   [2m2026-02-23 18:07:00 UTC[0m   [2mSession: ny[0m
2026-02-24 05:07:00 | INFO    | [96m══════════════════════════════════════════════════════════[0m
2026-02-24 05:07:00 | INFO    |   [1m💰 EQUITY[0m
2026-02-24 05:07:00 | INFO    |      Balance   [92m[1m$500.72[0m               Peak  $500.72
2026-02-24 05:07:00 | INFO    |      Growth    [92m+0.1%[0m                DD    [92m0.0%[0m
2026-02-24 05:07:00 | INFO    |      Target    $5,000       [92m██[2m░░░░░░░░░░░░░░░░░░[0m 10%
2026-02-24 05:07:00 | INFO    |      [2mPhase 2: Growth → $1K[0m
2026-02-24 05:07:00 | INFO    |   [2m──────────────────────────────────────────────────────[0m
2026-02-24 05:07:00 | INFO    |   [1m📊 TRADING[0m
2026-02-24 05:07:00 | INFO    |      Positions [97m0[0m / 7              Scans   407
2026-02-24 05:07:00 | INFO    |      Signals   0                Trades  0
2026-02-24 05:07:00 | INFO    |   [2m──────────────────────────────────────────────────────[0m
2026-02-24 05:07:00 | INFO    |   [1m🧠 INTELLIGENCE[0m
2026-02-24 05:07:00 | INFO    |      🎯 Skill     min=40  eval=3  pass=3  rej=0
2026-02-24 05:07:00 | INFO    |      📚 Learner   1 outcomes tracked
2026-02-24 05:07:00 | INFO    |      🔴 Watchdog  [91mUNHEALTHY[0m     📡 WS  74 buffers
2026-02-24 05:07:00 | INFO    |      🔭 Hunter    2196 non-portfolio signals
2026-02-24 05:07:00 | INFO    |   [2m──────────────────────────────────────────────────────[0m
2026-02-24 05:07:00 | INFO    |   [1m⚙️  CONFIG[0m
2026-02-24 05:07:00 | INFO    |      Risk       [93m3.0%[0m   Lev  [93m8x[0m   MaxPos [93m7[0m
2026-02-24 05:07:00 | INFO    |      Maker TP   [92mON[0m              Maker Entry  [92mON[0m
2026-02-24 05:07:00 | INFO    |      Combos     48                Pairs  35
2026-02-24 05:07:00 | INFO    |      Uptime     6.8h
2026-02-24 05:07:00 | INFO    | [96m══════════════════════════════════════════════════════════[0m

2026-02-24 05:07:25 | WARNING | Watchdog ALERT: Memory 1894MB > 500MB limit
2026-02-24 05:08:09 | DEBUG   | Hunter: 127 liquid candidates (ex-portfolio)
2026-02-24 05:08:26 | WARNING | Watchdog ALERT: Memory 1894MB > 500MB limit
2026-02-24 05:08:31 | INFO    | Hunter: found 12 signals on non-portfolio pairs
2026-02-24 05:09:27 | WARNING | Watchdog ALERT: Memory 1894MB > 500MB limit
2026-02-24 05:10:28 | WARNING | Watchdog ALERT: Memory 1894MB > 500MB limit
2026-02-24 05:11:29 | WARNING | Watchdog ALERT: Memory 1894MB > 500MB limit
2026-02-24 05:12:00 | INFO    | 
[96m══════════════════════════════════════════════════════════[0m
2026-02-24 05:12:00 | INFO    |   🤖 [1m[97mv13pro LIVE DASHBOARD[0m    [91m🔴 UNHEALTHY[0m
2026-02-24 05:12:00 | INFO    |   [2m2026-02-23 18:12:00 UTC[0m   [2mSession: ny[0m
2026-02-24 05:12:00 | INFO    | [96m══════════════════════════════════════════════════════════[0m
2026-02-24 05:12:00 | INFO    |   [1m💰 EQUITY[0m
2026-02-24 05:12:00 | INFO    |      Balance   [92m[1m$500.72[0m               Peak  $500.72
2026-02-24 05:12:00 | INFO    |      Growth    [92m+0.1%[0m                DD    [92m0.0%[0m
2026-02-24 05:12:00 | INFO    |      Target    $5,000       [92m██[2m░░░░░░░░░░░░░░░░░░[0m 10%
2026-02-24 05:12:00 | INFO    |      [2mPhase 2: Growth → $1K[0m
2026-02-24 05:12:00 | INFO    |   [2m──────────────────────────────────────────────────────[0m
2026-02-24 05:12:00 | INFO    |   [1m📊 TRADING[0m
2026-02-24 05:12:00 | INFO    |      Positions [97m0[0m / 7              Scans   407
2026-02-24 05:12:00 | INFO    |      Signals   0                Trades  0
2026-02-24 05:12:00 | INFO    |   [2m──────────────────────────────────────────────────────[0m
2026-02-24 05:12:00 | INFO    |   [1m🧠 INTELLIGENCE[0m
2026-02-24 05:12:00 | INFO    |      🎯 Skill     min=40  eval=3  pass=3  rej=0
2026-02-24 05:12:00 | INFO    |      📚 Learner   1 outcomes tracked
2026-02-24 05:12:00 | INFO    |      🔴 Watchdog  [91mUNHEALTHY[0m     📡 WS  74 buffers
2026-02-24 05:12:00 | INFO    |      🔭 Hunter    2208 non-portfolio signals
2026-02-24 05:12:00 | INFO    |   [2m──────────────────────────────────────────────────────[0m
2026-02-24 05:12:00 | INFO    |   [1m⚙️  CONFIG[0m
2026-02-24 05:12:00 | INFO    |      Risk       [93m3.0%[0m   Lev  [93m8x[0m   MaxPos [93m7[0m
2026-02-24 05:12:00 | INFO    |      Maker TP   [92mON[0m              Maker Entry  [92mON[0m
2026-02-24 05:12:00 | INFO    |      Combos     48                Pairs  35
2026-02-24 05:12:00 | INFO    |      Uptime     6.9h
2026-02-24 05:12:00 | INFO    | [96m══════════════════════════════════════════════════════════[0m

2026-02-24 05:12:26 | WARNING |   📡 WSData 1h: reconnecting... (Connection closed by remote server, closing code 1006)
2026-02-24 05:12:26 | WARNING |   📡 WSData 1m: reconnecting... (Connection closed by remote server, closing code 1006)
2026-02-24 05:12:26 | WARNING |   📡 WSData 15m: reconnecting... (Connection closed by remote server, closing code 1006)
2026-02-24 05:12:26 | WARNING |   📡 WSData 30m: reconnecting... (Connection closed by remote server, closing code 1006)
2026-02-24 05:12:31 | WARNING | Watchdog ALERT: Memory 1894MB > 500MB limit
2026-02-24 05:13:31 | WARNING | Watchdog ALERT: Memory 872MB > 500MB limit
2026-02-24 05:13:32 | DEBUG   | Hunter: 127 liquid candidates (ex-portfolio)
2026-02-24 05:13:51 | INFO    | Hunter: found 12 signals on non-portfolio pairs
2026-02-24 05:14:32 | WARNING | Watchdog ALERT: Memory 873MB > 500MB limit
2026-02-24 05:15:32 | WARNING | Watchdog ALERT: Memory 875MB > 500MB limit
2026-02-24 05:16:32 | WARNING | Watchdog ALERT: Memory 878MB > 500MB limit
2026-02-24 05:17:01 | INFO    | 
[96m══════════════════════════════════════════════════════════[0m
2026-02-24 05:17:01 | INFO    |   🤖 [1m[97mv13pro LIVE DASHBOARD[0m    [91m🔴 UNHEALTHY[0m
2026-02-24 05:17:01 | INFO    |   [2m2026-02-23 18:17:01 UTC[0m   [2mSession: ny[0m
2026-02-24 05:17:01 | INFO    | [96m══════════════════════════════════════════════════════════[0m
2026-02-24 05:17:01 | INFO    |   [1m💰 EQUITY[0m
2026-02-24 05:17:01 | INFO    |      Balance   [92m[1m$500.72[0m               Peak  $500.72
2026-02-24 05:17:01 | INFO    |      Growth    [92m+0.1%[0m                DD    [92m0.0%[0m
2026-02-24 05:17:01 | INFO    |      Target    $5,000       [92m██[2m░░░░░░░░░░░░░░░░░░[0m 10%
2026-02-24 05:17:01 | INFO    |      [2mPhase 2: Growth → $1K[0m
2026-02-24 05:17:01 | INFO    |   [2m──────────────────────────────────────────────────────[0m
2026-02-24 05:17:01 | INFO    |   [1m📊 TRADING[0m
2026-02-24 05:17:01 | INFO    |      Positions [97m0[0m / 7              Scans   419
2026-02-24 05:17:01 | INFO    |      Signals   0                Trades  0
2026-02-24 05:17:01 | INFO    |   [2m──────────────────────────────────────────────────────[0m
2026-02-24 05:17:01 | INFO    |   [1m🧠 INTELLIGENCE[0m
2026-02-24 05:17:01 | INFO    |      🎯 Skill     min=40  eval=3  pass=3  rej=0
2026-02-24 05:17:01 | INFO    |      📚 Learner   1 outcomes tracked
2026-02-24 05:17:01 | INFO    |      🔴 Watchdog  [91mUNHEALTHY[0m     📡 WS  74 buffers
2026-02-24 05:17:01 | INFO    |      🔭 Hunter    2220 non-portfolio signals
2026-02-24 05:17:01 | INFO    |   [2m──────────────────────────────────────────────────────[0m
2026-02-24 05:17:01 | INFO    |   [1m⚙️  CONFIG[0m
2026-02-24 05:17:01 | INFO    |      Risk       [93m3.0%[0m   Lev  [93m8x[0m   MaxPos [93m7[0m
2026-02-24 05:17:01 | INFO    |      Maker TP   [92mON[0m              Maker Entry  [92mON[0m
2026-02-24 05:17:01 | INFO    |      Combos     48                Pairs  35
2026-02-24 05:17:01 | INFO    |      Uptime     7.0h
2026-02-24 05:17:01 | INFO    | [96m══════════════════════════════════════════════════════════[0m

2026-02-24 05:17:32 | WARNING | Watchdog ALERT: Memory 880MB > 500MB limit
2026-02-24 05:18:32 | WARNING | Watchdog ALERT: Memory 882MB > 500MB limit
2026-02-24 05:18:51 | DEBUG   | Hunter: 126 liquid candidates (ex-portfolio)
2026-02-24 05:19:11 | INFO    | Hunter: found 16 signals on non-portfolio pairs
2026-02-24 05:19:32 | WARNING | Watchdog ALERT: Memory 885MB > 500MB limit
2026-02-24 05:20:32 | WARNING | Watchdog ALERT: Memory 887MB > 500MB limit
2026-02-24 05:21:32 | WARNING | Watchdog ALERT: Memory 889MB > 500MB limit
2026-02-24 05:22:01 | INFO    | 
[96m══════════════════════════════════════════════════════════[0m
2026-02-24 05:22:01 | INFO    |   🤖 [1m[97mv13pro LIVE DASHBOARD[0m    [91m🔴 UNHEALTHY[0m
2026-02-24 05:22:01 | INFO    |   [2m2026-02-23 18:22:01 UTC[0m   [2mSession: ny[0m
2026-02-24 05:22:01 | INFO    | [96m══════════════════════════════════════════════════════════[0m
2026-02-24 05:22:01 | INFO    |   [1m💰 EQUITY[0m
2026-02-24 05:22:01 | INFO    |      Balance   [92m[1m$500.72[0m               Peak  $500.72
2026-02-24 05:22:01 | INFO    |      Growth    [92m+0.1%[0m                DD    [92m0.0%[0m
2026-02-24 05:22:01 | INFO    |      Target    $5,000       [92m██[2m░░░░░░░░░░░░░░░░░░[0m 10%
2026-02-24 05:22:01 | INFO    |      [2mPhase 2: Growth → $1K[0m
2026-02-24 05:22:01 | INFO    |   [2m──────────────────────────────────────────────────────[0m
2026-02-24 05:22:01 | INFO    |   [1m📊 TRADING[0m
2026-02-24 05:22:01 | INFO    |      Positions [97m0[0m / 7              Scans   419
2026-02-24 05:22:01 | INFO    |      Signals   0                Trades  0
2026-02-24 05:22:01 | INFO    |   [2m──────────────────────────────────────────────────────[0m
2026-02-24 05:22:01 | INFO    |   [1m🧠 INTELLIGENCE[0m
2026-02-24 05:22:01 | INFO    |      🎯 Skill     min=40  eval=3  pass=3  rej=0
2026-02-24 05:22:01 | INFO    |      📚 Learner   1 outcomes tracked
2026-02-24 05:22:01 | INFO    |      🔴 Watchdog  [91mUNHEALTHY[0m     📡 WS  74 buffers
2026-02-24 05:22:01 | INFO    |      🔭 Hunter    2236 non-portfolio signals
2026-02-24 05:22:01 | INFO    |   [2m──────────────────────────────────────────────────────[0m
2026-02-24 05:22:01 | INFO    |   [1m⚙️  CONFIG[0m
2026-02-24 05:22:01 | INFO    |      Risk       [93m3.0%[0m   Lev  [93m8x[0m   MaxPos [93m7[0m
2026-02-24 05:22:01 | INFO    |      Maker TP   [92mON[0m              Maker Entry  [92mON[0m
2026-02-24 05:22:01 | INFO    |      Combos     48                Pairs  35
2026-02-24 05:22:01 | INFO    |      Uptime     7.1h
2026-02-24 05:22:01 | INFO    | [96m══════════════════════════════════════════════════════════[0m

2026-02-24 05:22:32 | WARNING | Watchdog ALERT: Memory 891MB > 500MB limit
2026-02-24 05:23:32 | WARNING | Watchdog ALERT: Memory 893MB > 500MB limit
2026-02-24 05:24:11 | DEBUG   | Hunter: 126 liquid candidates (ex-portfolio)
2026-02-24 05:24:31 | INFO    | Hunter: found 7 signals on non-portfolio pairs
2026-02-24 05:24:32 | WARNING | Watchdog ALERT: Memory 897MB > 500MB limit
2026-02-24 05:25:33 | WARNING | Watchdog ALERT: Memory 898MB > 500MB limit
2026-02-24 05:26:33 | WARNING | Watchdog ALERT: Memory 901MB > 500MB limit
2026-02-24 05:27:01 | INFO    | 
[96m══════════════════════════════════════════════════════════[0m
2026-02-24 05:27:01 | INFO    |   🤖 [1m[97mv13pro LIVE DASHBOARD[0m    [91m🔴 UNHEALTHY[0m
2026-02-24 05:27:01 | INFO    |   [2m2026-02-23 18:27:01 UTC[0m   [2mSession: ny[0m
2026-02-24 05:27:01 | INFO    | [96m══════════════════════════════════════════════════════════[0m
2026-02-24 05:27:01 | INFO    |   [1m💰 EQUITY[0m
2026-02-24 05:27:01 | INFO    |      Balance   [92m[1m$500.72[0m               Peak  $500.72
2026-02-24 05:27:01 | INFO    |      Growth    [92m+0.1%[0m                DD    [92m0.0%[0m
2026-02-24 05:27:01 | INFO    |      Target    $5,000       [92m██[2m░░░░░░░░░░░░░░░░░░[0m 10%
2026-02-24 05:27:01 | INFO    |      [2mPhase 2: Growth → $1K[0m
2026-02-24 05:27:01 | INFO    |   [2m──────────────────────────────────────────────────────[0m
2026-02-24 05:27:01 | INFO    |   [1m📊 TRADING[0m
2026-02-24 05:27:01 | INFO    |      Positions [97m0[0m / 7              Scans   419
2026-02-24 05:27:01 | INFO    |      Signals   0                Trades  0
2026-02-24 05:27:01 | INFO    |   [2m──────────────────────────────────────────────────────[0m
2026-02-24 05:27:01 | INFO    |   [1m🧠 INTELLIGENCE[0m
2026-02-24 05:27:01 | INFO    |      🎯 Skill     min=40  eval=3  pass=3  rej=0
2026-02-24 05:27:01 | INFO    |      📚 Learner   1 outcomes tracked
2026-02-24 05:27:01 | INFO    |      🔴 Watchdog  [91mUNHEALTHY[0m     📡 WS  74 buffers
2026-02-24 05:27:01 | INFO    |      🔭 Hunter    2243 non-portfolio signals
2026-02-24 05:27:01 | INFO    |   [2m──────────────────────────────────────────────────────[0m
2026-02-24 05:27:01 | INFO    |   [1m⚙️  CONFIG[0m
2026-02-24 05:27:01 | INFO    |      Risk       [93m3.0%[0m   Lev  [93m8x[0m   MaxPos [93m7[0m
2026-02-24 05:27:01 | INFO    |      Maker TP   [92mON[0m              Maker Entry  [92mON[0m
2026-02-24 05:27:01 | INFO    |      Combos     48                Pairs  35
2026-02-24 05:27:01 | INFO    |      Uptime     7.2h
2026-02-24 05:27:01 | INFO    | [96m══════════════════════════════════════════════════════════[0m

2026-02-24 05:27:33 | WARNING | Watchdog ALERT: Memory 902MB > 500MB limit
2026-02-24 05:28:33 | WARNING | Watchdog ALERT: Memory 904MB > 500MB limit
2026-02-24 05:29:32 | DEBUG   | Hunter: 125 liquid candidates (ex-portfolio)
2026-02-24 05:29:33 | WARNING | Watchdog ALERT: Memory 908MB > 500MB limit
2026-02-24 05:29:52 | INFO    | Hunter: found 12 signals on non-portfolio pairs
2026-02-24 05:30:33 | WARNING | Watchdog ALERT: Memory 908MB > 500MB limit
2026-02-24 05:31:33 | WARNING | Watchdog ALERT: Memory 911MB > 500MB limit
2026-02-24 05:32:01 | INFO    | 
[96m══════════════════════════════════════════════════════════[0m
2026-02-24 05:32:01 | INFO    |   🤖 [1m[97mv13pro LIVE DASHBOARD[0m    [91m🔴 UNHEALTHY[0m
2026-02-24 05:32:01 | INFO    |   [2m2026-02-23 18:32:01 UTC[0m   [2mSession: ny[0m
2026-02-24 05:32:01 | INFO    | [96m══════════════════════════════════════════════════════════[0m
2026-02-24 05:32:01 | INFO    |   [1m💰 EQUITY[0m
2026-02-24 05:32:01 | INFO    |      Balance   [92m[1m$500.72[0m               Peak  $500.72
2026-02-24 05:32:01 | INFO    |      Growth    [92m+0.1%[0m                DD    [92m0.0%[0m
2026-02-24 05:32:01 | INFO    |      Target    $5,000       [92m██[2m░░░░░░░░░░░░░░░░░░[0m 10%
2026-02-24 05:32:01 | INFO    |      [2mPhase 2: Growth → $1K[0m
2026-02-24 05:32:01 | INFO    |   [2m──────────────────────────────────────────────────────[0m
2026-02-24 05:32:01 | INFO    |   [1m📊 TRADING[0m
2026-02-24 05:32:01 | INFO    |      Positions [97m0[0m / 7              Scans   437
2026-02-24 05:32:01 | INFO    |      Signals   0                Trades  0
2026-02-24 05:32:01 | INFO    |   [2m──────────────────────────────────────────────────────[0m
2026-02-24 05:32:01 | INFO    |   [1m🧠 INTELLIGENCE[0m
2026-02-24 05:32:01 | INFO    |      🎯 Skill     min=40  eval=3  pass=3  rej=0
2026-02-24 05:32:01 | INFO    |      📚 Learner   1 outcomes tracked
2026-02-24 05:32:01 | INFO    |      🔴 Watchdog  [91mUNHEALTHY[0m     📡 WS  74 buffers
2026-02-24 05:32:01 | INFO    |      🔭 Hunter    2255 non-portfolio signals
2026-02-24 05:32:01 | INFO    |   [2m──────────────────────────────────────────────────────[0m
2026-02-24 05:32:01 | INFO    |   [1m⚙️  CONFIG[0m
2026-02-24 05:32:01 | INFO    |      Risk       [93m3.0%[0m   Lev  [93m8x[0m   MaxPos [93m7[0m
2026-02-24 05:32:01 | INFO    |      Maker TP   [92mON[0m              Maker Entry  [92mON[0m
2026-02-24 05:32:01 | INFO    |      Combos     48                Pairs  35
2026-02-24 05:32:01 | INFO    |      Uptime     7.2h
2026-02-24 05:32:01 | INFO    | [96m══════════════════════════════════════════════════════════[0m

2026-02-24 05:32:34 | WARNING | Watchdog ALERT: Memory 913MB > 500MB limit
2026-02-24 05:33:34 | WARNING | Watchdog ALERT: Memory 914MB > 500MB limit
2026-02-24 05:34:34 | WARNING | Watchdog ALERT: Memory 916MB > 500MB limit
2026-02-24 05:34:52 | DEBUG   | Hunter: 127 liquid candidates (ex-portfolio)
2026-02-24 05:35:11 | INFO    | Hunter: found 8 signals on non-portfolio pairs
2026-02-24 05:35:34 | WARNING | Watchdog ALERT: Memory 919MB > 500MB limit
2026-02-24 05:36:34 | WARNING | Watchdog ALERT: Memory 921MB > 500MB limit
2026-02-24 05:37:04 | INFO    | 
[96m══════════════════════════════════════════════════════════[0m
2026-02-24 05:37:04 | INFO    |   🤖 [1m[97mv13pro LIVE DASHBOARD[0m    [91m🔴 UNHEALTHY[0m
2026-02-24 05:37:04 | INFO    |   [2m2026-02-23 18:37:04 UTC[0m   [2mSession: ny[0m
2026-02-24 05:37:04 | INFO    | [96m══════════════════════════════════════════════════════════[0m
2026-02-24 05:37:04 | INFO    |   [1m💰 EQUITY[0m
2026-02-24 05:37:04 | INFO    |      Balance   [92m[1m$500.72[0m               Peak  $500.72
2026-02-24 05:37:04 | INFO    |      Growth    [92m+0.1%[0m                DD    [92m0.0%[0m
2026-02-24 05:37:04 | INFO    |      Target    $5,000       [92m██[2m░░░░░░░░░░░░░░░░░░[0m 10%
2026-02-24 05:37:04 | INFO    |      [2mPhase 2: Growth → $1K[0m
2026-02-24 05:37:04 | INFO    |   [2m──────────────────────────────────────────────────────[0m
2026-02-24 05:37:04 | INFO    |   [1m📊 TRADING[0m
2026-02-24 05:37:04 | INFO    |      Positions [97m0[0m / 7              Scans   437
2026-02-24 05:37:04 | INFO    |      Signals   0                Trades  0
2026-02-24 05:37:04 | INFO    |   [2m──────────────────────────────────────────────────────[0m
2026-02-24 05:37:04 | INFO    |   [1m🧠 INTELLIGENCE[0m
2026-02-24 05:37:04 | INFO    |      🎯 Skill     min=40  eval=3  pass=3  rej=0
2026-02-24 05:37:04 | INFO    |      📚 Learner   1 outcomes tracked
2026-02-24 05:37:04 | INFO    |      🔴 Watchdog  [91mUNHEALTHY[0m     📡 WS  74 buffers
2026-02-24 05:37:04 | INFO    |      🔭 Hunter    2263 non-portfolio signals
2026-02-24 05:37:04 | INFO    |   [2m──────────────────────────────────────────────────────[0m
2026-02-24 05:37:04 | INFO    |   [1m⚙️  CONFIG[0m
2026-02-24 05:37:04 | INFO    |      Risk       [93m3.0%[0m   Lev  [93m8x[0m   MaxPos [93m7[0m
2026-02-24 05:37:04 | INFO    |      Maker TP   [92mON[0m              Maker Entry  [92mON[0m
2026-02-24 05:37:04 | INFO    |      Combos     48                Pairs  35
2026-02-24 05:37:04 | INFO    |      Uptime     7.3h
2026-02-24 05:37:04 | INFO    | [96m══════════════════════════════════════════════════════════[0m

2026-02-24 05:37:34 | WARNING | Watchdog ALERT: Memory 925MB > 500MB limit
2026-02-24 05:38:34 | WARNING | Watchdog ALERT: Memory 928MB > 500MB limit
2026-02-24 05:39:35 | WARNING | Watchdog ALERT: Memory 930MB > 500MB limit
2026-02-24 05:40:12 | DEBUG   | Hunter: 126 liquid candidates (ex-portfolio)
2026-02-24 05:40:33 | INFO    | Hunter: found 10 signals on non-portfolio pairs
2026-02-24 05:40:35 | WARNING | Watchdog ALERT: Memory 934MB > 500MB limit
2026-02-24 05:41:35 | WARNING | Watchdog ALERT: Memory 936MB > 500MB limit
2026-02-24 05:42:05 | INFO    | 
[96m══════════════════════════════════════════════════════════[0m
2026-02-24 05:42:05 | INFO    |   🤖 [1m[97mv13pro LIVE DASHBOARD[0m    [91m🔴 UNHEALTHY[0m
2026-02-24 05:42:05 | INFO    |   [2m2026-02-23 18:42:05 UTC[0m   [2mSession: ny[0m
2026-02-24 05:42:05 | INFO    | [96m══════════════════════════════════════════════════════════[0m
2026-02-24 05:42:05 | INFO    |   [1m💰 EQUITY[0m
2026-02-24 05:42:05 | INFO    |      Balance   [92m[1m$500.72[0m               Peak  $500.72
2026-02-24 05:42:05 | INFO    |      Growth    [92m+0.1%[0m                DD    [92m0.0%[0m
2026-02-24 05:42:05 | INFO    |      Target    $5,000       [92m██[2m░░░░░░░░░░░░░░░░░░[0m 10%
2026-02-24 05:42:05 | INFO    |      [2mPhase 2: Growth → $1K[0m
2026-02-24 05:42:05 | INFO    |   [2m──────────────────────────────────────────────────────[0m
2026-02-24 05:42:05 | INFO    |   [1m📊 TRADING[0m
2026-02-24 05:42:05 | INFO    |      Positions [97m0[0m / 7              Scans   437
2026-02-24 05:42:05 | INFO    |      Signals   0                Trades  0
2026-02-24 05:42:05 | INFO    |   [2m──────────────────────────────────────────────────────[0m
2026-02-24 05:42:05 | INFO    |   [1m🧠 INTELLIGENCE[0m
2026-02-24 05:42:05 | INFO    |      🎯 Skill     min=40  eval=3  pass=3  rej=0
2026-02-24 05:42:05 | INFO    |      📚 Learner   1 outcomes tracked
2026-02-24 05:42:05 | INFO    |      🔴 Watchdog  [91mUNHEALTHY[0m     📡 WS  74 buffers
2026-02-24 05:42:05 | INFO    |      🔭 Hunter    2273 non-portfolio signals
2026-02-24 05:42:05 | INFO    |   [2m──────────────────────────────────────────────────────[0m
2026-02-24 05:42:05 | INFO    |   [1m⚙️  CONFIG[0m
2026-02-24 05:42:05 | INFO    |      Risk       [93m3.0%[0m   Lev  [93m8x[0m   MaxPos [93m7[0m
2026-02-24 05:42:05 | INFO    |      Maker TP   [92mON[0m              Maker Entry  [92mON[0m
2026-02-24 05:42:05 | INFO    |      Combos     48                Pairs  35
2026-02-24 05:42:05 | INFO    |      Uptime     7.4h
2026-02-24 05:42:05 | INFO    | [96m══════════════════════════════════════════════════════════[0m

2026-02-24 05:42:35 | WARNING | Watchdog ALERT: Memory 938MB > 500MB limit
2026-02-24 05:43:35 | WARNING | Watchdog ALERT: Memory 940MB > 500MB limit
2026-02-24 05:44:36 | WARNING | Watchdog ALERT: Memory 942MB > 500MB limit
2026-02-24 05:45:33 | DEBUG   | Hunter: 127 liquid candidates (ex-portfolio)
2026-02-24 05:45:36 | WARNING | Watchdog ALERT: Memory 947MB > 500MB limit
2026-02-24 05:45:52 | INFO    | Hunter: found 33 signals on non-portfolio pairs
2026-02-24 05:46:36 | WARNING | Watchdog ALERT: Memory 948MB > 500MB limit
2026-02-24 05:47:19 | INFO    | 
[96m══════════════════════════════════════════════════════════[0m
2026-02-24 05:47:19 | INFO    |   🤖 [1m[97mv13pro LIVE DASHBOARD[0m    [91m🔴 UNHEALTHY[0m
2026-02-24 05:47:19 | INFO    |   [2m2026-02-23 18:47:19 UTC[0m   [2mSession: ny[0m
2026-02-24 05:47:19 | INFO    | [96m══════════════════════════════════════════════════════════[0m
2026-02-24 05:47:19 | INFO    |   [1m💰 EQUITY[0m
2026-02-24 05:47:19 | INFO    |      Balance   [92m[1m$500.72[0m               Peak  $500.72
2026-02-24 05:47:19 | INFO    |      Growth    [92m+0.1%[0m                DD    [92m0.0%[0m
2026-02-24 05:47:19 | INFO    |      Target    $5,000       [92m██[2m░░░░░░░░░░░░░░░░░░[0m 10%
2026-02-24 05:47:19 | INFO    |      [2mPhase 2: Growth → $1K[0m
2026-02-24 05:47:19 | INFO    |   [2m──────────────────────────────────────────────────────[0m
2026-02-24 05:47:19 | INFO    |   [1m📊 TRADING[0m
2026-02-24 05:47:19 | INFO    |      Positions [97m0[0m / 7              Scans   447
2026-02-24 05:47:19 | INFO    |      Signals   0                Trades  0
2026-02-24 05:47:19 | INFO    |   [2m──────────────────────────────────────────────────────[0m
2026-02-24 05:47:19 | INFO    |   [1m🧠 INTELLIGENCE[0m
2026-02-24 05:47:19 | INFO    |      🎯 Skill     min=40  eval=3  pass=3  rej=0
2026-02-24 05:47:19 | INFO    |      📚 Learner   1 outcomes tracked
2026-02-24 05:47:19 | INFO    |      🔴 Watchdog  [91mUNHEALTHY[0m     📡 WS  74 buffers
2026-02-24 05:47:19 | INFO    |      🔭 Hunter    2306 non-portfolio signals
2026-02-24 05:47:19 | INFO    |   [2m──────────────────────────────────────────────────────[0m
2026-02-24 05:47:19 | INFO    |   [1m⚙️  CONFIG[0m
2026-02-24 05:47:19 | INFO    |      Risk       [93m3.0%[0m   Lev  [93m8x[0m   MaxPos [93m7[0m
2026-02-24 05:47:19 | INFO    |      Maker TP   [92mON[0m              Maker Entry  [92mON[0m
2026-02-24 05:47:19 | INFO    |      Combos     48                Pairs  35
2026-02-24 05:47:19 | INFO    |      Uptime     7.5h
2026-02-24 05:47:19 | INFO    | [96m══════════════════════════════════════════════════════════[0m

2026-02-24 05:47:36 | WARNING | Watchdog ALERT: Memory 950MB > 500MB limit
2026-02-24 05:48:36 | WARNING | Watchdog ALERT: Memory 952MB > 500MB limit
2026-02-24 05:49:37 | WARNING | Watchdog ALERT: Memory 954MB > 500MB limit
2026-02-24 05:50:37 | WARNING | Watchdog ALERT: Memory 957MB > 500MB limit
2026-02-24 05:50:53 | DEBUG   | Hunter: 126 liquid candidates (ex-portfolio)
2026-02-24 05:51:14 | INFO    | Hunter: found 26 signals on non-portfolio pairs
2026-02-24 05:51:37 | WARNING | Watchdog ALERT: Memory 960MB > 500MB limit
2026-02-24 05:52:37 | WARNING | Watchdog ALERT: Memory 961MB > 500MB limit
2026-02-24 05:52:40 | INFO    | 
[96m══════════════════════════════════════════════════════════[0m
2026-02-24 05:52:40 | INFO    |   🤖 [1m[97mv13pro LIVE DASHBOARD[0m    [91m🔴 UNHEALTHY[0m
2026-02-24 05:52:40 | INFO    |   [2m2026-02-23 18:52:40 UTC[0m   [2mSession: ny[0m
2026-02-24 05:52:40 | INFO    | [96m══════════════════════════════════════════════════════════[0m
2026-02-24 05:52:40 | INFO    |   [1m💰 EQUITY[0m
2026-02-24 05:52:40 | INFO    |      Balance   [92m[1m$500.72[0m               Peak  $500.72
2026-02-24 05:52:40 | INFO    |      Growth    [92m+0.1%[0m                DD    [92m0.0%[0m
2026-02-24 05:52:40 | INFO    |      Target    $5,000       [92m██[2m░░░░░░░░░░░░░░░░░░[0m 10%
2026-02-24 05:52:40 | INFO    |      [2mPhase 2: Growth → $1K[0m
2026-02-24 05:52:40 | INFO    |   [2m──────────────────────────────────────────────────────[0m
2026-02-24 05:52:40 | INFO    |   [1m📊 TRADING[0m
2026-02-24 05:52:40 | INFO    |      Positions [97m0[0m / 7              Scans   447
2026-02-24 05:52:40 | INFO    |      Signals   0                Trades  0
2026-02-24 05:52:40 | INFO    |   [2m──────────────────────────────────────────────────────[0m
2026-02-24 05:52:40 | INFO    |   [1m🧠 INTELLIGENCE[0m
2026-02-24 05:52:40 | INFO    |      🎯 Skill     min=40  eval=3  pass=3  rej=0
2026-02-24 05:52:40 | INFO    |      📚 Learner   1 outcomes tracked
2026-02-24 05:52:40 | INFO    |      🔴 Watchdog  [91mUNHEALTHY[0m     📡 WS  74 buffers
2026-02-24 05:52:40 | INFO    |      🔭 Hunter    2332 non-portfolio signals
2026-02-24 05:52:40 | INFO    |   [2m──────────────────────────────────────────────────────[0m
2026-02-24 05:52:40 | INFO    |   [1m⚙️  CONFIG[0m
2026-02-24 05:52:40 | INFO    |      Risk       [93m3.0%[0m   Lev  [93m8x[0m   MaxPos [93m7[0m
2026-02-24 05:52:40 | INFO    |      Maker TP   [92mON[0m              Maker Entry  [92mON[0m
2026-02-24 05:52:40 | INFO    |      Combos     48                Pairs  35
2026-02-24 05:52:40 | INFO    |      Uptime     7.6h
2026-02-24 05:52:40 | INFO    | [96m══════════════════════════════════════════════════════════[0m

2026-02-24 05:53:37 | WARNING | Watchdog ALERT: Memory 964MB > 500MB limit
2026-02-24 05:54:38 | WARNING | Watchdog ALERT: Memory 966MB > 500MB limit
2026-02-24 05:55:38 | WARNING | Watchdog ALERT: Memory 968MB > 500MB limit
2026-02-24 05:56:14 | DEBUG   | Hunter: 126 liquid candidates (ex-portfolio)
2026-02-24 05:56:34 | INFO    | Hunter: found 27 signals on non-portfolio pairs
2026-02-24 05:56:38 | WARNING | Watchdog ALERT: Memory 972MB > 500MB limit
2026-02-24 05:57:38 | WARNING | Watchdog ALERT: Memory 973MB > 500MB limit
2026-02-24 05:58:00 | INFO    | 
[96m══════════════════════════════════════════════════════════[0m
2026-02-24 05:58:00 | INFO    |   🤖 [1m[97mv13pro LIVE DASHBOARD[0m    [91m🔴 UNHEALTHY[0m
2026-02-24 05:58:00 | INFO    |   [2m2026-02-23 18:58:00 UTC[0m   [2mSession: ny[0m
2026-02-24 05:58:00 | INFO    | [96m══════════════════════════════════════════════════════════[0m
2026-02-24 05:58:00 | INFO    |   [1m💰 EQUITY[0m
2026-02-24 05:58:00 | INFO    |      Balance   [92m[1m$500.72[0m               Peak  $500.72
2026-02-24 05:58:00 | INFO    |      Growth    [92m+0.1%[0m                DD    [92m0.0%[0m
2026-02-24 05:58:00 | INFO    |      Target    $5,000       [92m██[2m░░░░░░░░░░░░░░░░░░[0m 10%
2026-02-24 05:58:00 | INFO    |      [2mPhase 2: Growth → $1K[0m
2026-02-24 05:58:00 | INFO    |   [2m──────────────────────────────────────────────────────[0m
2026-02-24 05:58:00 | INFO    |   [1m📊 TRADING[0m
2026-02-24 05:58:00 | INFO    |      Positions [97m0[0m / 7              Scans   447
2026-02-24 05:58:00 | INFO    |      Signals   0                Trades  0
2026-02-24 05:58:00 | INFO    |   [2m──────────────────────────────────────────────────────[0m
2026-02-24 05:58:00 | INFO    |   [1m🧠 INTELLIGENCE[0m
2026-02-24 05:58:00 | INFO    |      🎯 Skill     min=40  eval=3  pass=3  rej=0
2026-02-24 05:58:00 | INFO    |      📚 Learner   1 outcomes tracked
2026-02-24 05:58:00 | INFO    |      🔴 Watchdog  [91mUNHEALTHY[0m     📡 WS  74 buffers
2026-02-24 05:58:00 | INFO    |      🔭 Hunter    2359 non-portfolio signals
2026-02-24 05:58:00 | INFO    |   [2m──────────────────────────────────────────────────────[0m
2026-02-24 05:58:00 | INFO    |   [1m⚙️  CONFIG[0m
2026-02-24 05:58:00 | INFO    |      Risk       [93m3.0%[0m   Lev  [93m8x[0m   MaxPos [93m7[0m
2026-02-24 05:58:00 | INFO    |      Maker TP   [92mON[0m              Maker Entry  [92mON[0m
2026-02-24 05:58:00 | INFO    |      Combos     48                Pairs  35
2026-02-24 05:58:00 | INFO    |      Uptime     7.7h
2026-02-24 05:58:00 | INFO    | [96m══════════════════════════════════════════════════════════[0m

2026-02-24 05:58:39 | WARNING | Watchdog ALERT: Memory 975MB > 500MB limit
2026-02-24 05:59:39 | WARNING | Watchdog ALERT: Memory 978MB > 500MB limit
2026-02-24 06:00:39 | WARNING | Watchdog ALERT: Memory 981MB > 500MB limit
2026-02-24 06:01:35 | DEBUG   | Hunter: 127 liquid candidates (ex-portfolio)
2026-02-24 06:01:39 | WARNING | Watchdog ALERT: Memory 985MB > 500MB limit
2026-02-24 06:01:54 | INFO    | Hunter: found 11 signals on non-portfolio pairs
2026-02-24 06:02:40 | WARNING | Watchdog ALERT: Memory 986MB > 500MB limit
2026-02-24 06:03:00 | INFO    | 
[96m══════════════════════════════════════════════════════════[0m
2026-02-24 06:03:00 | INFO    |   🤖 [1m[97mv13pro LIVE DASHBOARD[0m    [91m🔴 UNHEALTHY[0m
2026-02-24 06:03:00 | INFO    |   [2m2026-02-23 19:03:00 UTC[0m   [2mSession: ny[0m
2026-02-24 06:03:00 | INFO    | [96m══════════════════════════════════════════════════════════[0m
2026-02-24 06:03:00 | INFO    |   [1m💰 EQUITY[0m
2026-02-24 06:03:00 | INFO    |      Balance   [92m[1m$500.72[0m               Peak  $500.72
2026-02-24 06:03:00 | INFO    |      Growth    [92m+0.1%[0m                DD    [92m0.0%[0m
2026-02-24 06:03:00 | INFO    |      Target    $5,000       [92m██[2m░░░░░░░░░░░░░░░░░░[0m 10%
2026-02-24 06:03:00 | INFO    |      [2mPhase 2: Growth → $1K[0m
2026-02-24 06:03:00 | INFO    |   [2m──────────────────────────────────────────────────────[0m
2026-02-24 06:03:00 | INFO    |   [1m📊 TRADING[0m
2026-02-24 06:03:00 | INFO    |      Positions [97m0[0m / 7              Scans   479
2026-02-24 06:03:00 | INFO    |      Signals   0                Trades  0
2026-02-24 06:03:00 | INFO    |   [2m──────────────────────────────────────────────────────[0m
2026-02-24 06:03:00 | INFO    |   [1m🧠 INTELLIGENCE[0m
2026-02-24 06:03:00 | INFO    |      🎯 Skill     min=40  eval=3  pass=3  rej=0
2026-02-24 06:03:00 | INFO    |      📚 Learner   1 outcomes tracked
2026-02-24 06:03:00 | INFO    |      🔴 Watchdog  [91mUNHEALTHY[0m     📡 WS  74 buffers
2026-02-24 06:03:00 | INFO    |      🔭 Hunter    2370 non-portfolio signals
2026-02-24 06:03:00 | INFO    |   [2m──────────────────────────────────────────────────────[0m
2026-02-24 06:03:00 | INFO    |   [1m⚙️  CONFIG[0m
2026-02-24 06:03:00 | INFO    |      Risk       [93m3.0%[0m   Lev  [93m8x[0m   MaxPos [93m7[0m
2026-02-24 06:03:00 | INFO    |      Maker TP   [92mON[0m              Maker Entry  [92mON[0m
2026-02-24 06:03:00 | INFO    |      Combos     48                Pairs  35
2026-02-24 06:03:00 | INFO    |      Uptime     7.8h
2026-02-24 06:03:00 | INFO    | [96m══════════════════════════════════════════════════════════[0m

2026-02-24 06:03:40 | WARNING | Watchdog ALERT: Memory 989MB > 500MB limit
2026-02-24 06:04:40 | WARNING | Watchdog ALERT: Memory 991MB > 500MB limit
2026-02-24 06:05:40 | WARNING | Watchdog ALERT: Memory 992MB > 500MB limit
2026-02-24 06:06:41 | WARNING | Watchdog ALERT: Memory 994MB > 500MB limit
2026-02-24 06:06:54 | DEBUG   | Hunter: 127 liquid candidates (ex-portfolio)
2026-02-24 06:07:12 | INFO    | Hunter: found 12 signals on non-portfolio pairs
2026-02-24 06:07:41 | WARNING | Watchdog ALERT: Memory 998MB > 500MB limit
2026-02-24 06:08:00 | INFO    | 
[96m══════════════════════════════════════════════════════════[0m
2026-02-24 06:08:00 | INFO    |   🤖 [1m[97mv13pro LIVE DASHBOARD[0m    [91m🔴 UNHEALTHY[0m
2026-02-24 06:08:00 | INFO    |   [2m2026-02-23 19:08:00 UTC[0m   [2mSession: ny[0m
2026-02-24 06:08:00 | INFO    | [96m══════════════════════════════════════════════════════════[0m
2026-02-24 06:08:00 | INFO    |   [1m💰 EQUITY[0m
2026-02-24 06:08:00 | INFO    |      Balance   [92m[1m$500.72[0m               Peak  $500.72
2026-02-24 06:08:00 | INFO    |      Growth    [92m+0.1%[0m                DD    [92m0.0%[0m
2026-02-24 06:08:00 | INFO    |      Target    $5,000       [92m██[2m░░░░░░░░░░░░░░░░░░[0m 10%
2026-02-24 06:08:00 | INFO    |      [2mPhase 2: Growth → $1K[0m
2026-02-24 06:08:00 | INFO    |   [2m──────────────────────────────────────────────────────[0m
2026-02-24 06:08:00 | INFO    |   [1m📊 TRADING[0m
2026-02-24 06:08:00 | INFO    |      Positions [97m0[0m / 7              Scans   479
2026-02-24 06:08:00 | INFO    |      Signals   0                Trades  0
2026-02-24 06:08:00 | INFO    |   [2m──────────────────────────────────────────────────────[0m
2026-02-24 06:08:00 | INFO    |   [1m🧠 INTELLIGENCE[0m
2026-02-24 06:08:00 | INFO    |      🎯 Skill     min=40  eval=3  pass=3  rej=0
2026-02-24 06:08:00 | INFO    |      📚 Learner   1 outcomes tracked
2026-02-24 06:08:00 | INFO    |      🔴 Watchdog  [91mUNHEALTHY[0m     📡 WS  74 buffers
2026-02-24 06:08:00 | INFO    |      🔭 Hunter    2382 non-portfolio signals
2026-02-24 06:08:00 | INFO    |   [2m──────────────────────────────────────────────────────[0m
2026-02-24 06:08:00 | INFO    |   [1m⚙️  CONFIG[0m
2026-02-24 06:08:00 | INFO    |      Risk       [93m3.0%[0m   Lev  [93m8x[0m   MaxPos [93m7[0m
2026-02-24 06:08:00 | INFO    |      Maker TP   [92mON[0m              Maker Entry  [92mON[0m
2026-02-24 06:08:00 | INFO    |      Combos     48                Pairs  35
2026-02-24 06:08:00 | INFO    |      Uptime     7.8h
2026-02-24 06:08:00 | INFO    | [96m══════════════════════════════════════════════════════════[0m

2026-02-24 06:08:41 | WARNING | Watchdog ALERT: Memory 1000MB > 500MB limit
2026-02-24 06:09:42 | WARNING | Watchdog ALERT: Memory 1003MB > 500MB limit
2026-02-24 06:10:42 | WARNING | Watchdog ALERT: Memory 1005MB > 500MB limit
2026-02-24 06:11:42 | WARNING | Watchdog ALERT: Memory 1007MB > 500MB limit
2026-02-24 06:12:12 | DEBUG   | Hunter: 126 liquid candidates (ex-portfolio)
2026-02-24 06:12:34 | INFO    | Hunter: found 11 signals on non-portfolio pairs
2026-02-24 06:12:42 | WARNING | Watchdog ALERT: Memory 1010MB > 500MB limit
2026-02-24 06:13:00 | INFO    | 
[96m══════════════════════════════════════════════════════════[0m
2026-02-24 06:13:00 | INFO    |   🤖 [1m[97mv13pro LIVE DASHBOARD[0m    [91m🔴 UNHEALTHY[0m
2026-02-24 06:13:00 | INFO    |   [2m2026-02-23 19:13:00 UTC[0m   [2mSession: ny[0m
2026-02-24 06:13:00 | INFO    | [96m══════════════════════════════════════════════════════════[0m
2026-02-24 06:13:00 | INFO    |   [1m💰 EQUITY[0m
2026-02-24 06:13:00 | INFO    |      Balance   [92m[1m$500.72[0m               Peak  $500.72
2026-02-24 06:13:00 | INFO    |      Growth    [92m+0.1%[0m                DD    [92m0.0%[0m
2026-02-24 06:13:00 | INFO    |      Target    $5,000       [92m██[2m░░░░░░░░░░░░░░░░░░[0m 10%
2026-02-24 06:13:00 | INFO    |      [2mPhase 2: Growth → $1K[0m
2026-02-24 06:13:00 | INFO    |   [2m──────────────────────────────────────────────────────[0m
2026-02-24 06:13:00 | INFO    |   [1m📊 TRADING[0m
2026-02-24 06:13:00 | INFO    |      Positions [97m0[0m / 7              Scans   479
2026-02-24 06:13:00 | INFO    |      Signals   0                Trades  0
2026-02-24 06:13:00 | INFO    |   [2m──────────────────────────────────────────────────────[0m
2026-02-24 06:13:00 | INFO    |   [1m🧠 INTELLIGENCE[0m
2026-02-24 06:13:00 | INFO    |      🎯 Skill     min=40  eval=3  pass=3  rej=0
2026-02-24 06:13:00 | INFO    |      📚 Learner   1 outcomes tracked
2026-02-24 06:13:00 | INFO    |      🔴 Watchdog  [91mUNHEALTHY[0m     📡 WS  74 buffers
2026-02-24 06:13:00 | INFO    |      🔭 Hunter    2393 non-portfolio signals
2026-02-24 06:13:00 | INFO    |   [2m──────────────────────────────────────────────────────[0m
2026-02-24 06:13:00 | INFO    |   [1m⚙️  CONFIG[0m
2026-02-24 06:13:00 | INFO    |      Risk       [93m3.0%[0m   Lev  [93m8x[0m   MaxPos [93m7[0m
2026-02-24 06:13:00 | INFO    |      Maker TP   [92mON[0m              Maker Entry  [92mON[0m
2026-02-24 06:13:00 | INFO    |      Combos     48                Pairs  35
2026-02-24 06:13:00 | INFO    |      Uptime     7.9h
2026-02-24 06:13:00 | INFO    | [96m══════════════════════════════════════════════════════════[0m

2026-02-24 06:13:43 | WARNING | Watchdog ALERT: Memory 1010MB > 500MB limit
2026-02-24 06:14:43 | WARNING | Watchdog ALERT: Memory 1012MB > 500MB limit
2026-02-24 06:15:43 | WARNING | Watchdog ALERT: Memory 1013MB > 500MB limit
2026-02-24 06:16:44 | WARNING | Watchdog ALERT: Memory 1015MB > 500MB limit
2026-02-24 06:17:34 | DEBUG   | Hunter: 127 liquid candidates (ex-portfolio)
2026-02-24 06:17:44 | WARNING | Watchdog ALERT: Memory 1019MB > 500MB limit
2026-02-24 06:17:53 | INFO    | Hunter: found 17 signals on non-portfolio pairs
2026-02-24 06:18:00 | INFO    | 
[96m══════════════════════════════════════════════════════════[0m
2026-02-24 06:18:00 | INFO    |   🤖 [1m[97mv13pro LIVE DASHBOARD[0m    [91m🔴 UNHEALTHY[0m
2026-02-24 06:18:00 | INFO    |   [2m2026-02-23 19:18:00 UTC[0m   [2mSession: ny[0m
2026-02-24 06:18:00 | INFO    | [96m══════════════════════════════════════════════════════════[0m
2026-02-24 06:18:00 | INFO    |   [1m💰 EQUITY[0m
2026-02-24 06:18:00 | INFO    |      Balance   [92m[1m$500.72[0m               Peak  $500.72
2026-02-24 06:18:00 | INFO    |      Growth    [92m+0.1%[0m                DD    [92m0.0%[0m
2026-02-24 06:18:00 | INFO    |      Target    $5,000       [92m██[2m░░░░░░░░░░░░░░░░░░[0m 10%
2026-02-24 06:18:00 | INFO    |      [2mPhase 2: Growth → $1K[0m
2026-02-24 06:18:00 | INFO    |   [2m──────────────────────────────────────────────────────[0m
2026-02-24 06:18:00 | INFO    |   [1m📊 TRADING[0m
2026-02-24 06:18:00 | INFO    |      Positions [97m0[0m / 7              Scans   492
2026-02-24 06:18:00 | INFO    |      Signals   0                Trades  0
2026-02-24 06:18:00 | INFO    |   [2m──────────────────────────────────────────────────────[0m
2026-02-24 06:18:00 | INFO    |   [1m🧠 INTELLIGENCE[0m
2026-02-24 06:18:00 | INFO    |      🎯 Skill     min=40  eval=3  pass=3  rej=0
2026-02-24 06:18:00 | INFO    |      📚 Learner   1 outcomes tracked
2026-02-24 06:18:00 | INFO    |      🔴 Watchdog  [91mUNHEALTHY[0m     📡 WS  74 buffers
2026-02-24 06:18:00 | INFO    |      🔭 Hunter    2410 non-portfolio signals
2026-02-24 06:18:00 | INFO    |   [2m──────────────────────────────────────────────────────[0m
2026-02-24 06:18:00 | INFO    |   [1m⚙️  CONFIG[0m
2026-02-24 06:18:00 | INFO    |      Risk       [93m3.0%[0m   Lev  [93m8x[0m   MaxPos [93m7[0m
2026-02-24 06:18:00 | INFO    |      Maker TP   [92mON[0m              Maker Entry  [92mON[0m
2026-02-24 06:18:00 | INFO    |      Combos     48                Pairs  35
2026-02-24 06:18:00 | INFO    |      Uptime     8.0h
2026-02-24 06:18:00 | INFO    | [96m══════════════════════════════════════════════════════════[0m

2026-02-24 06:18:44 | WARNING | Watchdog ALERT: Memory 1020MB > 500MB limit
2026-02-24 06:19:45 | WARNING | Watchdog ALERT: Memory 1021MB > 500MB limit
2026-02-24 06:20:45 | WARNING | Watchdog ALERT: Memory 1023MB > 500MB limit
2026-02-24 06:21:45 | WARNING | Watchdog ALERT: Memory 1026MB > 500MB limit
2026-02-24 06:22:46 | WARNING | Watchdog ALERT: Memory 1028MB > 500MB limit
2026-02-24 06:22:54 | DEBUG   | Hunter: 127 liquid candidates (ex-portfolio)
2026-02-24 06:23:00 | INFO    | 
[96m══════════════════════════════════════════════════════════[0m
2026-02-24 06:23:00 | INFO    |   🤖 [1m[97mv13pro LIVE DASHBOARD[0m    [91m🔴 UNHEALTHY[0m
2026-02-24 06:23:00 | INFO    |   [2m2026-02-23 19:23:00 UTC[0m   [2mSession: ny[0m
2026-02-24 06:23:00 | INFO    | [96m══════════════════════════════════════════════════════════[0m
2026-02-24 06:23:00 | INFO    |   [1m💰 EQUITY[0m
2026-02-24 06:23:00 | INFO    |      Balance   [92m[1m$500.72[0m               Peak  $500.72
2026-02-24 06:23:00 | INFO    |      Growth    [92m+0.1%[0m                DD    [92m0.0%[0m
2026-02-24 06:23:00 | INFO    |      Target    $5,000       [92m██[2m░░░░░░░░░░░░░░░░░░[0m 10%
2026-02-24 06:23:00 | INFO    |      [2mPhase 2: Growth → $1K[0m
2026-02-24 06:23:00 | INFO    |   [2m──────────────────────────────────────────────────────[0m
2026-02-24 06:23:00 | INFO    |   [1m📊 TRADING[0m
2026-02-24 06:23:00 | INFO    |      Positions [97m0[0m / 7              Scans   492
2026-02-24 06:23:00 | INFO    |      Signals   0                Trades  0
2026-02-24 06:23:00 | INFO    |   [2m──────────────────────────────────────────────────────[0m
2026-02-24 06:23:00 | INFO    |   [1m🧠 INTELLIGENCE[0m
2026-02-24 06:23:00 | INFO    |      🎯 Skill     min=40  eval=3  pass=3  rej=0
2026-02-24 06:23:00 | INFO    |      📚 Learner   1 outcomes tracked
2026-02-24 06:23:00 | INFO    |      🔴 Watchdog  [91mUNHEALTHY[0m     📡 WS  74 buffers
2026-02-24 06:23:00 | INFO    |      🔭 Hunter    2410 non-portfolio signals
2026-02-24 06:23:00 | INFO    |   [2m──────────────────────────────────────────────────────[0m
2026-02-24 06:23:00 | INFO    |   [1m⚙️  CONFIG[0m
2026-02-24 06:23:00 | INFO    |      Risk       [93m3.0%[0m   Lev  [93m8x[0m   MaxPos [93m7[0m
2026-02-24 06:23:00 | INFO    |      Maker TP   [92mON[0m              Maker Entry  [92mON[0m
2026-02-24 06:23:00 | INFO    |      Combos     48                Pairs  35
2026-02-24 06:23:00 | INFO    |      Uptime     8.1h
2026-02-24 06:23:00 | INFO    | [96m══════════════════════════════════════════════════════════[0m

2026-02-24 06:23:13 | INFO    | Hunter: found 33 signals on non-portfolio pairs
2026-02-24 06:23:46 | WARNING | Watchdog ALERT: Memory 1031MB > 500MB limit
2026-02-24 06:24:46 | WARNING | Watchdog ALERT: Memory 1034MB > 500MB limit
2026-02-24 06:25:47 | WARNING | Watchdog ALERT: Memory 1036MB > 500MB limit
2026-02-24 06:26:47 | WARNING | Watchdog ALERT: Memory 1038MB > 500MB limit
2026-02-24 06:27:48 | WARNING | Watchdog ALERT: Memory 1040MB > 500MB limit
2026-02-24 06:28:00 | INFO    | 
[96m══════════════════════════════════════════════════════════[0m
2026-02-24 06:28:00 | INFO    |   🤖 [1m[97mv13pro LIVE DASHBOARD[0m    [91m🔴 UNHEALTHY[0m
2026-02-24 06:28:00 | INFO    |   [2m2026-02-23 19:28:00 UTC[0m   [2mSession: ny[0m
2026-02-24 06:28:00 | INFO    | [96m══════════════════════════════════════════════════════════[0m
2026-02-24 06:28:00 | INFO    |   [1m💰 EQUITY[0m
2026-02-24 06:28:00 | INFO    |      Balance   [92m[1m$500.72[0m               Peak  $500.72
2026-02-24 06:28:00 | INFO    |      Growth    [92m+0.1%[0m                DD    [92m0.0%[0m
2026-02-24 06:28:00 | INFO    |      Target    $5,000       [92m██[2m░░░░░░░░░░░░░░░░░░[0m 10%
2026-02-24 06:28:00 | INFO    |      [2mPhase 2: Growth → $1K[0m
2026-02-24 06:28:00 | INFO    |   [2m──────────────────────────────────────────────────────[0m
2026-02-24 06:28:00 | INFO    |   [1m📊 TRADING[0m
2026-02-24 06:28:00 | INFO    |      Positions [97m0[0m / 7              Scans   492
2026-02-24 06:28:00 | INFO    |      Signals   0                Trades  0
2026-02-24 06:28:00 | INFO    |   [2m──────────────────────────────────────────────────────[0m
2026-02-24 06:28:00 | INFO    |   [1m🧠 INTELLIGENCE[0m
2026-02-24 06:28:00 | INFO    |      🎯 Skill     min=40  eval=3  pass=3  rej=0
2026-02-24 06:28:00 | INFO    |      📚 Learner   1 outcomes tracked
2026-02-24 06:28:00 | INFO    |      🔴 Watchdog  [91mUNHEALTHY[0m     📡 WS  74 buffers
2026-02-24 06:28:00 | INFO    |      🔭 Hunter    2443 non-portfolio signals
2026-02-24 06:28:00 | INFO    |   [2m──────────────────────────────────────────────────────[0m
2026-02-24 06:28:00 | INFO    |   [1m⚙️  CONFIG[0m
2026-02-24 06:28:00 | INFO    |      Risk       [93m3.0%[0m   Lev  [93m8x[0m   MaxPos [93m7[0m
2026-02-24 06:28:00 | INFO    |      Maker TP   [92mON[0m              Maker Entry  [92mON[0m
2026-02-24 06:28:00 | INFO    |      Combos     48                Pairs  35
2026-02-24 06:28:00 | INFO    |      Uptime     8.2h
2026-02-24 06:28:00 | INFO    | [96m══════════════════════════════════════════════════════════[0m

2026-02-24 06:28:13 | DEBUG   | Hunter: 128 liquid candidates (ex-portfolio)
2026-02-24 06:28:31 | INFO    | Hunter: found 30 signals on non-portfolio pairs
2026-02-24 06:28:48 | WARNING | Watchdog ALERT: Memory 1042MB > 500MB limit
2026-02-24 06:29:48 | WARNING | Watchdog ALERT: Memory 1043MB > 500MB limit
2026-02-24 06:30:49 | WARNING | Watchdog ALERT: Memory 1045MB > 500MB limit
2026-02-24 06:31:49 | WARNING | Watchdog ALERT: Memory 1048MB > 500MB limit
2026-02-24 06:32:49 | WARNING | Watchdog ALERT: Memory 1050MB > 500MB limit
2026-02-24 06:33:00 | INFO    | 
[96m══════════════════════════════════════════════════════════[0m
2026-02-24 06:33:00 | INFO    |   🤖 [1m[97mv13pro LIVE DASHBOARD[0m    [91m🔴 UNHEALTHY[0m
2026-02-24 06:33:00 | INFO    |   [2m2026-02-23 19:33:00 UTC[0m   [2mSession: ny[0m
2026-02-24 06:33:00 | INFO    | [96m══════════════════════════════════════════════════════════[0m
2026-02-24 06:33:00 | INFO    |   [1m💰 EQUITY[0m
2026-02-24 06:33:00 | INFO    |      Balance   [92m[1m$500.72[0m               Peak  $500.72
2026-02-24 06:33:00 | INFO    |      Growth    [92m+0.1%[0m                DD    [92m0.0%[0m
2026-02-24 06:33:00 | INFO    |      Target    $5,000       [92m██[2m░░░░░░░░░░░░░░░░░░[0m 10%
2026-02-24 06:33:00 | INFO    |      [2mPhase 2: Growth → $1K[0m
2026-02-24 06:33:00 | INFO    |   [2m──────────────────────────────────────────────────────[0m
2026-02-24 06:33:00 | INFO    |   [1m📊 TRADING[0m
2026-02-24 06:33:00 | INFO    |      Positions [97m0[0m / 7              Scans   506
2026-02-24 06:33:00 | INFO    |      Signals   0                Trades  0
2026-02-24 06:33:00 | INFO    |   [2m──────────────────────────────────────────────────────[0m
2026-02-24 06:33:00 | INFO    |   [1m🧠 INTELLIGENCE[0m
2026-02-24 06:33:00 | INFO    |      🎯 Skill     min=40  eval=3  pass=3  rej=0
2026-02-24 06:33:00 | INFO    |      📚 Learner   1 outcomes tracked
2026-02-24 06:33:00 | INFO    |      🔴 Watchdog  [91mUNHEALTHY[0m     📡 WS  74 buffers
2026-02-24 06:33:00 | INFO    |      🔭 Hunter    2473 non-portfolio signals
2026-02-24 06:33:00 | INFO    |   [2m──────────────────────────────────────────────────────[0m
2026-02-24 06:33:00 | INFO    |   [1m⚙️  CONFIG[0m
2026-02-24 06:33:00 | INFO    |      Risk       [93m3.0%[0m   Lev  [93m8x[0m   MaxPos [93m7[0m
2026-02-24 06:33:00 | INFO    |      Maker TP   [92mON[0m              Maker Entry  [92mON[0m
2026-02-24 06:33:00 | INFO    |      Combos     48                Pairs  35
2026-02-24 06:33:00 | INFO    |      Uptime     8.3h
2026-02-24 06:33:00 | INFO    | [96m══════════════════════════════════════════════════════════[0m

2026-02-24 06:33:32 | DEBUG   | Hunter: 127 liquid candidates (ex-portfolio)
2026-02-24 06:33:50 | WARNING | Watchdog ALERT: Memory 1054MB > 500MB limit
2026-02-24 06:33:50 | INFO    | Hunter: found 19 signals on non-portfolio pairs
2026-02-24 06:34:50 | WARNING | Watchdog ALERT: Memory 1055MB > 500MB limit
2026-02-24 06:35:51 | WARNING | Watchdog ALERT: Memory 1056MB > 500MB limit
2026-02-24 06:36:51 | WARNING | Watchdog ALERT: Memory 1059MB > 500MB limit
2026-02-24 06:37:52 | WARNING | Watchdog ALERT: Memory 1061MB > 500MB limit
2026-02-24 06:38:00 | INFO    | 
[96m══════════════════════════════════════════════════════════[0m
2026-02-24 06:38:00 | INFO    |   🤖 [1m[97mv13pro LIVE DASHBOARD[0m    [91m🔴 UNHEALTHY[0m
2026-02-24 06:38:00 | INFO    |   [2m2026-02-23 19:38:00 UTC[0m   [2mSession: ny[0m
2026-02-24 06:38:00 | INFO    | [96m══════════════════════════════════════════════════════════[0m
2026-02-24 06:38:00 | INFO    |   [1m💰 EQUITY[0m
2026-02-24 06:38:00 | INFO    |      Balance   [92m[1m$500.72[0m               Peak  $500.72
2026-02-24 06:38:00 | INFO    |      Growth    [92m+0.1%[0m                DD    [92m0.0%[0m
2026-02-24 06:38:00 | INFO    |      Target    $5,000       [92m██[2m░░░░░░░░░░░░░░░░░░[0m 10%
2026-02-24 06:38:00 | INFO    |      [2mPhase 2: Growth → $1K[0m
2026-02-24 06:38:00 | INFO    |   [2m──────────────────────────────────────────────────────[0m
2026-02-24 06:38:00 | INFO    |   [1m📊 TRADING[0m
2026-02-24 06:38:00 | INFO    |      Positions [97m0[0m / 7              Scans   506
2026-02-24 06:38:00 | INFO    |      Signals   0                Trades  0
2026-02-24 06:38:00 | INFO    |   [2m──────────────────────────────────────────────────────[0m
2026-02-24 06:38:00 | INFO    |   [1m🧠 INTELLIGENCE[0m
2026-02-24 06:38:00 | INFO    |      🎯 Skill     min=40  eval=3  pass=3  rej=0
2026-02-24 06:38:00 | INFO    |      📚 Learner   1 outcomes tracked
2026-02-24 06:38:00 | INFO    |      🔴 Watchdog  [91mUNHEALTHY[0m     📡 WS  74 buffers
2026-02-24 06:38:00 | INFO    |      🔭 Hunter    2492 non-portfolio signals
2026-02-24 06:38:00 | INFO    |   [2m──────────────────────────────────────────────────────[0m
2026-02-24 06:38:00 | INFO    |   [1m⚙️  CONFIG[0m
2026-02-24 06:38:00 | INFO    |      Risk       [93m3.0%[0m   Lev  [93m8x[0m   MaxPos [93m7[0m
2026-02-24 06:38:00 | INFO    |      Maker TP   [92mON[0m              Maker Entry  [92mON[0m
2026-02-24 06:38:00 | INFO    |      Combos     48                Pairs  35
2026-02-24 06:38:00 | INFO    |      Uptime     8.3h
2026-02-24 06:38:00 | INFO    | [96m══════════════════════════════════════════════════════════[0m

2026-02-24 06:38:50 | DEBUG   | Hunter: 128 liquid candidates (ex-portfolio)
2026-02-24 06:38:52 | WARNING | Watchdog ALERT: Memory 1065MB > 500MB limit
2026-02-24 06:39:08 | INFO    | Hunter: found 29 signals on non-portfolio pairs
2026-02-24 06:39:52 | WARNING | Watchdog ALERT: Memory 1066MB > 500MB limit
2026-02-24 06:40:53 | WARNING | Watchdog ALERT: Memory 1069MB > 500MB limit
2026-02-24 06:41:53 | WARNING | Watchdog ALERT: Memory 1071MB > 500MB limit
2026-02-24 06:42:54 | WARNING | Watchdog ALERT: Memory 1073MB > 500MB limit
2026-02-24 06:43:00 | INFO    | 
[96m══════════════════════════════════════════════════════════[0m
2026-02-24 06:43:00 | INFO    |   🤖 [1m[97mv13pro LIVE DASHBOARD[0m    [91m🔴 UNHEALTHY[0m
2026-02-24 06:43:00 | INFO    |   [2m2026-02-23 19:43:00 UTC[0m   [2mSession: ny[0m
2026-02-24 06:43:00 | INFO    | [96m══════════════════════════════════════════════════════════[0m
2026-02-24 06:43:00 | INFO    |   [1m💰 EQUITY[0m
2026-02-24 06:43:00 | INFO    |      Balance   [92m[1m$500.72[0m               Peak  $500.72
2026-02-24 06:43:00 | INFO    |      Growth    [92m+0.1%[0m                DD    [92m0.0%[0m
2026-02-24 06:43:00 | INFO    |      Target    $5,000       [92m██[2m░░░░░░░░░░░░░░░░░░[0m 10%
2026-02-24 06:43:00 | INFO    |      [2mPhase 2: Growth → $1K[0m
2026-02-24 06:43:00 | INFO    |   [2m──────────────────────────────────────────────────────[0m
2026-02-24 06:43:00 | INFO    |   [1m📊 TRADING[0m
2026-02-24 06:43:00 | INFO    |      Positions [97m0[0m / 7              Scans   506
2026-02-24 06:43:00 | INFO    |      Signals   0                Trades  0
2026-02-24 06:43:00 | INFO    |   [2m──────────────────────────────────────────────────────[0m
2026-02-24 06:43:00 | INFO    |   [1m🧠 INTELLIGENCE[0m
2026-02-24 06:43:00 | INFO    |      🎯 Skill     min=40  eval=3  pass=3  rej=0
2026-02-24 06:43:00 | INFO    |      📚 Learner   1 outcomes tracked
2026-02-24 06:43:00 | INFO    |      🔴 Watchdog  [91mUNHEALTHY[0m     📡 WS  74 buffers
2026-02-24 06:43:00 | INFO    |      🔭 Hunter    2521 non-portfolio signals
2026-02-24 06:43:00 | INFO    |   [2m──────────────────────────────────────────────────────[0m
2026-02-24 06:43:00 | INFO    |   [1m⚙️  CONFIG[0m
2026-02-24 06:43:00 | INFO    |      Risk       [93m3.0%[0m   Lev  [93m8x[0m   MaxPos [93m7[0m
2026-02-24 06:43:00 | INFO    |      Maker TP   [92mON[0m              Maker Entry  [92mON[0m
2026-02-24 06:43:00 | INFO    |      Combos     48                Pairs  35
2026-02-24 06:43:00 | INFO    |      Uptime     8.4h
2026-02-24 06:43:00 | INFO    | [96m══════════════════════════════════════════════════════════[0m

2026-02-24 06:43:54 | WARNING | Watchdog ALERT: Memory 1075MB > 500MB limit
2026-02-24 06:44:08 | DEBUG   | Hunter: 128 liquid candidates (ex-portfolio)
2026-02-24 06:44:26 | INFO    | Hunter: found 24 signals on non-portfolio pairs
2026-02-24 06:44:54 | WARNING | Watchdog ALERT: Memory 1078MB > 500MB limit
2026-02-24 06:45:55 | WARNING | Watchdog ALERT: Memory 1080MB > 500MB limit
2026-02-24 06:46:55 | WARNING | Watchdog ALERT: Memory 1082MB > 500MB limit
2026-02-24 06:47:56 | WARNING | Watchdog ALERT: Memory 1084MB > 500MB limit
2026-02-24 06:48:00 | INFO    | 
[96m══════════════════════════════════════════════════════════[0m
2026-02-24 06:48:00 | INFO    |   🤖 [1m[97mv13pro LIVE DASHBOARD[0m    [91m🔴 UNHEALTHY[0m
2026-02-24 06:48:00 | INFO    |   [2m2026-02-23 19:48:00 UTC[0m   [2mSession: ny[0m
2026-02-24 06:48:00 | INFO    | [96m══════════════════════════════════════════════════════════[0m
2026-02-24 06:48:00 | INFO    |   [1m💰 EQUITY[0m
2026-02-24 06:48:00 | INFO    |      Balance   [92m[1m$500.72[0m               Peak  $500.72
2026-02-24 06:48:00 | INFO    |      Growth    [92m+0.1%[0m                DD    [92m0.0%[0m
2026-02-24 06:48:00 | INFO    |      Target    $5,000       [92m██[2m░░░░░░░░░░░░░░░░░░[0m 10%
2026-02-24 06:48:00 | INFO    |      [2mPhase 2: Growth → $1K[0m
2026-02-24 06:48:00 | INFO    |   [2m──────────────────────────────────────────────────────[0m
2026-02-24 06:48:00 | INFO    |   [1m📊 TRADING[0m
2026-02-24 06:48:00 | INFO    |      Positions [97m0[0m / 7              Scans   517
2026-02-24 06:48:00 | INFO    |      Signals   0                Trades  0
2026-02-24 06:48:00 | INFO    |   [2m──────────────────────────────────────────────────────[0m
2026-02-24 06:48:00 | INFO    |   [1m🧠 INTELLIGENCE[0m
2026-02-24 06:48:00 | INFO    |      🎯 Skill     min=40  eval=3  pass=3  rej=0
2026-02-24 06:48:00 | INFO    |      📚 Learner   1 outcomes tracked
2026-02-24 06:48:00 | INFO    |      🔴 Watchdog  [91mUNHEALTHY[0m     📡 WS  74 buffers
2026-02-24 06:48:00 | INFO    |      🔭 Hunter    2545 non-portfolio signals
2026-02-24 06:48:00 | INFO    |   [2m──────────────────────────────────────────────────────[0m
2026-02-24 06:48:00 | INFO    |   [1m⚙️  CONFIG[0m
2026-02-24 06:48:00 | INFO    |      Risk       [93m3.0%[0m   Lev  [93m8x[0m   MaxPos [93m7[0m
2026-02-24 06:48:00 | INFO    |      Maker TP   [92mON[0m              Maker Entry  [92mON[0m
2026-02-24 06:48:00 | INFO    |      Combos     48                Pairs  35
2026-02-24 06:48:00 | INFO    |      Uptime     8.5h
2026-02-24 06:48:00 | INFO    | [96m══════════════════════════════════════════════════════════[0m

2026-02-24 06:48:56 | WARNING | Watchdog ALERT: Memory 1086MB > 500MB limit
2026-02-24 06:49:26 | DEBUG   | Hunter: 129 liquid candidates (ex-portfolio)
2026-02-24 06:49:43 | INFO    | Hunter: found 43 signals on non-portfolio pairs
2026-02-24 06:49:57 | WARNING | Watchdog ALERT: Memory 1090MB > 500MB limit
2026-02-24 06:50:57 | WARNING | Watchdog ALERT: Memory 1091MB > 500MB limit
2026-02-24 06:51:57 | WARNING | Watchdog ALERT: Memory 1094MB > 500MB limit
2026-02-24 06:52:58 | WARNING | Watchdog ALERT: Memory 1096MB > 500MB limit
2026-02-24 06:53:01 | INFO    | 
[96m══════════════════════════════════════════════════════════[0m
2026-02-24 06:53:01 | INFO    |   🤖 [1m[97mv13pro LIVE DASHBOARD[0m    [91m🔴 UNHEALTHY[0m
2026-02-24 06:53:01 | INFO    |   [2m2026-02-23 19:53:01 UTC[0m   [2mSession: ny[0m
2026-02-24 06:53:01 | INFO    | [96m══════════════════════════════════════════════════════════[0m
2026-02-24 06:53:01 | INFO    |   [1m💰 EQUITY[0m
2026-02-24 06:53:01 | INFO    |      Balance   [92m[1m$500.72[0m               Peak  $500.72
2026-02-24 06:53:01 | INFO    |      Growth    [92m+0.1%[0m                DD    [92m0.0%[0m
2026-02-24 06:53:01 | INFO    |      Target    $5,000       [92m██[2m░░░░░░░░░░░░░░░░░░[0m 10%
2026-02-24 06:53:01 | INFO    |      [2mPhase 2: Growth → $1K[0m
2026-02-24 06:53:01 | INFO    |   [2m──────────────────────────────────────────────────────[0m
2026-02-24 06:53:01 | INFO    |   [1m📊 TRADING[0m
2026-02-24 06:53:01 | INFO    |      Positions [97m0[0m / 7              Scans   517
2026-02-24 06:53:01 | INFO    |      Signals   0                Trades  0
2026-02-24 06:53:01 | INFO    |   [2m──────────────────────────────────────────────────────[0m
2026-02-24 06:53:01 | INFO    |   [1m🧠 INTELLIGENCE[0m
2026-02-24 06:53:01 | INFO    |      🎯 Skill     min=40  eval=3  pass=3  rej=0
2026-02-24 06:53:01 | INFO    |      📚 Learner   1 outcomes tracked
2026-02-24 06:53:01 | INFO    |      🔴 Watchdog  [91mUNHEALTHY[0m     📡 WS  74 buffers
2026-02-24 06:53:01 | INFO    |      🔭 Hunter    2588 non-portfolio signals
2026-02-24 06:53:01 | INFO    |   [2m──────────────────────────────────────────────────────[0m
2026-02-24 06:53:01 | INFO    |   [1m⚙️  CONFIG[0m
2026-02-24 06:53:01 | INFO    |      Risk       [93m3.0%[0m   Lev  [93m8x[0m   MaxPos [93m7[0m
2026-02-24 06:53:01 | INFO    |      Maker TP   [92mON[0m              Maker Entry  [92mON[0m
2026-02-24 06:53:01 | INFO    |      Combos     48                Pairs  35
2026-02-24 06:53:01 | INFO    |      Uptime     8.6h
2026-02-24 06:53:01 | INFO    | [96m══════════════════════════════════════════════════════════[0m

2026-02-24 06:53:58 | WARNING | Watchdog ALERT: Memory 1099MB > 500MB limit
2026-02-24 06:54:44 | DEBUG   | Hunter: 127 liquid candidates (ex-portfolio)
2026-02-24 06:54:59 | WARNING | Watchdog ALERT: Memory 1102MB > 500MB limit
2026-02-24 06:55:01 | INFO    | Hunter: found 43 signals on non-portfolio pairs
2026-02-24 06:55:59 | WARNING | Watchdog ALERT: Memory 1104MB > 500MB limit
2026-02-24 06:57:00 | WARNING | Watchdog ALERT: Memory 1106MB > 500MB limit
2026-02-24 06:58:00 | WARNING | Watchdog ALERT: Memory 1108MB > 500MB limit
2026-02-24 06:58:01 | INFO    | 
[96m══════════════════════════════════════════════════════════[0m
2026-02-24 06:58:01 | INFO    |   🤖 [1m[97mv13pro LIVE DASHBOARD[0m    [91m🔴 UNHEALTHY[0m
2026-02-24 06:58:01 | INFO    |   [2m2026-02-23 19:58:01 UTC[0m   [2mSession: ny[0m
2026-02-24 06:58:01 | INFO    | [96m══════════════════════════════════════════════════════════[0m
2026-02-24 06:58:01 | INFO    |   [1m💰 EQUITY[0m
2026-02-24 06:58:01 | INFO    |      Balance   [92m[1m$500.72[0m               Peak  $500.72
2026-02-24 06:58:01 | INFO    |      Growth    [92m+0.1%[0m                DD    [92m0.0%[0m
2026-02-24 06:58:01 | INFO    |      Target    $5,000       [92m██[2m░░░░░░░░░░░░░░░░░░[0m 10%
2026-02-24 06:58:01 | INFO    |      [2mPhase 2: Growth → $1K[0m
2026-02-24 06:58:01 | INFO    |   [2m──────────────────────────────────────────────────────[0m
2026-02-24 06:58:01 | INFO    |   [1m📊 TRADING[0m
2026-02-24 06:58:01 | INFO    |      Positions [97m0[0m / 7              Scans   517
2026-02-24 06:58:01 | INFO    |      Signals   0                Trades  0
2026-02-24 06:58:01 | INFO    |   [2m──────────────────────────────────────────────────────[0m
2026-02-24 06:58:01 | INFO    |   [1m🧠 INTELLIGENCE[0m
2026-02-24 06:58:01 | INFO    |      🎯 Skill     min=40  eval=3  pass=3  rej=0
2026-02-24 06:58:01 | INFO    |      📚 Learner   1 outcomes tracked
2026-02-24 06:58:01 | INFO    |      🔴 Watchdog  [91mUNHEALTHY[0m     📡 WS  74 buffers
2026-02-24 06:58:01 | INFO    |      🔭 Hunter    2631 non-portfolio signals
2026-02-24 06:58:01 | INFO    |   [2m──────────────────────────────────────────────────────[0m
2026-02-24 06:58:01 | INFO    |   [1m⚙️  CONFIG[0m
2026-02-24 06:58:01 | INFO    |      Risk       [93m3.0%[0m   Lev  [93m8x[0m   MaxPos [93m7[0m
2026-02-24 06:58:01 | INFO    |      Maker TP   [92mON[0m              Maker Entry  [92mON[0m
2026-02-24 06:58:01 | INFO    |      Combos     48                Pairs  35
2026-02-24 06:58:01 | INFO    |      Uptime     8.7h
2026-02-24 06:58:01 | INFO    | [96m══════════════════════════════════════════════════════════[0m

2026-02-24 06:59:01 | WARNING | Watchdog ALERT: Memory 1110MB > 500MB limit
2026-02-24 07:00:01 | WARNING | Watchdog ALERT: Memory 1112MB > 500MB limit
2026-02-24 07:00:02 | DEBUG   | Hunter: 128 liquid candidates (ex-portfolio)
2026-02-24 07:00:19 | INFO    | Hunter: found 15 signals on non-portfolio pairs
2026-02-24 07:01:02 | WARNING | Watchdog ALERT: Memory 1115MB > 500MB limit
2026-02-24 07:02:02 | WARNING | Watchdog ALERT: Memory 1117MB > 500MB limit
2026-02-24 07:03:03 | WARNING | Watchdog ALERT: Memory 1119MB > 500MB limit
2026-02-24 07:03:21 | INFO    | 
[96m══════════════════════════════════════════════════════════[0m
2026-02-24 07:03:21 | INFO    |   🤖 [1m[97mv13pro LIVE DASHBOARD[0m    [91m🔴 UNHEALTHY[0m
2026-02-24 07:03:21 | INFO    |   [2m2026-02-23 20:03:21 UTC[0m   [2mSession: ny[0m
2026-02-24 07:03:21 | INFO    | [96m══════════════════════════════════════════════════════════[0m
2026-02-24 07:03:21 | INFO    |   [1m💰 EQUITY[0m
2026-02-24 07:03:21 | INFO    |      Balance   [92m[1m$500.72[0m               Peak  $500.72
2026-02-24 07:03:21 | INFO    |      Growth    [92m+0.1%[0m                DD    [92m0.0%[0m
2026-02-24 07:03:21 | INFO    |      Target    $5,000       [92m██[2m░░░░░░░░░░░░░░░░░░[0m 10%
2026-02-24 07:03:21 | INFO    |      [2mPhase 2: Growth → $1K[0m
2026-02-24 07:03:21 | INFO    |   [2m──────────────────────────────────────────────────────[0m
2026-02-24 07:03:21 | INFO    |   [1m📊 TRADING[0m
2026-02-24 07:03:21 | INFO    |      Positions [97m0[0m / 7              Scans   556
2026-02-24 07:03:21 | INFO    |      Signals   0                Trades  0
2026-02-24 07:03:21 | INFO    |   [2m──────────────────────────────────────────────────────[0m
2026-02-24 07:03:21 | INFO    |   [1m🧠 INTELLIGENCE[0m
2026-02-24 07:03:21 | INFO    |      🎯 Skill     min=40  eval=3  pass=3  rej=0
2026-02-24 07:03:21 | INFO    |      📚 Learner   1 outcomes tracked
2026-02-24 07:03:21 | INFO    |      🔴 Watchdog  [91mUNHEALTHY[0m     📡 WS  74 buffers
2026-02-24 07:03:21 | INFO    |      🔭 Hunter    2646 non-portfolio signals
2026-02-24 07:03:21 | INFO    |   [2m──────────────────────────────────────────────────────[0m
2026-02-24 07:03:21 | INFO    |   [1m⚙️  CONFIG[0m
2026-02-24 07:03:21 | INFO    |      Risk       [93m3.0%[0m   Lev  [93m8x[0m   MaxPos [93m7[0m
2026-02-24 07:03:21 | INFO    |      Maker TP   [92mON[0m              Maker Entry  [92mON[0m
2026-02-24 07:03:21 | INFO    |      Combos     48                Pairs  35
2026-02-24 07:03:21 | INFO    |      Uptime     8.8h
2026-02-24 07:03:21 | INFO    | [96m══════════════════════════════════════════════════════════[0m

2026-02-24 07:04:03 | WARNING | Watchdog ALERT: Memory 1122MB > 500MB limit
2026-02-24 07:05:04 | WARNING | Watchdog ALERT: Memory 1124MB > 500MB limit
2026-02-24 07:05:19 | DEBUG   | Hunter: 129 liquid candidates (ex-portfolio)
2026-02-24 07:05:38 | INFO    | Hunter: found 21 signals on non-portfolio pairs
2026-02-24 07:06:04 | WARNING | Watchdog ALERT: Memory 1126MB > 500MB limit
2026-02-24 07:07:05 | WARNING | Watchdog ALERT: Memory 1128MB > 500MB limit
2026-02-24 07:08:05 | WARNING | Watchdog ALERT: Memory 1131MB > 500MB limit
2026-02-24 07:09:00 | INFO    | 
[96m══════════════════════════════════════════════════════════[0m
2026-02-24 07:09:00 | INFO    |   🤖 [1m[97mv13pro LIVE DASHBOARD[0m    [91m🔴 UNHEALTHY[0m
2026-02-24 07:09:00 | INFO    |   [2m2026-02-23 20:09:00 UTC[0m   [2mSession: ny[0m
2026-02-24 07:09:00 | INFO    | [96m══════════════════════════════════════════════════════════[0m
2026-02-24 07:09:00 | INFO    |   [1m💰 EQUITY[0m
2026-02-24 07:09:00 | INFO    |      Balance   [92m[1m$500.72[0m               Peak  $500.72
2026-02-24 07:09:00 | INFO    |      Growth    [92m+0.1%[0m                DD    [92m0.0%[0m
2026-02-24 07:09:00 | INFO    |      Target    $5,000       [92m██[2m░░░░░░░░░░░░░░░░░░[0m 10%
2026-02-24 07:09:00 | INFO    |      [2mPhase 2: Growth → $1K[0m
2026-02-24 07:09:00 | INFO    |   [2m──────────────────────────────────────────────────────[0m
2026-02-24 07:09:00 | INFO    |   [1m📊 TRADING[0m
2026-02-24 07:09:00 | INFO    |      Positions [97m0[0m / 7              Scans   556
2026-02-24 07:09:00 | INFO    |      Signals   0                Trades  0
2026-02-24 07:09:00 | INFO    |   [2m──────────────────────────────────────────────────────[0m
2026-02-24 07:09:00 | INFO    |   [1m🧠 INTELLIGENCE[0m
2026-02-24 07:09:00 | INFO    |      🎯 Skill     min=40  eval=3  pass=3  rej=0
2026-02-24 07:09:00 | INFO    |      📚 Learner   1 outcomes tracked
2026-02-24 07:09:00 | INFO    |      🔴 Watchdog  [91mUNHEALTHY[0m     📡 WS  74 buffers
2026-02-24 07:09:00 | INFO    |      🔭 Hunter    2667 non-portfolio signals
2026-02-24 07:09:00 | INFO    |   [2m──────────────────────────────────────────────────────[0m
2026-02-24 07:09:00 | INFO    |   [1m⚙️  CONFIG[0m
2026-02-24 07:09:00 | INFO    |      Risk       [93m3.0%[0m   Lev  [93m8x[0m   MaxPos [93m7[0m
2026-02-24 07:09:00 | INFO    |      Maker TP   [92mON[0m              Maker Entry  [92mON[0m
2026-02-24 07:09:00 | INFO    |      Combos     48                Pairs  35
2026-02-24 07:09:00 | INFO    |      Uptime     8.9h
2026-02-24 07:09:00 | INFO    | [96m══════════════════════════════════════════════════════════[0m

2026-02-24 07:09:06 | WARNING | Watchdog ALERT: Memory 1133MB > 500MB limit
2026-02-24 07:10:06 | WARNING | Watchdog ALERT: Memory 1135MB > 500MB limit
2026-02-24 07:10:39 | DEBUG   | Hunter: 127 liquid candidates (ex-portfolio)
2026-02-24 07:10:56 | INFO    | Hunter: found 34 signals on non-portfolio pairs
2026-02-24 07:11:07 | WARNING | Watchdog ALERT: Memory 1139MB > 500MB limit
2026-02-24 07:12:07 | WARNING | Watchdog ALERT: Memory 1141MB > 500MB limit
2026-02-24 07:13:08 | WARNING | Watchdog ALERT: Memory 1143MB > 500MB limit
2026-02-24 07:14:00 | INFO    | 
[96m══════════════════════════════════════════════════════════[0m
2026-02-24 07:14:00 | INFO    |   🤖 [1m[97mv13pro LIVE DASHBOARD[0m    [91m🔴 UNHEALTHY[0m
2026-02-24 07:14:00 | INFO    |   [2m2026-02-23 20:14:00 UTC[0m   [2mSession: ny[0m
2026-02-24 07:14:00 | INFO    | [96m══════════════════════════════════════════════════════════[0m
2026-02-24 07:14:00 | INFO    |   [1m💰 EQUITY[0m
2026-02-24 07:14:00 | INFO    |      Balance   [92m[1m$500.72[0m               Peak  $500.72
2026-02-24 07:14:00 | INFO    |      Growth    [92m+0.1%[0m                DD    [92m0.0%[0m
2026-02-24 07:14:00 | INFO    |      Target    $5,000       [92m██[2m░░░░░░░░░░░░░░░░░░[0m 10%
2026-02-24 07:14:00 | INFO    |      [2mPhase 2: Growth → $1K[0m
2026-02-24 07:14:00 | INFO    |   [2m──────────────────────────────────────────────────────[0m
2026-02-24 07:14:00 | INFO    |   [1m📊 TRADING[0m
2026-02-24 07:14:00 | INFO    |      Positions [97m0[0m / 7              Scans   556
2026-02-24 07:14:00 | INFO    |      Signals   0                Trades  0
2026-02-24 07:14:00 | INFO    |   [2m──────────────────────────────────────────────────────[0m
2026-02-24 07:14:00 | INFO    |   [1m🧠 INTELLIGENCE[0m
2026-02-24 07:14:00 | INFO    |      🎯 Skill     min=40  eval=3  pass=3  rej=0
2026-02-24 07:14:00 | INFO    |      📚 Learner   1 outcomes tracked
2026-02-24 07:14:00 | INFO    |      🔴 Watchdog  [91mUNHEALTHY[0m     📡 WS  74 buffers
2026-02-24 07:14:00 | INFO    |      🔭 Hunter    2701 non-portfolio signals
2026-02-24 07:14:00 | INFO    |   [2m──────────────────────────────────────────────────────[0m
2026-02-24 07:14:00 | INFO    |   [1m⚙️  CONFIG[0m
2026-02-24 07:14:00 | INFO    |      Risk       [93m3.0%[0m   Lev  [93m8x[0m   MaxPos [93m7[0m
2026-02-24 07:14:00 | INFO    |      Maker TP   [92mON[0m              Maker Entry  [92mON[0m
2026-02-24 07:14:00 | INFO    |      Combos     48                Pairs  35
2026-02-24 07:14:00 | INFO    |      Uptime     8.9h
2026-02-24 07:14:00 | INFO    | [96m══════════════════════════════════════════════════════════[0m

2026-02-24 07:14:08 | WARNING | Watchdog ALERT: Memory 1146MB > 500MB limit
2026-02-24 07:15:09 | WARNING | Watchdog ALERT: Memory 1148MB > 500MB limit
2026-02-24 07:15:57 | DEBUG   | Hunter: 130 liquid candidates (ex-portfolio)
2026-02-24 07:16:09 | WARNING | Watchdog ALERT: Memory 1153MB > 500MB limit
2026-02-24 07:16:15 | INFO    | Hunter: found 18 signals on non-portfolio pairs
2026-02-24 07:17:10 | WARNING | Watchdog ALERT: Memory 1155MB > 500MB limit
2026-02-24 07:18:10 | WARNING | Watchdog ALERT: Memory 1157MB > 500MB limit
2026-02-24 07:19:00 | INFO    | 
[96m══════════════════════════════════════════════════════════[0m
2026-02-24 07:19:00 | INFO    |   🤖 [1m[97mv13pro LIVE DASHBOARD[0m    [91m🔴 UNHEALTHY[0m
2026-02-24 07:19:00 | INFO    |   [2m2026-02-23 20:19:00 UTC[0m   [2mSession: ny[0m
2026-02-24 07:19:00 | INFO    | [96m══════════════════════════════════════════════════════════[0m
2026-02-24 07:19:00 | INFO    |   [1m💰 EQUITY[0m
2026-02-24 07:19:00 | INFO    |      Balance   [92m[1m$500.72[0m               Peak  $500.72
2026-02-24 07:19:00 | INFO    |      Growth    [92m+0.1%[0m                DD    [92m0.0%[0m
2026-02-24 07:19:00 | INFO    |      Target    $5,000       [92m██[2m░░░░░░░░░░░░░░░░░░[0m 10%
2026-02-24 07:19:00 | INFO    |      [2mPhase 2: Growth → $1K[0m
2026-02-24 07:19:00 | INFO    |   [2m──────────────────────────────────────────────────────[0m
2026-02-24 07:19:00 | INFO    |   [1m📊 TRADING[0m
2026-02-24 07:19:00 | INFO    |      Positions [97m0[0m / 7              Scans   565
2026-02-24 07:19:00 | INFO    |      Signals   0                Trades  0
2026-02-24 07:19:00 | INFO    |   [2m──────────────────────────────────────────────────────[0m
2026-02-24 07:19:00 | INFO    |   [1m🧠 INTELLIGENCE[0m
2026-02-24 07:19:00 | INFO    |      🎯 Skill     min=40  eval=3  pass=3  rej=0
2026-02-24 07:19:00 | INFO    |      📚 Learner   1 outcomes tracked
2026-02-24 07:19:00 | INFO    |      🔴 Watchdog  [91mUNHEALTHY[0m     📡 WS  74 buffers
2026-02-24 07:19:00 | INFO    |      🔭 Hunter    2719 non-portfolio signals
2026-02-24 07:19:00 | INFO    |   [2m──────────────────────────────────────────────────────[0m
2026-02-24 07:19:00 | INFO    |   [1m⚙️  CONFIG[0m
2026-02-24 07:19:00 | INFO    |      Risk       [93m3.0%[0m   Lev  [93m8x[0m   MaxPos [93m7[0m
2026-02-24 07:19:00 | INFO    |      Maker TP   [92mON[0m              Maker Entry  [92mON[0m
2026-02-24 07:19:00 | INFO    |      Combos     48                Pairs  35
2026-02-24 07:19:00 | INFO    |      Uptime     9.0h
2026-02-24 07:19:00 | INFO    | [96m══════════════════════════════════════════════════════════[0m

2026-02-24 07:19:11 | WARNING | Watchdog ALERT: Memory 1159MB > 500MB limit
2026-02-24 07:20:12 | WARNING | Watchdog ALERT: Memory 1162MB > 500MB limit
2026-02-24 07:21:12 | WARNING | Watchdog ALERT: Memory 1164MB > 500MB limit
2026-02-24 07:21:15 | DEBUG   | Hunter: 128 liquid candidates (ex-portfolio)
2026-02-24 07:21:34 | INFO    | Hunter: found 30 signals on non-portfolio pairs
2026-02-24 07:22:13 | WARNING | Watchdog ALERT: Memory 1167MB > 500MB limit
2026-02-24 07:23:13 | WARNING | Watchdog ALERT: Memory 1170MB > 500MB limit
2026-02-24 07:24:00 | INFO    | 
[96m══════════════════════════════════════════════════════════[0m
2026-02-24 07:24:00 | INFO    |   🤖 [1m[97mv13pro LIVE DASHBOARD[0m    [91m🔴 UNHEALTHY[0m
2026-02-24 07:24:00 | INFO    |   [2m2026-02-23 20:24:00 UTC[0m   [2mSession: ny[0m
2026-02-24 07:24:00 | INFO    | [96m══════════════════════════════════════════════════════════[0m
2026-02-24 07:24:00 | INFO    |   [1m💰 EQUITY[0m
2026-02-24 07:24:00 | INFO    |      Balance   [92m[1m$500.72[0m               Peak  $500.72
2026-02-24 07:24:00 | INFO    |      Growth    [92m+0.1%[0m                DD    [92m0.0%[0m
2026-02-24 07:24:00 | INFO    |      Target    $5,000       [92m██[2m░░░░░░░░░░░░░░░░░░[0m 10%
2026-02-24 07:24:00 | INFO    |      [2mPhase 2: Growth → $1K[0m
2026-02-24 07:24:00 | INFO    |   [2m──────────────────────────────────────────────────────[0m
2026-02-24 07:24:00 | INFO    |   [1m📊 TRADING[0m
2026-02-24 07:24:00 | INFO    |      Positions [97m0[0m / 7              Scans   565
2026-02-24 07:24:00 | INFO    |      Signals   0                Trades  0
2026-02-24 07:24:00 | INFO    |   [2m──────────────────────────────────────────────────────[0m
2026-02-24 07:24:00 | INFO    |   [1m🧠 INTELLIGENCE[0m
2026-02-24 07:24:00 | INFO    |      🎯 Skill     min=40  eval=3  pass=3  rej=0
2026-02-24 07:24:00 | INFO    |      📚 Learner   1 outcomes tracked
2026-02-24 07:24:00 | INFO    |      🔴 Watchdog  [91mUNHEALTHY[0m     📡 WS  74 buffers
2026-02-24 07:24:00 | INFO    |      🔭 Hunter    2749 non-portfolio signals
2026-02-24 07:24:00 | INFO    |   [2m──────────────────────────────────────────────────────[0m
2026-02-24 07:24:00 | INFO    |   [1m⚙️  CONFIG[0m
2026-02-24 07:24:00 | INFO    |      Risk       [93m3.0%[0m   Lev  [93m8x[0m   MaxPos [93m7[0m
2026-02-24 07:24:00 | INFO    |      Maker TP   [92mON[0m              Maker Entry  [92mON[0m
2026-02-24 07:24:00 | INFO    |      Combos     48                Pairs  35
2026-02-24 07:24:00 | INFO    |      Uptime     9.1h
2026-02-24 07:24:00 | INFO    | [96m══════════════════════════════════════════════════════════[0m

2026-02-24 07:24:14 | WARNING | Watchdog ALERT: Memory 1173MB > 500MB limit
2026-02-24 07:25:14 | WARNING | Watchdog ALERT: Memory 1175MB > 500MB limit
2026-02-24 07:26:15 | WARNING | Watchdog ALERT: Memory 1177MB > 500MB limit
2026-02-24 07:26:35 | DEBUG   | Hunter: 130 liquid candidates (ex-portfolio)
2026-02-24 07:26:52 | INFO    | Hunter: found 24 signals on non-portfolio pairs
2026-02-24 07:27:16 | WARNING | Watchdog ALERT: Memory 1180MB > 500MB limit
2026-02-24 07:28:16 | WARNING | Watchdog ALERT: Memory 1175MB > 500MB limit
2026-02-24 07:29:00 | INFO    | 
[96m══════════════════════════════════════════════════════════[0m
2026-02-24 07:29:00 | INFO    |   🤖 [1m[97mv13pro LIVE DASHBOARD[0m    [91m🔴 UNHEALTHY[0m
2026-02-24 07:29:00 | INFO    |   [2m2026-02-23 20:29:00 UTC[0m   [2mSession: ny[0m
2026-02-24 07:29:00 | INFO    | [96m══════════════════════════════════════════════════════════[0m
2026-02-24 07:29:00 | INFO    |   [1m💰 EQUITY[0m
2026-02-24 07:29:00 | INFO    |      Balance   [92m[1m$500.72[0m               Peak  $500.72
2026-02-24 07:29:00 | INFO    |      Growth    [92m+0.1%[0m                DD    [92m0.0%[0m
2026-02-24 07:29:00 | INFO    |      Target    $5,000       [92m██[2m░░░░░░░░░░░░░░░░░░[0m 10%
2026-02-24 07:29:00 | INFO    |      [2mPhase 2: Growth → $1K[0m
2026-02-24 07:29:00 | INFO    |   [2m──────────────────────────────────────────────────────[0m
2026-02-24 07:29:00 | INFO    |   [1m📊 TRADING[0m
2026-02-24 07:29:00 | INFO    |      Positions [97m0[0m / 7              Scans   565
2026-02-24 07:29:00 | INFO    |      Signals   0                Trades  0
2026-02-24 07:29:00 | INFO    |   [2m──────────────────────────────────────────────────────[0m
2026-02-24 07:29:00 | INFO    |   [1m🧠 INTELLIGENCE[0m
2026-02-24 07:29:00 | INFO    |      🎯 Skill     min=40  eval=3  pass=3  rej=0
2026-02-24 07:29:00 | INFO    |      📚 Learner   1 outcomes tracked
2026-02-24 07:29:00 | INFO    |      🔴 Watchdog  [91mUNHEALTHY[0m     📡 WS  74 buffers
2026-02-24 07:29:00 | INFO    |      🔭 Hunter    2773 non-portfolio signals
2026-02-24 07:29:00 | INFO    |   [2m──────────────────────────────────────────────────────[0m
2026-02-24 07:29:00 | INFO    |   [1m⚙️  CONFIG[0m
2026-02-24 07:29:00 | INFO    |      Risk       [93m3.0%[0m   Lev  [93m8x[0m   MaxPos [93m7[0m
2026-02-24 07:29:00 | INFO    |      Maker TP   [92mON[0m              Maker Entry  [92mON[0m
2026-02-24 07:29:00 | INFO    |      Combos     48                Pairs  35
2026-02-24 07:29:00 | INFO    |      Uptime     9.2h
2026-02-24 07:29:00 | INFO    | [96m══════════════════════════════════════════════════════════[0m

2026-02-24 07:29:17 | WARNING | Watchdog ALERT: Memory 1177MB > 500MB limit
2026-02-24 07:30:17 | WARNING | Watchdog ALERT: Memory 1179MB > 500MB limit
2026-02-24 07:31:18 | WARNING | Watchdog ALERT: Memory 1182MB > 500MB limit
2026-02-24 07:31:53 | DEBUG   | Hunter: 130 liquid candidates (ex-portfolio)
2026-02-24 07:32:10 | INFO    | Hunter: found 20 signals on non-portfolio pairs
2026-02-24 07:32:19 | WARNING | Watchdog ALERT: Memory 1186MB > 500MB limit
2026-02-24 07:33:19 | WARNING | Watchdog ALERT: Memory 1188MB > 500MB limit
2026-02-24 07:34:00 | INFO    | 
[96m══════════════════════════════════════════════════════════[0m
2026-02-24 07:34:00 | INFO    |   🤖 [1m[97mv13pro LIVE DASHBOARD[0m    [91m🔴 UNHEALTHY[0m
2026-02-24 07:34:00 | INFO    |   [2m2026-02-23 20:34:00 UTC[0m   [2mSession: ny[0m
2026-02-24 07:34:00 | INFO    | [96m══════════════════════════════════════════════════════════[0m
2026-02-24 07:34:00 | INFO    |   [1m💰 EQUITY[0m
2026-02-24 07:34:00 | INFO    |      Balance   [92m[1m$500.72[0m               Peak  $500.72
2026-02-24 07:34:00 | INFO    |      Growth    [92m+0.1%[0m                DD    [92m0.0%[0m
2026-02-24 07:34:00 | INFO    |      Target    $5,000       [92m██[2m░░░░░░░░░░░░░░░░░░[0m 10%
2026-02-24 07:34:00 | INFO    |      [2mPhase 2: Growth → $1K[0m
2026-02-24 07:34:00 | INFO    |   [2m──────────────────────────────────────────────────────[0m
2026-02-24 07:34:00 | INFO    |   [1m📊 TRADING[0m
2026-02-24 07:34:00 | INFO    |      Positions [97m0[0m / 7              Scans   581
2026-02-24 07:34:00 | INFO    |      Signals   0                Trades  0
2026-02-24 07:34:00 | INFO    |   [2m──────────────────────────────────────────────────────[0m
2026-02-24 07:34:00 | INFO    |   [1m🧠 INTELLIGENCE[0m
2026-02-24 07:34:00 | INFO    |      🎯 Skill     min=40  eval=3  pass=3  rej=0
2026-02-24 07:34:00 | INFO    |      📚 Learner   1 outcomes tracked
2026-02-24 07:34:00 | INFO    |      🔴 Watchdog  [91mUNHEALTHY[0m     📡 WS  74 buffers
2026-02-24 07:34:00 | INFO    |      🔭 Hunter    2793 non-portfolio signals
2026-02-24 07:34:00 | INFO    |   [2m──────────────────────────────────────────────────────[0m
2026-02-24 07:34:00 | INFO    |   [1m⚙️  CONFIG[0m
2026-02-24 07:34:00 | INFO    |      Risk       [93m3.0%[0m   Lev  [93m8x[0m   MaxPos [93m7[0m
2026-02-24 07:34:00 | INFO    |      Maker TP   [92mON[0m              Maker Entry  [92mON[0m
2026-02-24 07:34:00 | INFO    |      Combos     48                Pairs  35
2026-02-24 07:34:00 | INFO    |      Uptime     9.3h
2026-02-24 07:34:00 | INFO    | [96m══════════════════════════════════════════════════════════[0m

2026-02-24 07:34:20 | WARNING | Watchdog ALERT: Memory 1190MB > 500MB limit
2026-02-24 07:35:21 | WARNING | Watchdog ALERT: Memory 1192MB > 500MB limit
2026-02-24 07:36:21 | WARNING | Watchdog ALERT: Memory 1195MB > 500MB limit
2026-02-24 07:37:10 | DEBUG   | Hunter: 128 liquid candidates (ex-portfolio)
2026-02-24 07:37:22 | WARNING | Watchdog ALERT: Memory 1200MB > 500MB limit
2026-02-24 07:37:28 | INFO    | Hunter: found 24 signals on non-portfolio pairs
2026-02-24 07:38:22 | WARNING | Watchdog ALERT: Memory 1200MB > 500MB limit
2026-02-24 07:39:00 | INFO    | 
[96m══════════════════════════════════════════════════════════[0m
2026-02-24 07:39:00 | INFO    |   🤖 [1m[97mv13pro LIVE DASHBOARD[0m    [91m🔴 UNHEALTHY[0m
2026-02-24 07:39:00 | INFO    |   [2m2026-02-23 20:39:00 UTC[0m   [2mSession: ny[0m
2026-02-24 07:39:00 | INFO    | [96m══════════════════════════════════════════════════════════[0m
2026-02-24 07:39:00 | INFO    |   [1m💰 EQUITY[0m
2026-02-24 07:39:00 | INFO    |      Balance   [92m[1m$500.72[0m               Peak  $500.72
2026-02-24 07:39:00 | INFO    |      Growth    [92m+0.1%[0m                DD    [92m0.0%[0m
2026-02-24 07:39:00 | INFO    |      Target    $5,000       [92m██[2m░░░░░░░░░░░░░░░░░░[0m 10%
2026-02-24 07:39:00 | INFO    |      [2mPhase 2: Growth → $1K[0m
2026-02-24 07:39:00 | INFO    |   [2m──────────────────────────────────────────────────────[0m
2026-02-24 07:39:00 | INFO    |   [1m📊 TRADING[0m
2026-02-24 07:39:00 | INFO    |      Positions [97m0[0m / 7              Scans   581
2026-02-24 07:39:00 | INFO    |      Signals   0                Trades  0
2026-02-24 07:39:00 | INFO    |   [2m──────────────────────────────────────────────────────[0m
2026-02-24 07:39:00 | INFO    |   [1m🧠 INTELLIGENCE[0m
2026-02-24 07:39:00 | INFO    |      🎯 Skill     min=40  eval=3  pass=3  rej=0
2026-02-24 07:39:00 | INFO    |      📚 Learner   1 outcomes tracked
2026-02-24 07:39:00 | INFO    |      🔴 Watchdog  [91mUNHEALTHY[0m     📡 WS  74 buffers
2026-02-24 07:39:00 | INFO    |      🔭 Hunter    2817 non-portfolio signals
2026-02-24 07:39:00 | INFO    |   [2m──────────────────────────────────────────────────────[0m
2026-02-24 07:39:00 | INFO    |   [1m⚙️  CONFIG[0m
2026-02-24 07:39:00 | INFO    |      Risk       [93m3.0%[0m   Lev  [93m8x[0m   MaxPos [93m7[0m
2026-02-24 07:39:00 | INFO    |      Maker TP   [92mON[0m              Maker Entry  [92mON[0m
2026-02-24 07:39:00 | INFO    |      Combos     48                Pairs  35
2026-02-24 07:39:00 | INFO    |      Uptime     9.4h
2026-02-24 07:39:00 | INFO    | [96m══════════════════════════════════════════════════════════[0m

2026-02-24 07:39:23 | WARNING | Watchdog ALERT: Memory 1202MB > 500MB limit
2026-02-24 07:40:24 | WARNING | Watchdog ALERT: Memory 1203MB > 500MB limit
2026-02-24 07:41:24 | WARNING | Watchdog ALERT: Memory 1206MB > 500MB limit
2026-02-24 07:42:25 | WARNING | Watchdog ALERT: Memory 1207MB > 500MB limit
2026-02-24 07:42:29 | DEBUG   | Hunter: 129 liquid candidates (ex-portfolio)
2026-02-24 07:42:48 | INFO    | Hunter: found 27 signals on non-portfolio pairs
2026-02-24 07:43:26 | WARNING | Watchdog ALERT: Memory 1209MB > 500MB limit
2026-02-24 07:44:00 | INFO    | 
[96m══════════════════════════════════════════════════════════[0m
2026-02-24 07:44:00 | INFO    |   🤖 [1m[97mv13pro LIVE DASHBOARD[0m    [91m🔴 UNHEALTHY[0m
2026-02-24 07:44:00 | INFO    |   [2m2026-02-23 20:44:00 UTC[0m   [2mSession: ny[0m
2026-02-24 07:44:00 | INFO    | [96m══════════════════════════════════════════════════════════[0m
2026-02-24 07:44:00 | INFO    |   [1m💰 EQUITY[0m
2026-02-24 07:44:00 | INFO    |      Balance   [92m[1m$500.72[0m               Peak  $500.72
2026-02-24 07:44:00 | INFO    |      Growth    [92m+0.1%[0m                DD    [92m0.0%[0m
2026-02-24 07:44:00 | INFO    |      Target    $5,000       [92m██[2m░░░░░░░░░░░░░░░░░░[0m 10%
2026-02-24 07:44:00 | INFO    |      [2mPhase 2: Growth → $1K[0m
2026-02-24 07:44:00 | INFO    |   [2m──────────────────────────────────────────────────────[0m
2026-02-24 07:44:00 | INFO    |   [1m📊 TRADING[0m
2026-02-24 07:44:00 | INFO    |      Positions [97m0[0m / 7              Scans   581
2026-02-24 07:44:00 | INFO    |      Signals   0                Trades  0
2026-02-24 07:44:00 | INFO    |   [2m──────────────────────────────────────────────────────[0m
2026-02-24 07:44:00 | INFO    |   [1m🧠 INTELLIGENCE[0m
2026-02-24 07:44:00 | INFO    |      🎯 Skill     min=40  eval=3  pass=3  rej=0
2026-02-24 07:44:00 | INFO    |      📚 Learner   1 outcomes tracked
2026-02-24 07:44:00 | INFO    |      🔴 Watchdog  [91mUNHEALTHY[0m     📡 WS  74 buffers
2026-02-24 07:44:00 | INFO    |      🔭 Hunter    2844 non-portfolio signals
2026-02-24 07:44:00 | INFO    |   [2m──────────────────────────────────────────────────────[0m
2026-02-24 07:44:00 | INFO    |   [1m⚙️  CONFIG[0m
2026-02-24 07:44:00 | INFO    |      Risk       [93m3.0%[0m   Lev  [93m8x[0m   MaxPos [93m7[0m
2026-02-24 07:44:00 | INFO    |      Maker TP   [92mON[0m              Maker Entry  [92mON[0m
2026-02-24 07:44:00 | INFO    |      Combos     48                Pairs  35
2026-02-24 07:44:00 | INFO    |      Uptime     9.4h
2026-02-24 07:44:00 | INFO    | [96m══════════════════════════════════════════════════════════[0m

2026-02-24 07:44:26 | WARNING | Watchdog ALERT: Memory 1211MB > 500MB limit
2026-02-24 07:45:27 | WARNING | Watchdog ALERT: Memory 1213MB > 500MB limit
2026-02-24 07:46:28 | WARNING | Watchdog ALERT: Memory 1215MB > 500MB limit
2026-02-24 07:47:28 | WARNING | Watchdog ALERT: Memory 1216MB > 500MB limit
2026-02-24 07:47:49 | DEBUG   | Hunter: 126 liquid candidates (ex-portfolio)
2026-02-24 07:48:07 | INFO    | Hunter: found 24 signals on non-portfolio pairs
2026-02-24 07:48:29 | WARNING | Watchdog ALERT: Memory 1219MB > 500MB limit
2026-02-24 07:49:00 | INFO    | 
[96m══════════════════════════════════════════════════════════[0m
2026-02-24 07:49:00 | INFO    |   🤖 [1m[97mv13pro LIVE DASHBOARD[0m    [91m🔴 UNHEALTHY[0m
2026-02-24 07:49:00 | INFO    |   [2m2026-02-23 20:49:00 UTC[0m   [2mSession: ny[0m
2026-02-24 07:49:00 | INFO    | [96m══════════════════════════════════════════════════════════[0m
2026-02-24 07:49:00 | INFO    |   [1m💰 EQUITY[0m
2026-02-24 07:49:00 | INFO    |      Balance   [92m[1m$500.72[0m               Peak  $500.72
2026-02-24 07:49:00 | INFO    |      Growth    [92m+0.1%[0m                DD    [92m0.0%[0m
2026-02-24 07:49:00 | INFO    |      Target    $5,000       [92m██[2m░░░░░░░░░░░░░░░░░░[0m 10%
2026-02-24 07:49:00 | INFO    |      [2mPhase 2: Growth → $1K[0m
2026-02-24 07:49:00 | INFO    |   [2m──────────────────────────────────────────────────────[0m
2026-02-24 07:49:00 | INFO    |   [1m📊 TRADING[0m
2026-02-24 07:49:00 | INFO    |      Positions [97m0[0m / 7              Scans   594
2026-02-24 07:49:00 | INFO    |      Signals   0                Trades  0
2026-02-24 07:49:00 | INFO    |   [2m──────────────────────────────────────────────────────[0m
2026-02-24 07:49:00 | INFO    |   [1m🧠 INTELLIGENCE[0m
2026-02-24 07:49:00 | INFO    |      🎯 Skill     min=40  eval=3  pass=3  rej=0
2026-02-24 07:49:00 | INFO    |      📚 Learner   1 outcomes tracked
2026-02-24 07:49:00 | INFO    |      🔴 Watchdog  [91mUNHEALTHY[0m     📡 WS  74 buffers
2026-02-24 07:49:00 | INFO    |      🔭 Hunter    2868 non-portfolio signals
2026-02-24 07:49:00 | INFO    |   [2m──────────────────────────────────────────────────────[0m
2026-02-24 07:49:00 | INFO    |   [1m⚙️  CONFIG[0m
2026-02-24 07:49:00 | INFO    |      Risk       [93m3.0%[0m   Lev  [93m8x[0m   MaxPos [93m7[0m
2026-02-24 07:49:00 | INFO    |      Maker TP   [92mON[0m              Maker Entry  [92mON[0m
2026-02-24 07:49:00 | INFO    |      Combos     48                Pairs  35
2026-02-24 07:49:00 | INFO    |      Uptime     9.5h
2026-02-24 07:49:00 | INFO    | [96m══════════════════════════════════════════════════════════[0m

2026-02-24 07:49:30 | WARNING | Watchdog ALERT: Memory 1220MB > 500MB limit
2026-02-24 07:50:30 | WARNING | Watchdog ALERT: Memory 1223MB > 500MB limit
2026-02-24 07:51:31 | WARNING | Watchdog ALERT: Memory 1224MB > 500MB limit
2026-02-24 07:52:32 | WARNING | Watchdog ALERT: Memory 1227MB > 500MB limit
2026-02-24 07:53:07 | DEBUG   | Hunter: 127 liquid candidates (ex-portfolio)
2026-02-24 07:53:24 | INFO    | Hunter: found 23 signals on non-portfolio pairs
2026-02-24 07:53:32 | WARNING | Watchdog ALERT: Memory 1231MB > 500MB limit
2026-02-24 07:54:00 | INFO    | 
[96m══════════════════════════════════════════════════════════[0m
2026-02-24 07:54:00 | INFO    |   🤖 [1m[97mv13pro LIVE DASHBOARD[0m    [91m🔴 UNHEALTHY[0m
2026-02-24 07:54:00 | INFO    |   [2m2026-02-23 20:54:00 UTC[0m   [2mSession: ny[0m
2026-02-24 07:54:00 | INFO    | [96m══════════════════════════════════════════════════════════[0m
2026-02-24 07:54:00 | INFO    |   [1m💰 EQUITY[0m
2026-02-24 07:54:00 | INFO    |      Balance   [92m[1m$500.72[0m               Peak  $500.72
2026-02-24 07:54:00 | INFO    |      Growth    [92m+0.1%[0m                DD    [92m0.0%[0m
2026-02-24 07:54:00 | INFO    |      Target    $5,000       [92m██[2m░░░░░░░░░░░░░░░░░░[0m 10%
2026-02-24 07:54:00 | INFO    |      [2mPhase 2: Growth → $1K[0m
2026-02-24 07:54:00 | INFO    |   [2m──────────────────────────────────────────────────────[0m
2026-02-24 07:54:00 | INFO    |   [1m📊 TRADING[0m
2026-02-24 07:54:00 | INFO    |      Positions [97m0[0m / 7              Scans   594
2026-02-24 07:54:00 | INFO    |      Signals   0                Trades  0
2026-02-24 07:54:00 | INFO    |   [2m──────────────────────────────────────────────────────[0m
2026-02-24 07:54:00 | INFO    |   [1m🧠 INTELLIGENCE[0m
2026-02-24 07:54:00 | INFO    |      🎯 Skill     min=40  eval=3  pass=3  rej=0
2026-02-24 07:54:00 | INFO    |      📚 Learner   1 outcomes tracked
2026-02-24 07:54:00 | INFO    |      🔴 Watchdog  [91mUNHEALTHY[0m     📡 WS  74 buffers
2026-02-24 07:54:00 | INFO    |      🔭 Hunter    2891 non-portfolio signals
2026-02-24 07:54:00 | INFO    |   [2m──────────────────────────────────────────────────────[0m
2026-02-24 07:54:00 | INFO    |   [1m⚙️  CONFIG[0m
2026-02-24 07:54:00 | INFO    |      Risk       [93m3.0%[0m   Lev  [93m8x[0m   MaxPos [93m7[0m
2026-02-24 07:54:00 | INFO    |      Maker TP   [92mON[0m              Maker Entry  [92mON[0m
2026-02-24 07:54:00 | INFO    |      Combos     48                Pairs  35
2026-02-24 07:54:00 | INFO    |      Uptime     9.6h
2026-02-24 07:54:00 | INFO    | [96m══════════════════════════════════════════════════════════[0m

2026-02-24 07:54:33 | WARNING | Watchdog ALERT: Memory 1232MB > 500MB limit
2026-02-24 07:55:34 | WARNING | Watchdog ALERT: Memory 1234MB > 500MB limit
2026-02-24 07:56:34 | WARNING | Watchdog ALERT: Memory 1237MB > 500MB limit
2026-02-24 07:57:35 | WARNING | Watchdog ALERT: Memory 1239MB > 500MB limit
2026-02-24 07:58:25 | DEBUG   | Hunter: 129 liquid candidates (ex-portfolio)
2026-02-24 07:58:36 | WARNING | Watchdog ALERT: Memory 1243MB > 500MB limit
2026-02-24 07:58:44 | INFO    | Hunter: found 22 signals on non-portfolio pairs
2026-02-24 07:59:00 | INFO    | 
[96m══════════════════════════════════════════════════════════[0m
2026-02-24 07:59:00 | INFO    |   🤖 [1m[97mv13pro LIVE DASHBOARD[0m    [91m🔴 UNHEALTHY[0m
2026-02-24 07:59:00 | INFO    |   [2m2026-02-23 20:59:00 UTC[0m   [2mSession: ny[0m
2026-02-24 07:59:00 | INFO    | [96m══════════════════════════════════════════════════════════[0m
2026-02-24 07:59:00 | INFO    |   [1m💰 EQUITY[0m
2026-02-24 07:59:00 | INFO    |      Balance   [92m[1m$500.72[0m               Peak  $500.72
2026-02-24 07:59:00 | INFO    |      Growth    [92m+0.1%[0m                DD    [92m0.0%[0m
2026-02-24 07:59:00 | INFO    |      Target    $5,000       [92m██[2m░░░░░░░░░░░░░░░░░░[0m 10%
2026-02-24 07:59:00 | INFO    |      [2mPhase 2: Growth → $1K[0m
2026-02-24 07:59:00 | INFO    |   [2m──────────────────────────────────────────────────────[0m
2026-02-24 07:59:00 | INFO    |   [1m📊 TRADING[0m
2026-02-24 07:59:00 | INFO    |      Positions [97m0[0m / 7              Scans   594
2026-02-24 07:59:00 | INFO    |      Signals   0                Trades  0
2026-02-24 07:59:00 | INFO    |   [2m──────────────────────────────────────────────────────[0m
2026-02-24 07:59:00 | INFO    |   [1m🧠 INTELLIGENCE[0m
2026-02-24 07:59:00 | INFO    |      🎯 Skill     min=40  eval=3  pass=3  rej=0
2026-02-24 07:59:00 | INFO    |      📚 Learner   1 outcomes tracked
2026-02-24 07:59:00 | INFO    |      🔴 Watchdog  [91mUNHEALTHY[0m     📡 WS  74 buffers
2026-02-24 07:59:00 | INFO    |      🔭 Hunter    2913 non-portfolio signals
2026-02-24 07:59:00 | INFO    |   [2m──────────────────────────────────────────────────────[0m
2026-02-24 07:59:00 | INFO    |   [1m⚙️  CONFIG[0m
2026-02-24 07:59:00 | INFO    |      Risk       [93m3.0%[0m   Lev  [93m8x[0m   MaxPos [93m7[0m
2026-02-24 07:59:00 | INFO    |      Maker TP   [92mON[0m              Maker Entry  [92mON[0m
2026-02-24 07:59:00 | INFO    |      Combos     48                Pairs  35
2026-02-24 07:59:00 | INFO    |      Uptime     9.7h
2026-02-24 07:59:00 | INFO    | [96m══════════════════════════════════════════════════════════[0m

2026-02-24 07:59:37 | WARNING | Watchdog ALERT: Memory 1244MB > 500MB limit
2026-02-24 08:00:37 | WARNING | Watchdog ALERT: Memory 1247MB > 500MB limit
2026-02-24 08:01:38 | WARNING | Watchdog ALERT: Memory 1249MB > 500MB limit
2026-02-24 08:02:39 | WARNING | Watchdog ALERT: Memory 1253MB > 500MB limit
2026-02-24 08:03:40 | WARNING | Watchdog ALERT: Memory 1252MB > 500MB limit
2026-02-24 08:03:45 | DEBUG   | Hunter: 130 liquid candidates (ex-portfolio)
2026-02-24 08:04:00 | INFO    | 
[96m══════════════════════════════════════════════════════════[0m
2026-02-24 08:04:00 | INFO    |   🤖 [1m[97mv13pro LIVE DASHBOARD[0m    [91m🔴 UNHEALTHY[0m
2026-02-24 08:04:00 | INFO    |   [2m2026-02-23 21:04:00 UTC[0m   [2mSession: ny[0m
2026-02-24 08:04:00 | INFO    | [96m══════════════════════════════════════════════════════════[0m
2026-02-24 08:04:00 | INFO    |   [1m💰 EQUITY[0m
2026-02-24 08:04:00 | INFO    |      Balance   [92m[1m$500.72[0m               Peak  $500.72
2026-02-24 08:04:00 | INFO    |      Growth    [92m+0.1%[0m                DD    [92m0.0%[0m
2026-02-24 08:04:00 | INFO    |      Target    $5,000       [92m██[2m░░░░░░░░░░░░░░░░░░[0m 10%
2026-02-24 08:04:00 | INFO    |      [2mPhase 2: Growth → $1K[0m
2026-02-24 08:04:00 | INFO    |   [2m──────────────────────────────────────────────────────[0m
2026-02-24 08:04:00 | INFO    |   [1m📊 TRADING[0m
2026-02-24 08:04:00 | INFO    |      Positions [97m0[0m / 7              Scans   626
2026-02-24 08:04:00 | INFO    |      Signals   0                Trades  0
2026-02-24 08:04:00 | INFO    |   [2m──────────────────────────────────────────────────────[0m
2026-02-24 08:04:00 | INFO    |   [1m🧠 INTELLIGENCE[0m
2026-02-24 08:04:00 | INFO    |      🎯 Skill     min=40  eval=3  pass=3  rej=0
2026-02-24 08:04:00 | INFO    |      📚 Learner   1 outcomes tracked
2026-02-24 08:04:00 | INFO    |      🔴 Watchdog  [91mUNHEALTHY[0m     📡 WS  74 buffers
2026-02-24 08:04:00 | INFO    |      🔭 Hunter    2913 non-portfolio signals
2026-02-24 08:04:00 | INFO    |   [2m──────────────────────────────────────────────────────[0m
2026-02-24 08:04:00 | INFO    |   [1m⚙️  CONFIG[0m
2026-02-24 08:04:00 | INFO    |      Risk       [93m3.0%[0m   Lev  [93m8x[0m   MaxPos [93m7[0m
2026-02-24 08:04:00 | INFO    |      Maker TP   [92mON[0m              Maker Entry  [92mON[0m
2026-02-24 08:04:00 | INFO    |      Combos     48                Pairs  35
2026-02-24 08:04:00 | INFO    |      Uptime     9.8h
2026-02-24 08:04:00 | INFO    | [96m══════════════════════════════════════════════════════════[0m

2026-02-24 08:04:03 | INFO    | Hunter: found 11 signals on non-portfolio pairs
2026-02-24 08:04:41 | WARNING | Watchdog ALERT: Memory 1256MB > 500MB limit
2026-02-24 08:05:42 | WARNING | Watchdog ALERT: Memory 1259MB > 500MB limit
2026-02-24 08:06:42 | WARNING | Watchdog ALERT: Memory 1133MB > 500MB limit
2026-02-24 08:07:43 | WARNING | Watchdog ALERT: Memory 903MB > 500MB limit
2026-02-24 08:08:44 | WARNING | Watchdog ALERT: Memory 907MB > 500MB limit
2026-02-24 08:09:00 | INFO    | 
[96m══════════════════════════════════════════════════════════[0m
2026-02-24 08:09:00 | INFO    |   🤖 [1m[97mv13pro LIVE DASHBOARD[0m    [91m🔴 UNHEALTHY[0m
2026-02-24 08:09:00 | INFO    |   [2m2026-02-23 21:09:00 UTC[0m   [2mSession: ny[0m
2026-02-24 08:09:00 | INFO    | [96m══════════════════════════════════════════════════════════[0m
2026-02-24 08:09:00 | INFO    |   [1m💰 EQUITY[0m
2026-02-24 08:09:00 | INFO    |      Balance   [92m[1m$500.72[0m               Peak  $500.72
2026-02-24 08:09:00 | INFO    |      Growth    [92m+0.1%[0m                DD    [92m0.0%[0m
2026-02-24 08:09:00 | INFO    |      Target    $5,000       [92m██[2m░░░░░░░░░░░░░░░░░░[0m 10%
2026-02-24 08:09:00 | INFO    |      [2mPhase 2: Growth → $1K[0m
2026-02-24 08:09:00 | INFO    |   [2m──────────────────────────────────────────────────────[0m
2026-02-24 08:09:00 | INFO    |   [1m📊 TRADING[0m
2026-02-24 08:09:00 | INFO    |      Positions [97m0[0m / 7              Scans   626
2026-02-24 08:09:00 | INFO    |      Signals   0                Trades  0
2026-02-24 08:09:00 | INFO    |   [2m──────────────────────────────────────────────────────[0m
2026-02-24 08:09:00 | INFO    |   [1m🧠 INTELLIGENCE[0m
2026-02-24 08:09:00 | INFO    |      🎯 Skill     min=40  eval=3  pass=3  rej=0
2026-02-24 08:09:00 | INFO    |      📚 Learner   1 outcomes tracked
2026-02-24 08:09:00 | INFO    |      🔴 Watchdog  [91mUNHEALTHY[0m     📡 WS  74 buffers
2026-02-24 08:09:00 | INFO    |      🔭 Hunter    2924 non-portfolio signals
2026-02-24 08:09:00 | INFO    |   [2m──────────────────────────────────────────────────────[0m
2026-02-24 08:09:00 | INFO    |   [1m⚙️  CONFIG[0m
2026-02-24 08:09:00 | INFO    |      Risk       [93m3.0%[0m   Lev  [93m8x[0m   MaxPos [93m7[0m
2026-02-24 08:09:00 | INFO    |      Maker TP   [92mON[0m              Maker Entry  [92mON[0m
2026-02-24 08:09:00 | INFO    |      Combos     48                Pairs  35
2026-02-24 08:09:00 | INFO    |      Uptime     9.9h
2026-02-24 08:09:00 | INFO    | [96m══════════════════════════════════════════════════════════[0m

2026-02-24 08:09:04 | DEBUG   | Hunter: 128 liquid candidates (ex-portfolio)
2026-02-24 08:09:22 | INFO    | Hunter: found 18 signals on non-portfolio pairs
2026-02-24 08:09:45 | WARNING | Watchdog ALERT: Memory 912MB > 500MB limit
2026-02-24 08:10:46 | WARNING | Watchdog ALERT: Memory 915MB > 500MB limit
2026-02-24 08:11:47 | WARNING | Watchdog ALERT: Memory 918MB > 500MB limit
2026-02-24 08:12:47 | WARNING | Watchdog ALERT: Memory 921MB > 500MB limit
2026-02-24 08:13:48 | WARNING | Watchdog ALERT: Memory 923MB > 500MB limit
2026-02-24 08:14:01 | INFO    | 
[96m══════════════════════════════════════════════════════════[0m
2026-02-24 08:14:01 | INFO    |   🤖 [1m[97mv13pro LIVE DASHBOARD[0m    [91m🔴 UNHEALTHY[0m
2026-02-24 08:14:01 | INFO    |   [2m2026-02-23 21:14:01 UTC[0m   [2mSession: ny[0m
2026-02-24 08:14:01 | INFO    | [96m══════════════════════════════════════════════════════════[0m
2026-02-24 08:14:01 | INFO    |   [1m💰 EQUITY[0m
2026-02-24 08:14:01 | INFO    |      Balance   [92m[1m$500.72[0m               Peak  $500.72
2026-02-24 08:14:01 | INFO    |      Growth    [92m+0.1%[0m                DD    [92m0.0%[0m
2026-02-24 08:14:01 | INFO    |      Target    $5,000       [92m██[2m░░░░░░░░░░░░░░░░░░[0m 10%
2026-02-24 08:14:01 | INFO    |      [2mPhase 2: Growth → $1K[0m
2026-02-24 08:14:01 | INFO    |   [2m──────────────────────────────────────────────────────[0m
2026-02-24 08:14:01 | INFO    |   [1m📊 TRADING[0m
2026-02-24 08:14:01 | INFO    |      Positions [97m0[0m / 7              Scans   626
2026-02-24 08:14:01 | INFO    |      Signals   0                Trades  0
2026-02-24 08:14:01 | INFO    |   [2m──────────────────────────────────────────────────────[0m
2026-02-24 08:14:01 | INFO    |   [1m🧠 INTELLIGENCE[0m
2026-02-24 08:14:01 | INFO    |      🎯 Skill     min=40  eval=3  pass=3  rej=0
2026-02-24 08:14:01 | INFO    |      📚 Learner   1 outcomes tracked
2026-02-24 08:14:01 | INFO    |      🔴 Watchdog  [91mUNHEALTHY[0m     📡 WS  74 buffers
2026-02-24 08:14:01 | INFO    |      🔭 Hunter    2942 non-portfolio signals
2026-02-24 08:14:01 | INFO    |   [2m──────────────────────────────────────────────────────[0m
2026-02-24 08:14:01 | INFO    |   [1m⚙️  CONFIG[0m
2026-02-24 08:14:01 | INFO    |      Risk       [93m3.0%[0m   Lev  [93m8x[0m   MaxPos [93m7[0m
2026-02-24 08:14:01 | INFO    |      Maker TP   [92mON[0m              Maker Entry  [92mON[0m
2026-02-24 08:14:01 | INFO    |      Combos     48                Pairs  35
2026-02-24 08:14:01 | INFO    |      Uptime     9.9h
2026-02-24 08:14:01 | INFO    | [96m══════════════════════════════════════════════════════════[0m

2026-02-24 08:14:23 | DEBUG   | Hunter: 129 liquid candidates (ex-portfolio)
2026-02-24 08:14:43 | INFO    | Hunter: found 12 signals on non-portfolio pairs
2026-02-24 08:14:49 | WARNING | Watchdog ALERT: Memory 928MB > 500MB limit
2026-02-24 08:15:50 | WARNING | Watchdog ALERT: Memory 931MB > 500MB limit
2026-02-24 08:17:17 | INFO    |   Registry: skipped 2 combos (delisted pairs)
2026-02-24 08:17:17 | INFO    | 
[96m══════════════════════════════════════════════════════════[0m
2026-02-24 08:17:17 | INFO    |   🛫 [1m[97mPREFLIGHT CHECK[0m
2026-02-24 08:17:17 | INFO    | [96m══════════════════════════════════════════════════════════[0m
2026-02-24 08:17:17 | INFO    |   [92m✅ PASS[0m  [1mimports        [0m [2m15 modules OK[0m
2026-02-24 08:17:17 | INFO    |   [92m✅ PASS[0m  [1mconfig         [0m [2mAll config params valid[0m
2026-02-24 08:17:17 | INFO    |   [92m✅ PASS[0m  [1mapi_keys       [0m [2mKey: AjbKwn...nyta[0m
2026-02-24 08:17:17 | INFO    |   [92m✅ PASS[0m  [1mcombos         [0m [2m50 combos, 40 pairs, 3 TFs[0m
2026-02-24 08:17:17 | INFO    |   [92m✅ PASS[0m  [1mstrategies     [0m [2m12 strategies OK[0m
2026-02-24 08:17:17 | INFO    |   [92m✅ PASS[0m  [1mstate          [0m [2mEquity: $500.72, trades: 0[0m
2026-02-24 08:17:17 | INFO    |   [92m✅ PASS[0m  [1mdisk           [0m [2m271032MB free[0m
2026-02-24 08:17:17 | INFO    |   [92m✅ PASS[0m  [1mlog_dir        [0m [2mC:\Users\Azuri\Desktop\anewBot\v13pro\logs[0m
2026-02-24 08:17:17 | INFO    |   [2m──────────────────────────────────────────────────────[0m
2026-02-24 08:17:17 | INFO    |   [92m🟢 ALL 8 CHECKS PASSED[0m [2m(0 warnings)[0m
2026-02-24 08:17:17 | INFO    | [96m══════════════════════════════════════════════════════════[0m

2026-02-24 08:17:17 | INFO    | 
[96m══════════════════════════════════════════════════════════[0m
2026-02-24 08:17:17 | INFO    |   🤖 [1m[97mv13pro FCB Bot[0m    [91m[1m🔴 LIVE TRADING[0m
2026-02-24 08:17:17 | INFO    | [96m══════════════════════════════════════════════════════════[0m
2026-02-24 08:17:17 | INFO    |   [1m📦 PORTFOLIO[0m
2026-02-24 08:17:17 | INFO    |      Combos     [92m48[0m              Pairs  [92m35[0m
2026-02-24 08:17:17 | INFO    |      Timeframes [92m['15m', '1h', '30m'][0m
2026-02-24 08:17:17 | INFO    |   [2m──────────────────────────────────────────────────────[0m
2026-02-24 08:17:17 | INFO    |   [1m⚙️  EXECUTION[0m
2026-02-24 08:17:17 | INFO    |      Maker TP   [92mON[0m
2026-02-24 08:17:17 | INFO    |      Maker Entry[92m ON[0m
2026-02-24 08:17:17 | INFO    |      Skill min  [93m40[0m
2026-02-24 08:17:17 | INFO    |      Risk       [93m3.0%[0m   Lev  [93m8x[0m   MaxPos  [93m7[0m
2026-02-24 08:17:17 | INFO    | [96m══════════════════════════════════════════════════════════[0m

2026-02-24 08:17:20 | INFO    | Connected to Bybit (MAINNET) — 3505 markets loaded [async]
2026-02-24 08:17:21 | INFO    | Equity: $500.72 | Peak: $500.72
2026-02-24 08:17:24 | INFO    |   📡 WSData: starting 39 subscriptions across 3 TFs
2026-02-24 08:17:37 | INFO    |   📡 WSData: pre-fetched 39 buffers (220 bars each)
2026-02-24 08:17:37 | INFO    |   📡 WSData: 4 stream tasks launched
2026-02-24 08:17:37 | INFO    | Guardian started (async)
2026-02-24 08:17:37 | INFO    | Hunter started (async)
2026-02-24 08:17:37 | INFO    | Aftermath tracker started
2026-02-24 08:17:37 | INFO    | Watchdog started
2026-02-24 08:17:37 | INFO    | Warming up WS buffers...
2026-02-24 08:17:37 | INFO    |   WS warmup complete: 39 buffers ready
2026-02-24 08:17:37 | INFO    | Bot ready — entering main loop
2026-02-24 08:18:07 | DEBUG   | Hunter: 129 liquid candidates (ex-portfolio)
2026-02-24 08:18:29 | INFO    | Hunter: found 17 signals on non-portfolio pairs
2026-02-24 08:18:29 | DEBUG   |   Hunter BTC/USDT:USDT rejected: grade=A (need A+)
2026-02-24 08:18:30 | DEBUG   |   Hunter ETH/USDT:USDT rejected: grade=A (need A+)
2026-02-24 08:18:30 | DEBUG   |   Hunter SOL/USDT:USDT rejected: grade=A (need A+)
2026-02-24 08:18:30 | DEBUG   |   Hunter XAUT/USDT:USDT rejected: grade=A (need A+)
2026-02-24 08:18:30 | DEBUG   |   Hunter XAUT/USDT:USDT rejected: grade=A (need A+)
2026-02-24 08:18:31 | DEBUG   |   Hunter PIPPIN/USDT:USDT rejected: grade=B (need A+)
2026-02-24 08:18:31 | DEBUG   |   Hunter AGLD/USDT:USDT rejected: grade=C (need A+)
2026-02-24 08:18:31 | DEBUG   |   Hunter AGLD/USDT:USDT rejected: grade=C (need A+)
2026-02-24 08:18:31 | DEBUG   |   Hunter BCH/USDT:USDT rejected: grade=A (need A+)
2026-02-24 08:18:32 | DEBUG   |   Hunter ADA/USDT:USDT rejected: grade=A (need A+)
2026-02-24 08:18:32 | DEBUG   |   Hunter SUI/USDT:USDT rejected: grade=A (need A+)
2026-02-24 08:18:33 | DEBUG   |   Hunter ENSO/USDT:USDT rejected: grade=A (need A+)
2026-02-24 08:18:33 | DEBUG   |   Hunter ENSO/USDT:USDT rejected: grade=A (need A+)
2026-02-24 08:18:34 | DEBUG   |   Hunter ENSO/USDT:USDT rejected: grade=B (need A+)
2026-02-24 08:18:34 | DEBUG   |   Hunter LA/USDT:USDT rejected: grade=A (need A+)
2026-02-24 08:18:34 | DEBUG   |   Hunter ZEC/USDT:USDT rejected: grade=A (need A+)
2026-02-24 08:18:34 | DEBUG   |   Hunter WLFI/USDT:USDT rejected: grade=B (need A+)
2026-02-24 08:22:59 | INFO    | 
[96m══════════════════════════════════════════════════════════[0m
2026-02-24 08:22:59 | INFO    |   🤖 [1m[97mv13pro LIVE DASHBOARD[0m    [96m🔵 SCANNING[0m
2026-02-24 08:22:59 | INFO    |   [2m2026-02-23 21:22:59 UTC[0m   [2mSession: ny[0m
2026-02-24 08:22:59 | INFO    | [96m══════════════════════════════════════════════════════════[0m
2026-02-24 08:22:59 | INFO    |   [1m💰 EQUITY[0m
2026-02-24 08:22:59 | INFO    |      Balance   [92m[1m$500.72[0m               Peak  $500.72
2026-02-24 08:22:59 | INFO    |      Growth    [92m+0.1%[0m                DD    [92m0.0%[0m
2026-02-24 08:22:59 | INFO    |      Target    $5,000       [92m██[2m░░░░░░░░░░░░░░░░░░[0m 10%
2026-02-24 08:22:59 | INFO    |      [2mPhase 2: Growth → $1K[0m
2026-02-24 08:22:59 | INFO    |   [2m──────────────────────────────────────────────────────[0m
2026-02-24 08:22:59 | INFO    |   [1m📊 TRADING[0m
2026-02-24 08:22:59 | INFO    |      Positions [97m0[0m / 7              Scans   0
2026-02-24 08:22:59 | INFO    |      Signals   0                Trades  0
2026-02-24 08:22:59 | INFO    |   [2m──────────────────────────────────────────────────────[0m
2026-02-24 08:22:59 | INFO    |   [1m🧠 INTELLIGENCE[0m
2026-02-24 08:22:59 | INFO    |      🎯 Skill     min=40  eval=20  pass=20  rej=0
2026-02-24 08:22:59 | INFO    |      📚 Learner   1 outcomes tracked
2026-02-24 08:22:59 | INFO    |      💚 Watchdog  [92mHEALTHY[0m     📡 WS  74 buffers
2026-02-24 08:22:59 | INFO    |      🔭 Hunter    17 non-portfolio signals
2026-02-24 08:22:59 | INFO    |   [2m──────────────────────────────────────────────────────[0m
2026-02-24 08:22:59 | INFO    |   [1m⚙️  CONFIG[0m
2026-02-24 08:22:59 | INFO    |      Risk       [93m3.0%[0m   Lev  [93m8x[0m   MaxPos [93m7[0m
2026-02-24 08:22:59 | INFO    |      Maker TP   [92mON[0m              Maker Entry  [92mON[0m
2026-02-24 08:22:59 | INFO    |      Combos     48                Pairs  35
2026-02-24 08:22:59 | INFO    |      Uptime     0.1h
2026-02-24 08:22:59 | INFO    | [96m══════════════════════════════════════════════════════════[0m

2026-02-24 08:23:35 | DEBUG   | Hunter: 129 liquid candidates (ex-portfolio)
2026-02-24 08:23:54 | INFO    | Hunter: found 21 signals on non-portfolio pairs
2026-02-24 08:23:54 | DEBUG   |   Hunter BTC/USDT:USDT rejected: grade=A (need A+)
2026-02-24 08:23:55 | DEBUG   |   Hunter ETH/USDT:USDT rejected: grade=A (need A+)
2026-02-24 08:23:55 | DEBUG   |   Hunter ETH/USDT:USDT rejected: grade=A (need A+)
2026-02-24 08:23:55 | DEBUG   |   Hunter SOL/USDT:USDT rejected: grade=A (need A+)
2026-02-24 08:23:56 | DEBUG   |   Hunter PIPPIN/USDT:USDT rejected: grade=B (need A+)
2026-02-24 08:23:56 | DEBUG   |   Hunter AGLD/USDT:USDT rejected: grade=C (need A+)
2026-02-24 08:23:56 | DEBUG   |   Hunter AGLD/USDT:USDT rejected: grade=C (need A+)
2026-02-24 08:23:56 | DEBUG   |   Hunter FARTCOIN/USDT:USDT rejected: grade=A (need A+)
2026-02-24 08:23:57 | DEBUG   |   Hunter FARTCOIN/USDT:USDT rejected: grade=A (need A+)
2026-02-24 08:23:57 | DEBUG   |   Hunter FARTCOIN/USDT:USDT rejected: grade=A (need A+)
2026-02-24 08:23:57 | DEBUG   |   Hunter SUI/USDT:USDT rejected: grade=A (need A+)
2026-02-24 08:23:57 | DEBUG   |   Hunter SUI/USDT:USDT rejected: grade=A (need A+)
2026-02-24 08:23:58 | DEBUG   |   Hunter SUI/USDT:USDT rejected: grade=A (need A+)
2026-02-24 08:23:58 | DEBUG   |   Hunter ENSO/USDT:USDT rejected: grade=A (need A+)
2026-02-24 08:23:58 | DEBUG   |   Hunter ENSO/USDT:USDT rejected: grade=A (need A+)
2026-02-24 08:23:59 | DEBUG   |   Hunter ENSO/USDT:USDT rejected: grade=A (need A+)
2026-02-24 08:23:59 | DEBUG   |   Hunter ENSO/USDT:USDT rejected: grade=A (need A+)
2026-02-24 08:23:59 | DEBUG   |   Hunter LA/USDT:USDT rejected: grade=C (need A+)
2026-02-24 08:23:59 | DEBUG   |   Hunter LA/USDT:USDT rejected: grade=C (need A+)
2026-02-24 08:24:00 | DEBUG   |   Hunter LA/USDT:USDT rejected: grade=B (need A+)
2026-02-24 08:24:00 | INFO    |   >> SHORT ZEC/USDT:USDT [EMA_RIB] [HUNTER] conv=81A+ qty=5.65 entry≈238.120000 SL=239.780000 TP=234.800000 exit=fix2.0 risk=$9.39
2026-02-24 08:24:01 | ERROR   | Order ZEC/USDT:USDT: bybit {"retCode":10001,"retMsg":"Side invalid","result":{},"retExtInfo":{},"time":1771881841529}
2026-02-24 08:24:01 | DEBUG   | Traceback (most recent call last):
  File "C:\Users\Azuri\Desktop\anewBot\v13pro\bot.py", line 486, in _execute_signal
    order = await ex_mod.place_limit_order(
            ^^^^^^^^^^^^^^^^^^^^^^^^^^^^^^^
        self._ex, symbol, sig.side, qty, entry_price,
        ^^^^^^^^^^^^^^^^^^^^^^^^^^^^^^^^^^^^^^^^^^^^^
        sl_price, tp_price)
        ^^^^^^^^^^^^^^^^^^^
  File "C:\Users\Azuri\Desktop\anewBot\v13pro\exchange.py", line 159, in place_limit_order
    order = await ex.create_order(symbol, "limit", side, qty, price, params=params)
            ^^^^^^^^^^^^^^^^^^^^^^^^^^^^^^^^^^^^^^^^^^^^^^^^^^^^^^^^^^^^^^^^^^^^^^^
  File "C:\Users\Azuri\Desktop\anewBot\.venv\Lib\site-packages\ccxt\async_support\bybit.py", line 3902, in create_order
    response = await self.privatePostV5OrderCreate(orderRequest)
               ^^^^^^^^^^^^^^^^^^^^^^^^^^^^^^^^^^^^^^^^^^^^^^^^^
  File "C:\Users\Azuri\Desktop\anewBot\.venv\Lib\site-packages\ccxt\async_support\base\exchange.py", line 995, in request
    return await self.fetch2(path, api, method, params, headers, body, config)
           ^^^^^^^^^^^^^^^^^^^^^^^^^^^^^^^^^^^^^^^^^^^^^^^^^^^^^^^^^^^^^^^^^^^
  File "C:\Users\Azuri\Desktop\anewBot\.venv\Lib\site-packages\ccxt\async_support\base\exchange.py", line 991, in fetch2
    raise e
  File "C:\Users\Azuri\Desktop\anewBot\.venv\Lib\site-packages\ccxt\async_support\base\exchange.py", line 979, in fetch2
    return await self.fetch(request['url'], request['method'], request['headers'], request['body'])
           ^^^^^^^^^^^^^^^^^^^^^^^^^^^^^^^^^^^^^^^^^^^^^^^^^^^^^^^^^^^^^^^^^^^^^^^^^^^^^^^^^^^^^^^^
  File "C:\Users\Azuri\Desktop\anewBot\.venv\Lib\site-packages\ccxt\async_support\base\exchange.py", line 263, in fetch
    self.handle_errors(http_status_code, http_status_text, url, method, headers, http_response, json_response, request_headers, request_body)
    ~~~~~~~~~~~~~~~~~~^^^^^^^^^^^^^^^^^^^^^^^^^^^^^^^^^^^^^^^^^^^^^^^^^^^^^^^^^^^^^^^^^^^^^^^^^^^^^^^^^^^^^^^^^^^^^^^^^^^^^^^^^^^^^^^^^^^^^^^
  File "C:\Users\Azuri\Desktop\anewBot\.venv\Lib\site-packages\ccxt\async_support\bybit.py", line 9158, in handle_errors
    self.throw_exactly_matched_exception(self.exceptions['exact'], errorCode, feedback)
    ~~~~~~~~~~~~~~~~~~~~~~~~~~~~~~~~~~~~^^^^^^^^^^^^^^^^^^^^^^^^^^^^^^^^^^^^^^^^^^^^^^^
  File "C:\Users\Azuri\Desktop\anewBot\.venv\Lib\site-packages\ccxt\base\exchange.py", line 5435, in throw_exactly_matched_exception
    raise exact[string](message)
ccxt.base.errors.BadRequest: bybit {"retCode":10001,"retMsg":"Side invalid","result":{},"retExtInfo":{},"time":1771881841529}

2026-02-24 08:25:41 | INFO    |   Registry: skipped 2 combos (delisted pairs)
2026-02-24 08:25:41 | INFO    | 
[96m══════════════════════════════════════════════════════════[0m
2026-02-24 08:25:41 | INFO    |   🛫 [1m[97mPREFLIGHT CHECK[0m
2026-02-24 08:25:41 | INFO    | [96m══════════════════════════════════════════════════════════[0m
2026-02-24 08:25:41 | INFO    |   [92m✅ PASS[0m  [1mimports        [0m [2m15 modules OK[0m
2026-02-24 08:25:41 | INFO    |   [92m✅ PASS[0m  [1mconfig         [0m [2mAll config params valid[0m
2026-02-24 08:25:41 | INFO    |   [92m✅ PASS[0m  [1mapi_keys       [0m [2mKey: AjbKwn...nyta[0m
2026-02-24 08:25:41 | INFO    |   [92m✅ PASS[0m  [1mcombos         [0m [2m50 combos, 40 pairs, 3 TFs[0m
2026-02-24 08:25:41 | INFO    |   [92m✅ PASS[0m  [1mstrategies     [0m [2m12 strategies OK[0m
2026-02-24 08:25:41 | INFO    |   [92m✅ PASS[0m  [1mstate          [0m [2mEquity: $500.72, trades: 0[0m
2026-02-24 08:25:41 | INFO    |   [92m✅ PASS[0m  [1mdisk           [0m [2m271028MB free[0m
2026-02-24 08:25:41 | INFO    |   [92m✅ PASS[0m  [1mlog_dir        [0m [2mC:\Users\Azuri\Desktop\anewBot\v13pro\logs[0m
2026-02-24 08:25:41 | INFO    |   [2m──────────────────────────────────────────────────────[0m
2026-02-24 08:25:41 | INFO    |   [92m🟢 ALL 8 CHECKS PASSED[0m [2m(0 warnings)[0m
2026-02-24 08:25:41 | INFO    | [96m══════════════════════════════════════════════════════════[0m

2026-02-24 08:25:41 | INFO    | 
[96m══════════════════════════════════════════════════════════[0m
2026-02-24 08:25:41 | INFO    |   🤖 [1m[97mv13pro FCB Bot[0m    [91m[1m🔴 LIVE TRADING[0m
2026-02-24 08:25:41 | INFO    | [96m══════════════════════════════════════════════════════════[0m
2026-02-24 08:25:41 | INFO    |   [1m📦 PORTFOLIO[0m
2026-02-24 08:25:41 | INFO    |      Combos     [92m48[0m              Pairs  [92m35[0m
2026-02-24 08:25:41 | INFO    |      Timeframes [92m['15m', '1h', '30m'][0m
2026-02-24 08:25:41 | INFO    |   [2m──────────────────────────────────────────────────────[0m
2026-02-24 08:25:41 | INFO    |   [1m⚙️  EXECUTION[0m
2026-02-24 08:25:41 | INFO    |      Maker TP   [92mON[0m
2026-02-24 08:25:41 | INFO    |      Maker Entry[92m ON[0m
2026-02-24 08:25:41 | INFO    |      Skill min  [93m40[0m
2026-02-24 08:25:41 | INFO    |      Risk       [93m3.0%[0m   Lev  [93m8x[0m   MaxPos  [93m7[0m
2026-02-24 08:25:41 | INFO    | [96m══════════════════════════════════════════════════════════[0m

2026-02-24 08:25:44 | INFO    | Connected to Bybit (MAINNET) — 3505 markets loaded [async]
2026-02-24 08:25:45 | INFO    | Equity: $500.72 | Peak: $500.72
2026-02-24 08:25:48 | INFO    |   📡 WSData: starting 39 subscriptions across 3 TFs
2026-02-24 08:25:59 | INFO    |   📡 WSData: pre-fetched 39 buffers (220 bars each)
2026-02-24 08:25:59 | INFO    |   📡 WSData: 4 stream tasks launched
2026-02-24 08:25:59 | INFO    | Guardian started (async)
2026-02-24 08:25:59 | INFO    | Hunter started (async)
2026-02-24 08:25:59 | INFO    | Aftermath tracker started
2026-02-24 08:25:59 | INFO    | Watchdog started
2026-02-24 08:25:59 | INFO    | Warming up WS buffers...
2026-02-24 08:25:59 | INFO    |   WS warmup complete: 39 buffers ready
2026-02-24 08:25:59 | INFO    | Bot ready — entering main loop
2026-02-24 08:26:29 | DEBUG   | Hunter: 128 liquid candidates (ex-portfolio)
2026-02-24 08:26:48 | INFO    | Hunter: found 27 signals on non-portfolio pairs
2026-02-24 08:26:48 | DEBUG   |   Hunter BTC/USDT:USDT rejected: grade=A (need A+)
2026-02-24 08:26:48 | DEBUG   |   Hunter BTC/USDT:USDT rejected: grade=A (need A+)
2026-02-24 08:26:49 | DEBUG   |   Hunter ETH/USDT:USDT rejected: grade=A (need A+)
2026-02-24 08:26:49 | DEBUG   |   Hunter ETH/USDT:USDT rejected: grade=A (need A+)
2026-02-24 08:26:50 | DEBUG   |   Hunter SOL/USDT:USDT rejected: grade=A (need A+)
2026-02-24 08:26:50 | DEBUG   |   Hunter SOL/USDT:USDT rejected: grade=A (need A+)
2026-02-24 08:26:51 | DEBUG   |   Hunter PIPPIN/USDT:USDT rejected: grade=B (need A+)
2026-02-24 08:26:51 | DEBUG   |   Hunter FARTCOIN/USDT:USDT rejected: grade=A (need A+)
2026-02-24 08:26:52 | DEBUG   |   Hunter FARTCOIN/USDT:USDT rejected: grade=A (need A+)
2026-02-24 08:26:52 | DEBUG   |   Hunter FARTCOIN/USDT:USDT rejected: grade=A (need A+)
2026-02-24 08:26:53 | DEBUG   |   Hunter ADA/USDT:USDT rejected: grade=A (need A+)
2026-02-24 08:26:54 | DEBUG   |   Hunter ADA/USDT:USDT rejected: grade=A (need A+)
2026-02-24 08:26:54 | DEBUG   |   Hunter SUI/USDT:USDT rejected: grade=A (need A+)
2026-02-24 08:26:54 | DEBUG   |   Hunter SUI/USDT:USDT rejected: grade=A (need A+)
2026-02-24 08:26:54 | DEBUG   |   Hunter SUI/USDT:USDT rejected: grade=A (need A+)
2026-02-24 08:26:55 | INFO    |   >> SHORT ENSO/USDT:USDT [BB_FADE] [HUNTER] conv=89A+ qty=352.2 entry≈1.946400 SL=1.973100 TP=1.893100 exit=fix2.0 risk=$9.39
2026-02-24 08:26:56 | ERROR   | Order ENSO/USDT:USDT: bybit {"retCode":10001,"retMsg":"tpLimitPrice is required when tpOrderType is limit","result":{},"retExtInfo":{},"time":1771882016652}
2026-02-24 08:26:56 | DEBUG   | Traceback (most recent call last):
  File "C:\Users\Azuri\Desktop\anewBot\v13pro\bot.py", line 486, in _execute_signal
    order = await ex_mod.place_limit_order(
            ^^^^^^^^^^^^^^^^^^^^^^^^^^^^^^^
        self._ex, symbol, sig.side, qty, entry_price,
        ^^^^^^^^^^^^^^^^^^^^^^^^^^^^^^^^^^^^^^^^^^^^^
        sl_price, tp_price)
        ^^^^^^^^^^^^^^^^^^^
  File "C:\Users\Azuri\Desktop\anewBot\v13pro\exchange.py", line 166, in place_limit_order
    order = await ex.create_order(symbol, "limit", side, qty, price, params=params)
            ^^^^^^^^^^^^^^^^^^^^^^^^^^^^^^^^^^^^^^^^^^^^^^^^^^^^^^^^^^^^^^^^^^^^^^^
  File "C:\Users\Azuri\Desktop\anewBot\.venv\Lib\site-packages\ccxt\async_support\bybit.py", line 3902, in create_order
    response = await self.privatePostV5OrderCreate(orderRequest)
               ^^^^^^^^^^^^^^^^^^^^^^^^^^^^^^^^^^^^^^^^^^^^^^^^^
  File "C:\Users\Azuri\Desktop\anewBot\.venv\Lib\site-packages\ccxt\async_support\base\exchange.py", line 995, in request
    return await self.fetch2(path, api, method, params, headers, body, config)
           ^^^^^^^^^^^^^^^^^^^^^^^^^^^^^^^^^^^^^^^^^^^^^^^^^^^^^^^^^^^^^^^^^^^
  File "C:\Users\Azuri\Desktop\anewBot\.venv\Lib\site-packages\ccxt\async_support\base\exchange.py", line 991, in fetch2
    raise e
  File "C:\Users\Azuri\Desktop\anewBot\.venv\Lib\site-packages\ccxt\async_support\base\exchange.py", line 979, in fetch2
    return await self.fetch(request['url'], request['method'], request['headers'], request['body'])
           ^^^^^^^^^^^^^^^^^^^^^^^^^^^^^^^^^^^^^^^^^^^^^^^^^^^^^^^^^^^^^^^^^^^^^^^^^^^^^^^^^^^^^^^^
  File "C:\Users\Azuri\Desktop\anewBot\.venv\Lib\site-packages\ccxt\async_support\base\exchange.py", line 263, in fetch
    self.handle_errors(http_status_code, http_status_text, url, method, headers, http_response, json_response, request_headers, request_body)
    ~~~~~~~~~~~~~~~~~~^^^^^^^^^^^^^^^^^^^^^^^^^^^^^^^^^^^^^^^^^^^^^^^^^^^^^^^^^^^^^^^^^^^^^^^^^^^^^^^^^^^^^^^^^^^^^^^^^^^^^^^^^^^^^^^^^^^^^^^
  File "C:\Users\Azuri\Desktop\anewBot\.venv\Lib\site-packages\ccxt\async_support\bybit.py", line 9158, in handle_errors
    self.throw_exactly_matched_exception(self.exceptions['exact'], errorCode, feedback)
    ~~~~~~~~~~~~~~~~~~~~~~~~~~~~~~~~~~~~^^^^^^^^^^^^^^^^^^^^^^^^^^^^^^^^^^^^^^^^^^^^^^^
  File "C:\Users\Azuri\Desktop\anewBot\.venv\Lib\site-packages\ccxt\base\exchange.py", line 5435, in throw_exactly_matched_exception
    raise exact[string](message)
ccxt.base.errors.BadRequest: bybit {"retCode":10001,"retMsg":"tpLimitPrice is required when tpOrderType is limit","result":{},"retExtInfo":{},"time":1771882016652}

2026-02-24 08:26:56 | INFO    |   >> SHORT ENSO/USDT:USDT [IB_BREAK] [HUNTER] conv=89A+ qty=352.2 entry≈1.946400 SL=1.973100 TP=1.893100 exit=fix2.0 risk=$9.39
2026-02-24 08:26:58 | ERROR   | Order ENSO/USDT:USDT: bybit {"retCode":10001,"retMsg":"tpLimitPrice is required when tpOrderType is limit","result":{},"retExtInfo":{},"time":1771882018424}
2026-02-24 08:26:58 | DEBUG   | Traceback (most recent call last):
  File "C:\Users\Azuri\Desktop\anewBot\v13pro\bot.py", line 486, in _execute_signal
    order = await ex_mod.place_limit_order(
            ^^^^^^^^^^^^^^^^^^^^^^^^^^^^^^^
        self._ex, symbol, sig.side, qty, entry_price,
        ^^^^^^^^^^^^^^^^^^^^^^^^^^^^^^^^^^^^^^^^^^^^^
        sl_price, tp_price)
        ^^^^^^^^^^^^^^^^^^^
  File "C:\Users\Azuri\Desktop\anewBot\v13pro\exchange.py", line 166, in place_limit_order
    order = await ex.create_order(symbol, "limit", side, qty, price, params=params)
            ^^^^^^^^^^^^^^^^^^^^^^^^^^^^^^^^^^^^^^^^^^^^^^^^^^^^^^^^^^^^^^^^^^^^^^^
  File "C:\Users\Azuri\Desktop\anewBot\.venv\Lib\site-packages\ccxt\async_support\bybit.py", line 3902, in create_order
    response = await self.privatePostV5OrderCreate(orderRequest)
               ^^^^^^^^^^^^^^^^^^^^^^^^^^^^^^^^^^^^^^^^^^^^^^^^^
  File "C:\Users\Azuri\Desktop\anewBot\.venv\Lib\site-packages\ccxt\async_support\base\exchange.py", line 995, in request
    return await self.fetch2(path, api, method, params, headers, body, config)
           ^^^^^^^^^^^^^^^^^^^^^^^^^^^^^^^^^^^^^^^^^^^^^^^^^^^^^^^^^^^^^^^^^^^
  File "C:\Users\Azuri\Desktop\anewBot\.venv\Lib\site-packages\ccxt\async_support\base\exchange.py", line 991, in fetch2
    raise e
  File "C:\Users\Azuri\Desktop\anewBot\.venv\Lib\site-packages\ccxt\async_support\base\exchange.py", line 979, in fetch2
    return await self.fetch(request['url'], request['method'], request['headers'], request['body'])
           ^^^^^^^^^^^^^^^^^^^^^^^^^^^^^^^^^^^^^^^^^^^^^^^^^^^^^^^^^^^^^^^^^^^^^^^^^^^^^^^^^^^^^^^^
  File "C:\Users\Azuri\Desktop\anewBot\.venv\Lib\site-packages\ccxt\async_support\base\exchange.py", line 263, in fetch
    self.handle_errors(http_status_code, http_status_text, url, method, headers, http_response, json_response, request_headers, request_body)
    ~~~~~~~~~~~~~~~~~~^^^^^^^^^^^^^^^^^^^^^^^^^^^^^^^^^^^^^^^^^^^^^^^^^^^^^^^^^^^^^^^^^^^^^^^^^^^^^^^^^^^^^^^^^^^^^^^^^^^^^^^^^^^^^^^^^^^^^^^
  File "C:\Users\Azuri\Desktop\anewBot\.venv\Lib\site-packages\ccxt\async_support\bybit.py", line 9158, in handle_errors
    self.throw_exactly_matched_exception(self.exceptions['exact'], errorCode, feedback)
    ~~~~~~~~~~~~~~~~~~~~~~~~~~~~~~~~~~~~^^^^^^^^^^^^^^^^^^^^^^^^^^^^^^^^^^^^^^^^^^^^^^^
  File "C:\Users\Azuri\Desktop\anewBot\.venv\Lib\site-packages\ccxt\base\exchange.py", line 5435, in throw_exactly_matched_exception
    raise exact[string](message)
ccxt.base.errors.BadRequest: bybit {"retCode":10001,"retMsg":"tpLimitPrice is required when tpOrderType is limit","result":{},"retExtInfo":{},"time":1771882018424}

2026-02-24 08:26:58 | INFO    |   >> SHORT ENSO/USDT:USDT [ENGULF] [HUNTER] conv=89A+ qty=352.2 entry≈1.946400 SL=1.973100 TP=1.893100 exit=fix2.0 risk=$9.39
2026-02-24 08:26:59 | ERROR   | Order ENSO/USDT:USDT: bybit {"retCode":10001,"retMsg":"tpLimitPrice is required when tpOrderType is limit","result":{},"retExtInfo":{},"time":1771882019575}
2026-02-24 08:26:59 | DEBUG   | Traceback (most recent call last):
  File "C:\Users\Azuri\Desktop\anewBot\v13pro\bot.py", line 486, in _execute_signal
    order = await ex_mod.place_limit_order(
            ^^^^^^^^^^^^^^^^^^^^^^^^^^^^^^^
        self._ex, symbol, sig.side, qty, entry_price,
        ^^^^^^^^^^^^^^^^^^^^^^^^^^^^^^^^^^^^^^^^^^^^^
        sl_price, tp_price)
        ^^^^^^^^^^^^^^^^^^^
  File "C:\Users\Azuri\Desktop\anewBot\v13pro\exchange.py", line 166, in place_limit_order
    order = await ex.create_order(symbol, "limit", side, qty, price, params=params)
            ^^^^^^^^^^^^^^^^^^^^^^^^^^^^^^^^^^^^^^^^^^^^^^^^^^^^^^^^^^^^^^^^^^^^^^^
  File "C:\Users\Azuri\Desktop\anewBot\.venv\Lib\site-packages\ccxt\async_support\bybit.py", line 3902, in create_order
    response = await self.privatePostV5OrderCreate(orderRequest)
               ^^^^^^^^^^^^^^^^^^^^^^^^^^^^^^^^^^^^^^^^^^^^^^^^^
  File "C:\Users\Azuri\Desktop\anewBot\.venv\Lib\site-packages\ccxt\async_support\base\exchange.py", line 995, in request
    return await self.fetch2(path, api, method, params, headers, body, config)
           ^^^^^^^^^^^^^^^^^^^^^^^^^^^^^^^^^^^^^^^^^^^^^^^^^^^^^^^^^^^^^^^^^^^
  File "C:\Users\Azuri\Desktop\anewBot\.venv\Lib\site-packages\ccxt\async_support\base\exchange.py", line 991, in fetch2
    raise e
  File "C:\Users\Azuri\Desktop\anewBot\.venv\Lib\site-packages\ccxt\async_support\base\exchange.py", line 979, in fetch2
    return await self.fetch(request['url'], request['method'], request['headers'], request['body'])
           ^^^^^^^^^^^^^^^^^^^^^^^^^^^^^^^^^^^^^^^^^^^^^^^^^^^^^^^^^^^^^^^^^^^^^^^^^^^^^^^^^^^^^^^^
  File "C:\Users\Azuri\Desktop\anewBot\.venv\Lib\site-packages\ccxt\async_support\base\exchange.py", line 263, in fetch
    self.handle_errors(http_status_code, http_status_text, url, method, headers, http_response, json_response, request_headers, request_body)
    ~~~~~~~~~~~~~~~~~~^^^^^^^^^^^^^^^^^^^^^^^^^^^^^^^^^^^^^^^^^^^^^^^^^^^^^^^^^^^^^^^^^^^^^^^^^^^^^^^^^^^^^^^^^^^^^^^^^^^^^^^^^^^^^^^^^^^^^^^
  File "C:\Users\Azuri\Desktop\anewBot\.venv\Lib\site-packages\ccxt\async_support\bybit.py", line 9158, in handle_errors
    self.throw_exactly_matched_exception(self.exceptions['exact'], errorCode, feedback)
    ~~~~~~~~~~~~~~~~~~~~~~~~~~~~~~~~~~~~^^^^^^^^^^^^^^^^^^^^^^^^^^^^^^^^^^^^^^^^^^^^^^^
  File "C:\Users\Azuri\Desktop\anewBot\.venv\Lib\site-packages\ccxt\base\exchange.py", line 5435, in throw_exactly_matched_exception
    raise exact[string](message)
ccxt.base.errors.BadRequest: bybit {"retCode":10001,"retMsg":"tpLimitPrice is required when tpOrderType is limit","result":{},"retExtInfo":{},"time":1771882019575}

2026-02-24 08:26:59 | INFO    |   >> SHORT ENSO/USDT:USDT [TR_PULL] [HUNTER] conv=89A+ qty=352.2 entry≈1.946400 SL=1.973100 TP=1.893100 exit=fix2.0 risk=$9.39
2026-02-24 08:27:00 | ERROR   | Order ENSO/USDT:USDT: bybit {"retCode":10001,"retMsg":"tpLimitPrice is required when tpOrderType is limit","result":{},"retExtInfo":{},"time":1771882020449}
2026-02-24 08:27:00 | DEBUG   | Traceback (most recent call last):
  File "C:\Users\Azuri\Desktop\anewBot\v13pro\bot.py", line 486, in _execute_signal
    order = await ex_mod.place_limit_order(
            ^^^^^^^^^^^^^^^^^^^^^^^^^^^^^^^
        self._ex, symbol, sig.side, qty, entry_price,
        ^^^^^^^^^^^^^^^^^^^^^^^^^^^^^^^^^^^^^^^^^^^^^
        sl_price, tp_price)
        ^^^^^^^^^^^^^^^^^^^
  File "C:\Users\Azuri\Desktop\anewBot\v13pro\exchange.py", line 166, in place_limit_order
    order = await ex.create_order(symbol, "limit", side, qty, price, params=params)
            ^^^^^^^^^^^^^^^^^^^^^^^^^^^^^^^^^^^^^^^^^^^^^^^^^^^^^^^^^^^^^^^^^^^^^^^
  File "C:\Users\Azuri\Desktop\anewBot\.venv\Lib\site-packages\ccxt\async_support\bybit.py", line 3902, in create_order
    response = await self.privatePostV5OrderCreate(orderRequest)
               ^^^^^^^^^^^^^^^^^^^^^^^^^^^^^^^^^^^^^^^^^^^^^^^^^
  File "C:\Users\Azuri\Desktop\anewBot\.venv\Lib\site-packages\ccxt\async_support\base\exchange.py", line 995, in request
    return await self.fetch2(path, api, method, params, headers, body, config)
           ^^^^^^^^^^^^^^^^^^^^^^^^^^^^^^^^^^^^^^^^^^^^^^^^^^^^^^^^^^^^^^^^^^^
  File "C:\Users\Azuri\Desktop\anewBot\.venv\Lib\site-packages\ccxt\async_support\base\exchange.py", line 991, in fetch2
    raise e
  File "C:\Users\Azuri\Desktop\anewBot\.venv\Lib\site-packages\ccxt\async_support\base\exchange.py", line 979, in fetch2
    return await self.fetch(request['url'], request['method'], request['headers'], request['body'])
           ^^^^^^^^^^^^^^^^^^^^^^^^^^^^^^^^^^^^^^^^^^^^^^^^^^^^^^^^^^^^^^^^^^^^^^^^^^^^^^^^^^^^^^^^
  File "C:\Users\Azuri\Desktop\anewBot\.venv\Lib\site-packages\ccxt\async_support\base\exchange.py", line 263, in fetch
    self.handle_errors(http_status_code, http_status_text, url, method, headers, http_response, json_response, request_headers, request_body)
    ~~~~~~~~~~~~~~~~~~^^^^^^^^^^^^^^^^^^^^^^^^^^^^^^^^^^^^^^^^^^^^^^^^^^^^^^^^^^^^^^^^^^^^^^^^^^^^^^^^^^^^^^^^^^^^^^^^^^^^^^^^^^^^^^^^^^^^^^^
  File "C:\Users\Azuri\Desktop\anewBot\.venv\Lib\site-packages\ccxt\async_support\bybit.py", line 9158, in handle_errors
    self.throw_exactly_matched_exception(self.exceptions['exact'], errorCode, feedback)
    ~~~~~~~~~~~~~~~~~~~~~~~~~~~~~~~~~~~~^^^^^^^^^^^^^^^^^^^^^^^^^^^^^^^^^^^^^^^^^^^^^^^
  File "C:\Users\Azuri\Desktop\anewBot\.venv\Lib\site-packages\ccxt\base\exchange.py", line 5435, in throw_exactly_matched_exception
    raise exact[string](message)
ccxt.base.errors.BadRequest: bybit {"retCode":10001,"retMsg":"tpLimitPrice is required when tpOrderType is limit","result":{},"retExtInfo":{},"time":1771882020449}

2026-02-24 08:27:00 | DEBUG   |   Hunter LA/USDT:USDT rejected: grade=C (need A+)
2026-02-24 08:27:00 | DEBUG   |   Hunter LA/USDT:USDT rejected: grade=C (need A+)
2026-02-24 08:27:01 | DEBUG   |   Hunter LA/USDT:USDT rejected: grade=B (need A+)
2026-02-24 08:27:01 | DEBUG   |   Hunter ZEC/USDT:USDT rejected: grade=A (need A+)
2026-02-24 08:27:01 | DEBUG   |   Hunter WLFI/USDT:USDT rejected: grade=A (need A+)
2026-02-24 08:27:02 | DEBUG   |   Hunter WLFI/USDT:USDT rejected: grade=A (need A+)
2026-02-24 08:28:14 | INFO    |   Registry: skipped 2 combos (delisted pairs)
2026-02-24 08:28:14 | INFO    | 
[96m══════════════════════════════════════════════════════════[0m
2026-02-24 08:28:14 | INFO    |   🛫 [1m[97mPREFLIGHT CHECK[0m
2026-02-24 08:28:14 | INFO    | [96m══════════════════════════════════════════════════════════[0m
2026-02-24 08:28:14 | INFO    |   [92m✅ PASS[0m  [1mimports        [0m [2m15 modules OK[0m
2026-02-24 08:28:14 | INFO    |   [92m✅ PASS[0m  [1mconfig         [0m [2mAll config params valid[0m
2026-02-24 08:28:14 | INFO    |   [92m✅ PASS[0m  [1mapi_keys       [0m [2mKey: AjbKwn...nyta[0m
2026-02-24 08:28:14 | INFO    |   [92m✅ PASS[0m  [1mcombos         [0m [2m50 combos, 40 pairs, 3 TFs[0m
2026-02-24 08:28:14 | INFO    |   [92m✅ PASS[0m  [1mstrategies     [0m [2m12 strategies OK[0m
2026-02-24 08:28:14 | INFO    |   [92m✅ PASS[0m  [1mstate          [0m [2mEquity: $500.72, trades: 0[0m
2026-02-24 08:28:14 | INFO    |   [92m✅ PASS[0m  [1mdisk           [0m [2m271036MB free[0m
2026-02-24 08:28:14 | INFO    |   [92m✅ PASS[0m  [1mlog_dir        [0m [2mC:\Users\Azuri\Desktop\anewBot\v13pro\logs[0m
2026-02-24 08:28:14 | INFO    |   [2m──────────────────────────────────────────────────────[0m
2026-02-24 08:28:14 | INFO    |   [92m🟢 ALL 8 CHECKS PASSED[0m [2m(0 warnings)[0m
2026-02-24 08:28:14 | INFO    | [96m══════════════════════════════════════════════════════════[0m

2026-02-24 08:28:14 | INFO    | 
[96m══════════════════════════════════════════════════════════[0m
2026-02-24 08:28:14 | INFO    |   🤖 [1m[97mv13pro FCB Bot[0m    [91m[1m🔴 LIVE TRADING[0m
2026-02-24 08:28:14 | INFO    | [96m══════════════════════════════════════════════════════════[0m
2026-02-24 08:28:14 | INFO    |   [1m📦 PORTFOLIO[0m
2026-02-24 08:28:14 | INFO    |      Combos     [92m48[0m              Pairs  [92m35[0m
2026-02-24 08:28:14 | INFO    |      Timeframes [92m['15m', '1h', '30m'][0m
2026-02-24 08:28:14 | INFO    |   [2m──────────────────────────────────────────────────────[0m
2026-02-24 08:28:14 | INFO    |   [1m⚙️  EXECUTION[0m
2026-02-24 08:28:14 | INFO    |      Maker TP   [92mON[0m
2026-02-24 08:28:14 | INFO    |      Maker Entry[92m ON[0m
2026-02-24 08:28:14 | INFO    |      Skill min  [93m40[0m
2026-02-24 08:28:14 | INFO    |      Risk       [93m3.0%[0m   Lev  [93m8x[0m   MaxPos  [93m7[0m
2026-02-24 08:28:14 | INFO    | [96m══════════════════════════════════════════════════════════[0m

2026-02-24 08:28:17 | INFO    | Connected to Bybit (MAINNET) — 3505 markets loaded [async]
2026-02-24 08:28:17 | INFO    | Equity: $500.72 | Peak: $500.72
2026-02-24 08:28:20 | INFO    |   📡 WSData: starting 39 subscriptions across 3 TFs
2026-02-24 08:28:32 | INFO    |   📡 WSData: pre-fetched 39 buffers (220 bars each)
2026-02-24 08:28:32 | INFO    |   📡 WSData: 4 stream tasks launched
2026-02-24 08:28:32 | INFO    | Guardian started (async)
2026-02-24 08:28:32 | INFO    | Hunter started (async)
2026-02-24 08:28:32 | INFO    | Aftermath tracker started
2026-02-24 08:28:32 | INFO    | Watchdog started
2026-02-24 08:28:32 | INFO    | Warming up WS buffers...
2026-02-24 08:28:32 | INFO    |   WS warmup complete: 39 buffers ready
2026-02-24 08:28:32 | INFO    | Bot ready — entering main loop
2026-02-24 08:29:03 | DEBUG   | Hunter: 129 liquid candidates (ex-portfolio)
2026-02-24 08:29:23 | INFO    | Hunter: found 25 signals on non-portfolio pairs
2026-02-24 08:29:23 | DEBUG   |   Hunter BTC/USDT:USDT rejected: grade=A (need A+)
2026-02-24 08:29:24 | DEBUG   |   Hunter BTC/USDT:USDT rejected: grade=A (need A+)
2026-02-24 08:29:24 | DEBUG   |   Hunter ETH/USDT:USDT rejected: grade=A (need A+)
2026-02-24 08:29:24 | DEBUG   |   Hunter ETH/USDT:USDT rejected: grade=A (need A+)
2026-02-24 08:29:24 | DEBUG   |   Hunter SOL/USDT:USDT rejected: grade=A (need A+)
2026-02-24 08:29:25 | DEBUG   |   Hunter SOL/USDT:USDT rejected: grade=A (need A+)
2026-02-24 08:29:25 | DEBUG   |   Hunter PIPPIN/USDT:USDT rejected: grade=B (need A+)
2026-02-24 08:29:26 | DEBUG   |   Hunter FARTCOIN/USDT:USDT rejected: grade=A (need A+)
2026-02-24 08:29:26 | DEBUG   |   Hunter FARTCOIN/USDT:USDT rejected: grade=A (need A+)
2026-02-24 08:29:26 | DEBUG   |   Hunter FARTCOIN/USDT:USDT rejected: grade=A (need A+)
2026-02-24 08:29:26 | DEBUG   |   Hunter ADA/USDT:USDT rejected: grade=A (need A+)
2026-02-24 08:29:27 | DEBUG   |   Hunter SUI/USDT:USDT rejected: grade=A (need A+)
2026-02-24 08:29:27 | DEBUG   |   Hunter SUI/USDT:USDT rejected: grade=A (need A+)
2026-02-24 08:29:27 | DEBUG   |   Hunter SUI/USDT:USDT rejected: grade=A (need A+)
2026-02-24 08:29:28 | DEBUG   |   Hunter POWER/USDT:USDT rejected: grade=A (need A+)
2026-02-24 08:29:28 | INFO    |   >> SHORT ENSO/USDT:USDT [BB_FADE] [HUNTER] conv=93A+ qty=350.8 entry≈1.950800 SL=1.977600 TP=1.897300 exit=fix2.0 risk=$9.39
2026-02-24 08:29:29 | ERROR   | Order ENSO/USDT:USDT: bybit {"retCode":10001,"retMsg":"tpLimitPrice can not have a value when tpSlMode is empty","result":{},"retExtInfo":{},"time":1771882169417}
2026-02-24 08:29:29 | DEBUG   | Traceback (most recent call last):
  File "C:\Users\Azuri\Desktop\anewBot\v13pro\bot.py", line 486, in _execute_signal
    order = await ex_mod.place_limit_order(
            ^^^^^^^^^^^^^^^^^^^^^^^^^^^^^^^
        self._ex, symbol, sig.side, qty, entry_price,
        ^^^^^^^^^^^^^^^^^^^^^^^^^^^^^^^^^^^^^^^^^^^^^
        sl_price, tp_price)
        ^^^^^^^^^^^^^^^^^^^
  File "C:\Users\Azuri\Desktop\anewBot\v13pro\exchange.py", line 164, in place_limit_order
    order = await ex.create_order(symbol, "limit", side, qty, price, params=params)
            ^^^^^^^^^^^^^^^^^^^^^^^^^^^^^^^^^^^^^^^^^^^^^^^^^^^^^^^^^^^^^^^^^^^^^^^
  File "C:\Users\Azuri\Desktop\anewBot\.venv\Lib\site-packages\ccxt\async_support\bybit.py", line 3902, in create_order
    response = await self.privatePostV5OrderCreate(orderRequest)
               ^^^^^^^^^^^^^^^^^^^^^^^^^^^^^^^^^^^^^^^^^^^^^^^^^
  File "C:\Users\Azuri\Desktop\anewBot\.venv\Lib\site-packages\ccxt\async_support\base\exchange.py", line 995, in request
    return await self.fetch2(path, api, method, params, headers, body, config)
           ^^^^^^^^^^^^^^^^^^^^^^^^^^^^^^^^^^^^^^^^^^^^^^^^^^^^^^^^^^^^^^^^^^^
  File "C:\Users\Azuri\Desktop\anewBot\.venv\Lib\site-packages\ccxt\async_support\base\exchange.py", line 991, in fetch2
    raise e
  File "C:\Users\Azuri\Desktop\anewBot\.venv\Lib\site-packages\ccxt\async_support\base\exchange.py", line 979, in fetch2
    return await self.fetch(request['url'], request['method'], request['headers'], request['body'])
           ^^^^^^^^^^^^^^^^^^^^^^^^^^^^^^^^^^^^^^^^^^^^^^^^^^^^^^^^^^^^^^^^^^^^^^^^^^^^^^^^^^^^^^^^
  File "C:\Users\Azuri\Desktop\anewBot\.venv\Lib\site-packages\ccxt\async_support\base\exchange.py", line 263, in fetch
    self.handle_errors(http_status_code, http_status_text, url, method, headers, http_response, json_response, request_headers, request_body)
    ~~~~~~~~~~~~~~~~~~^^^^^^^^^^^^^^^^^^^^^^^^^^^^^^^^^^^^^^^^^^^^^^^^^^^^^^^^^^^^^^^^^^^^^^^^^^^^^^^^^^^^^^^^^^^^^^^^^^^^^^^^^^^^^^^^^^^^^^^
  File "C:\Users\Azuri\Desktop\anewBot\.venv\Lib\site-packages\ccxt\async_support\bybit.py", line 9158, in handle_errors
    self.throw_exactly_matched_exception(self.exceptions['exact'], errorCode, feedback)
    ~~~~~~~~~~~~~~~~~~~~~~~~~~~~~~~~~~~~^^^^^^^^^^^^^^^^^^^^^^^^^^^^^^^^^^^^^^^^^^^^^^^
  File "C:\Users\Azuri\Desktop\anewBot\.venv\Lib\site-packages\ccxt\base\exchange.py", line 5435, in throw_exactly_matched_exception
    raise exact[string](message)
ccxt.base.errors.BadRequest: bybit {"retCode":10001,"retMsg":"tpLimitPrice can not have a value when tpSlMode is empty","result":{},"retExtInfo":{},"time":1771882169417}

2026-02-24 08:29:29 | INFO    |   >> SHORT ENSO/USDT:USDT [IB_BREAK] [HUNTER] conv=93A+ qty=350.8 entry≈1.950800 SL=1.977600 TP=1.897300 exit=fix2.0 risk=$9.39
2026-02-24 08:29:30 | ERROR   | Order ENSO/USDT:USDT: bybit {"retCode":10001,"retMsg":"tpLimitPrice can not have a value when tpSlMode is empty","result":{},"retExtInfo":{},"time":1771882170401}
2026-02-24 08:29:30 | DEBUG   | Traceback (most recent call last):
  File "C:\Users\Azuri\Desktop\anewBot\v13pro\bot.py", line 486, in _execute_signal
    order = await ex_mod.place_limit_order(
            ^^^^^^^^^^^^^^^^^^^^^^^^^^^^^^^
        self._ex, symbol, sig.side, qty, entry_price,
        ^^^^^^^^^^^^^^^^^^^^^^^^^^^^^^^^^^^^^^^^^^^^^
        sl_price, tp_price)
        ^^^^^^^^^^^^^^^^^^^
  File "C:\Users\Azuri\Desktop\anewBot\v13pro\exchange.py", line 164, in place_limit_order
    order = await ex.create_order(symbol, "limit", side, qty, price, params=params)
            ^^^^^^^^^^^^^^^^^^^^^^^^^^^^^^^^^^^^^^^^^^^^^^^^^^^^^^^^^^^^^^^^^^^^^^^
  File "C:\Users\Azuri\Desktop\anewBot\.venv\Lib\site-packages\ccxt\async_support\bybit.py", line 3902, in create_order
    response = await self.privatePostV5OrderCreate(orderRequest)
               ^^^^^^^^^^^^^^^^^^^^^^^^^^^^^^^^^^^^^^^^^^^^^^^^^
  File "C:\Users\Azuri\Desktop\anewBot\.venv\Lib\site-packages\ccxt\async_support\base\exchange.py", line 995, in request
    return await self.fetch2(path, api, method, params, headers, body, config)
           ^^^^^^^^^^^^^^^^^^^^^^^^^^^^^^^^^^^^^^^^^^^^^^^^^^^^^^^^^^^^^^^^^^^
  File "C:\Users\Azuri\Desktop\anewBot\.venv\Lib\site-packages\ccxt\async_support\base\exchange.py", line 991, in fetch2
    raise e
  File "C:\Users\Azuri\Desktop\anewBot\.venv\Lib\site-packages\ccxt\async_support\base\exchange.py", line 979, in fetch2
    return await self.fetch(request['url'], request['method'], request['headers'], request['body'])
           ^^^^^^^^^^^^^^^^^^^^^^^^^^^^^^^^^^^^^^^^^^^^^^^^^^^^^^^^^^^^^^^^^^^^^^^^^^^^^^^^^^^^^^^^
  File "C:\Users\Azuri\Desktop\anewBot\.venv\Lib\site-packages\ccxt\async_support\base\exchange.py", line 263, in fetch
    self.handle_errors(http_status_code, http_status_text, url, method, headers, http_response, json_response, request_headers, request_body)
    ~~~~~~~~~~~~~~~~~~^^^^^^^^^^^^^^^^^^^^^^^^^^^^^^^^^^^^^^^^^^^^^^^^^^^^^^^^^^^^^^^^^^^^^^^^^^^^^^^^^^^^^^^^^^^^^^^^^^^^^^^^^^^^^^^^^^^^^^^
  File "C:\Users\Azuri\Desktop\anewBot\.venv\Lib\site-packages\ccxt\async_support\bybit.py", line 9158, in handle_errors
    self.throw_exactly_matched_exception(self.exceptions['exact'], errorCode, feedback)
    ~~~~~~~~~~~~~~~~~~~~~~~~~~~~~~~~~~~~^^^^^^^^^^^^^^^^^^^^^^^^^^^^^^^^^^^^^^^^^^^^^^^
  File "C:\Users\Azuri\Desktop\anewBot\.venv\Lib\site-packages\ccxt\base\exchange.py", line 5435, in throw_exactly_matched_exception
    raise exact[string](message)
ccxt.base.errors.BadRequest: bybit {"retCode":10001,"retMsg":"tpLimitPrice can not have a value when tpSlMode is empty","result":{},"retExtInfo":{},"time":1771882170401}

2026-02-24 08:29:30 | INFO    |   >> SHORT ENSO/USDT:USDT [ENGULF] [HUNTER] conv=93A+ qty=350.8 entry≈1.950800 SL=1.977600 TP=1.897300 exit=fix2.0 risk=$9.39
2026-02-24 08:29:31 | ERROR   | Order ENSO/USDT:USDT: bybit {"retCode":10001,"retMsg":"tpLimitPrice can not have a value when tpSlMode is empty","result":{},"retExtInfo":{},"time":1771882171584}
2026-02-24 08:29:31 | DEBUG   | Traceback (most recent call last):
  File "C:\Users\Azuri\Desktop\anewBot\v13pro\bot.py", line 486, in _execute_signal
    order = await ex_mod.place_limit_order(
            ^^^^^^^^^^^^^^^^^^^^^^^^^^^^^^^
        self._ex, symbol, sig.side, qty, entry_price,
        ^^^^^^^^^^^^^^^^^^^^^^^^^^^^^^^^^^^^^^^^^^^^^
        sl_price, tp_price)
        ^^^^^^^^^^^^^^^^^^^
  File "C:\Users\Azuri\Desktop\anewBot\v13pro\exchange.py", line 164, in place_limit_order
    order = await ex.create_order(symbol, "limit", side, qty, price, params=params)
            ^^^^^^^^^^^^^^^^^^^^^^^^^^^^^^^^^^^^^^^^^^^^^^^^^^^^^^^^^^^^^^^^^^^^^^^
  File "C:\Users\Azuri\Desktop\anewBot\.venv\Lib\site-packages\ccxt\async_support\bybit.py", line 3902, in create_order
    response = await self.privatePostV5OrderCreate(orderRequest)
               ^^^^^^^^^^^^^^^^^^^^^^^^^^^^^^^^^^^^^^^^^^^^^^^^^
  File "C:\Users\Azuri\Desktop\anewBot\.venv\Lib\site-packages\ccxt\async_support\base\exchange.py", line 995, in request
    return await self.fetch2(path, api, method, params, headers, body, config)
           ^^^^^^^^^^^^^^^^^^^^^^^^^^^^^^^^^^^^^^^^^^^^^^^^^^^^^^^^^^^^^^^^^^^
  File "C:\Users\Azuri\Desktop\anewBot\.venv\Lib\site-packages\ccxt\async_support\base\exchange.py", line 991, in fetch2
    raise e
  File "C:\Users\Azuri\Desktop\anewBot\.venv\Lib\site-packages\ccxt\async_support\base\exchange.py", line 979, in fetch2
    return await self.fetch(request['url'], request['method'], request['headers'], request['body'])
           ^^^^^^^^^^^^^^^^^^^^^^^^^^^^^^^^^^^^^^^^^^^^^^^^^^^^^^^^^^^^^^^^^^^^^^^^^^^^^^^^^^^^^^^^
  File "C:\Users\Azuri\Desktop\anewBot\.venv\Lib\site-packages\ccxt\async_support\base\exchange.py", line 263, in fetch
    self.handle_errors(http_status_code, http_status_text, url, method, headers, http_response, json_response, request_headers, request_body)
    ~~~~~~~~~~~~~~~~~~^^^^^^^^^^^^^^^^^^^^^^^^^^^^^^^^^^^^^^^^^^^^^^^^^^^^^^^^^^^^^^^^^^^^^^^^^^^^^^^^^^^^^^^^^^^^^^^^^^^^^^^^^^^^^^^^^^^^^^^
  File "C:\Users\Azuri\Desktop\anewBot\.venv\Lib\site-packages\ccxt\async_support\bybit.py", line 9158, in handle_errors
    self.throw_exactly_matched_exception(self.exceptions['exact'], errorCode, feedback)
    ~~~~~~~~~~~~~~~~~~~~~~~~~~~~~~~~~~~~^^^^^^^^^^^^^^^^^^^^^^^^^^^^^^^^^^^^^^^^^^^^^^^
  File "C:\Users\Azuri\Desktop\anewBot\.venv\Lib\site-packages\ccxt\base\exchange.py", line 5435, in throw_exactly_matched_exception
    raise exact[string](message)
ccxt.base.errors.BadRequest: bybit {"retCode":10001,"retMsg":"tpLimitPrice can not have a value when tpSlMode is empty","result":{},"retExtInfo":{},"time":1771882171584}

2026-02-24 08:29:31 | INFO    |   >> SHORT ENSO/USDT:USDT [TR_PULL] [HUNTER] conv=94A+ qty=350.8 entry≈1.950800 SL=1.977600 TP=1.897300 exit=fix2.0 risk=$9.39
2026-02-24 08:29:32 | ERROR   | Order ENSO/USDT:USDT: bybit {"retCode":10001,"retMsg":"tpLimitPrice can not have a value when tpSlMode is empty","result":{},"retExtInfo":{},"time":1771882172743}
2026-02-24 08:29:32 | DEBUG   | Traceback (most recent call last):
  File "C:\Users\Azuri\Desktop\anewBot\v13pro\bot.py", line 486, in _execute_signal
    order = await ex_mod.place_limit_order(
            ^^^^^^^^^^^^^^^^^^^^^^^^^^^^^^^
        self._ex, symbol, sig.side, qty, entry_price,
        ^^^^^^^^^^^^^^^^^^^^^^^^^^^^^^^^^^^^^^^^^^^^^
        sl_price, tp_price)
        ^^^^^^^^^^^^^^^^^^^
  File "C:\Users\Azuri\Desktop\anewBot\v13pro\exchange.py", line 164, in place_limit_order
    order = await ex.create_order(symbol, "limit", side, qty, price, params=params)
            ^^^^^^^^^^^^^^^^^^^^^^^^^^^^^^^^^^^^^^^^^^^^^^^^^^^^^^^^^^^^^^^^^^^^^^^
  File "C:\Users\Azuri\Desktop\anewBot\.venv\Lib\site-packages\ccxt\async_support\bybit.py", line 3902, in create_order
    response = await self.privatePostV5OrderCreate(orderRequest)
               ^^^^^^^^^^^^^^^^^^^^^^^^^^^^^^^^^^^^^^^^^^^^^^^^^
  File "C:\Users\Azuri\Desktop\anewBot\.venv\Lib\site-packages\ccxt\async_support\base\exchange.py", line 995, in request
    return await self.fetch2(path, api, method, params, headers, body, config)
           ^^^^^^^^^^^^^^^^^^^^^^^^^^^^^^^^^^^^^^^^^^^^^^^^^^^^^^^^^^^^^^^^^^^
  File "C:\Users\Azuri\Desktop\anewBot\.venv\Lib\site-packages\ccxt\async_support\base\exchange.py", line 991, in fetch2
    raise e
  File "C:\Users\Azuri\Desktop\anewBot\.venv\Lib\site-packages\ccxt\async_support\base\exchange.py", line 979, in fetch2
    return await self.fetch(request['url'], request['method'], request['headers'], request['body'])
           ^^^^^^^^^^^^^^^^^^^^^^^^^^^^^^^^^^^^^^^^^^^^^^^^^^^^^^^^^^^^^^^^^^^^^^^^^^^^^^^^^^^^^^^^
  File "C:\Users\Azuri\Desktop\anewBot\.venv\Lib\site-packages\ccxt\async_support\base\exchange.py", line 263, in fetch
    self.handle_errors(http_status_code, http_status_text, url, method, headers, http_response, json_response, request_headers, request_body)
    ~~~~~~~~~~~~~~~~~~^^^^^^^^^^^^^^^^^^^^^^^^^^^^^^^^^^^^^^^^^^^^^^^^^^^^^^^^^^^^^^^^^^^^^^^^^^^^^^^^^^^^^^^^^^^^^^^^^^^^^^^^^^^^^^^^^^^^^^^
  File "C:\Users\Azuri\Desktop\anewBot\.venv\Lib\site-packages\ccxt\async_support\bybit.py", line 9158, in handle_errors
    self.throw_exactly_matched_exception(self.exceptions['exact'], errorCode, feedback)
    ~~~~~~~~~~~~~~~~~~~~~~~~~~~~~~~~~~~~^^^^^^^^^^^^^^^^^^^^^^^^^^^^^^^^^^^^^^^^^^^^^^^
  File "C:\Users\Azuri\Desktop\anewBot\.venv\Lib\site-packages\ccxt\base\exchange.py", line 5435, in throw_exactly_matched_exception
    raise exact[string](message)
ccxt.base.errors.BadRequest: bybit {"retCode":10001,"retMsg":"tpLimitPrice can not have a value when tpSlMode is empty","result":{},"retExtInfo":{},"time":1771882172743}

2026-02-24 08:29:32 | DEBUG   |   Hunter LA/USDT:USDT rejected: grade=A (need A+)
2026-02-24 08:29:33 | DEBUG   |   Hunter ZEC/USDT:USDT rejected: grade=A (need A+)
2026-02-24 08:29:33 | DEBUG   |   Hunter WLFI/USDT:USDT rejected: grade=A (need A+)
2026-02-24 08:29:33 | DEBUG   |   Hunter WLFI/USDT:USDT rejected: grade=A (need A+)
2026-02-24 08:30:58 | INFO    |   Registry: skipped 2 combos (delisted pairs)
2026-02-24 08:30:58 | INFO    | 
[96m══════════════════════════════════════════════════════════[0m
2026-02-24 08:30:58 | INFO    |   🛫 [1m[97mPREFLIGHT CHECK[0m
2026-02-24 08:30:58 | INFO    | [96m══════════════════════════════════════════════════════════[0m
2026-02-24 08:30:58 | INFO    |   [92m✅ PASS[0m  [1mimports        [0m [2m15 modules OK[0m
2026-02-24 08:30:58 | INFO    |   [92m✅ PASS[0m  [1mconfig         [0m [2mAll config params valid[0m
2026-02-24 08:30:58 | INFO    |   [92m✅ PASS[0m  [1mapi_keys       [0m [2mKey: AjbKwn...nyta[0m
2026-02-24 08:30:58 | INFO    |   [92m✅ PASS[0m  [1mcombos         [0m [2m50 combos, 40 pairs, 3 TFs[0m
2026-02-24 08:30:58 | INFO    |   [92m✅ PASS[0m  [1mstrategies     [0m [2m12 strategies OK[0m
2026-02-24 08:30:58 | INFO    |   [92m✅ PASS[0m  [1mstate          [0m [2mEquity: $500.72, trades: 0[0m
2026-02-24 08:30:58 | INFO    |   [92m✅ PASS[0m  [1mdisk           [0m [2m271033MB free[0m
2026-02-24 08:30:58 | INFO    |   [92m✅ PASS[0m  [1mlog_dir        [0m [2mC:\Users\Azuri\Desktop\anewBot\v13pro\logs[0m
2026-02-24 08:30:58 | INFO    |   [2m──────────────────────────────────────────────────────[0m
2026-02-24 08:30:58 | INFO    |   [92m🟢 ALL 8 CHECKS PASSED[0m [2m(0 warnings)[0m
2026-02-24 08:30:58 | INFO    | [96m══════════════════════════════════════════════════════════[0m

2026-02-24 08:30:58 | INFO    | 
[96m══════════════════════════════════════════════════════════[0m
2026-02-24 08:30:58 | INFO    |   🤖 [1m[97mv13pro FCB Bot[0m    [91m[1m🔴 LIVE TRADING[0m
2026-02-24 08:30:58 | INFO    | [96m══════════════════════════════════════════════════════════[0m
2026-02-24 08:30:58 | INFO    |   [1m📦 PORTFOLIO[0m
2026-02-24 08:30:58 | INFO    |      Combos     [92m48[0m              Pairs  [92m35[0m
2026-02-24 08:30:58 | INFO    |      Timeframes [92m['15m', '1h', '30m'][0m
2026-02-24 08:30:58 | INFO    |   [2m──────────────────────────────────────────────────────[0m
2026-02-24 08:30:58 | INFO    |   [1m⚙️  EXECUTION[0m
2026-02-24 08:30:58 | INFO    |      Maker TP   [92mON[0m
2026-02-24 08:30:58 | INFO    |      Maker Entry[92m ON[0m
2026-02-24 08:30:58 | INFO    |      Skill min  [93m40[0m
2026-02-24 08:30:58 | INFO    |      Risk       [93m3.0%[0m   Lev  [93m8x[0m   MaxPos  [93m7[0m
2026-02-24 08:30:58 | INFO    | [96m══════════════════════════════════════════════════════════[0m

2026-02-24 08:31:01 | INFO    | Connected to Bybit (MAINNET) — 3505 markets loaded [async]
2026-02-24 08:31:02 | INFO    | Equity: $500.72 | Peak: $500.72
2026-02-24 08:31:05 | INFO    |   📡 WSData: starting 39 subscriptions across 3 TFs
2026-02-24 08:31:16 | INFO    |   📡 WSData: pre-fetched 39 buffers (220 bars each)
2026-02-24 08:31:16 | INFO    |   📡 WSData: 4 stream tasks launched
2026-02-24 08:31:16 | INFO    | Guardian started (async)
2026-02-24 08:31:16 | INFO    | Hunter started (async)
2026-02-24 08:31:16 | INFO    | Aftermath tracker started
2026-02-24 08:31:16 | INFO    | Watchdog started
2026-02-24 08:31:16 | INFO    | Warming up WS buffers...
2026-02-24 08:31:16 | INFO    |   WS warmup complete: 39 buffers ready
2026-02-24 08:31:16 | INFO    | Bot ready — entering main loop
2026-02-24 08:31:46 | DEBUG   | Hunter: 127 liquid candidates (ex-portfolio)
2026-02-24 08:32:06 | INFO    | Hunter: found 14 signals on non-portfolio pairs
2026-02-24 08:32:06 | DEBUG   |   Hunter ETH/USDT:USDT rejected: grade=A (need A+)
2026-02-24 08:32:06 | DEBUG   |   Hunter XAUT/USDT:USDT rejected: grade=A (need A+)
2026-02-24 08:32:07 | DEBUG   |   Hunter PIPPIN/USDT:USDT rejected: grade=A (need A+)
2026-02-24 08:32:07 | DEBUG   |   Hunter PIPPIN/USDT:USDT rejected: grade=A (need A+)
2026-02-24 08:32:07 | DEBUG   |   Hunter PIPPIN/USDT:USDT rejected: grade=B (need A+)
2026-02-24 08:32:08 | DEBUG   |   Hunter AGLD/USDT:USDT rejected: grade=A (need A+)
2026-02-24 08:32:08 | DEBUG   |   Hunter AGLD/USDT:USDT rejected: grade=A (need A+)
2026-02-24 08:32:09 | DEBUG   |   Hunter SUI/USDT:USDT rejected: grade=B (need A+)
2026-02-24 08:32:09 | DEBUG   |   Hunter SUI/USDT:USDT rejected: grade=B (need A+)
2026-02-24 08:32:10 | DEBUG   |   Hunter SUI/USDT:USDT rejected: grade=A (need A+)
2026-02-24 08:32:10 | DEBUG   |   Hunter LA/USDT:USDT rejected: grade=C (need A+)
2026-02-24 08:32:10 | DEBUG   |   Hunter LA/USDT:USDT rejected: grade=B (need A+)
2026-02-24 08:32:10 | DEBUG   |   Hunter RAVE/USDT:USDT rejected: grade=B (need A+)
2026-02-24 08:36:59 | INFO    | 
[96m══════════════════════════════════════════════════════════[0m
2026-02-24 08:36:59 | INFO    |   🤖 [1m[97mv13pro LIVE DASHBOARD[0m    [96m🔵 SCANNING[0m
2026-02-24 08:36:59 | INFO    |   [2m2026-02-23 21:36:59 UTC[0m   [2mSession: ny[0m
2026-02-24 08:36:59 | INFO    | [96m══════════════════════════════════════════════════════════[0m
2026-02-24 08:36:59 | INFO    |   [1m💰 EQUITY[0m
2026-02-24 08:36:59 | INFO    |      Balance   [92m[1m$500.72[0m               Peak  $500.72
2026-02-24 08:36:59 | INFO    |      Growth    [92m+0.1%[0m                DD    [92m0.0%[0m
2026-02-24 08:36:59 | INFO    |      Target    $5,000       [92m██[2m░░░░░░░░░░░░░░░░░░[0m 10%
2026-02-24 08:36:59 | INFO    |      [2mPhase 2: Growth → $1K[0m
2026-02-24 08:36:59 | INFO    |   [2m──────────────────────────────────────────────────────[0m
2026-02-24 08:36:59 | INFO    |   [1m📊 TRADING[0m
2026-02-24 08:36:59 | INFO    |      Positions [97m0[0m / 7              Scans   0
2026-02-24 08:36:59 | INFO    |      Signals   0                Trades  0
2026-02-24 08:36:59 | INFO    |   [2m──────────────────────────────────────────────────────[0m
2026-02-24 08:36:59 | INFO    |   [1m🧠 INTELLIGENCE[0m
2026-02-24 08:36:59 | INFO    |      🎯 Skill     min=40  eval=107  pass=102  rej=5
2026-02-24 08:36:59 | INFO    |      📚 Learner   1 outcomes tracked
2026-02-24 08:36:59 | INFO    |      💚 Watchdog  [92mHEALTHY[0m     📡 WS  74 buffers
2026-02-24 08:36:59 | INFO    |      🔭 Hunter    14 non-portfolio signals
2026-02-24 08:36:59 | INFO    |   [2m──────────────────────────────────────────────────────[0m
2026-02-24 08:36:59 | INFO    |   [1m⚙️  CONFIG[0m
2026-02-24 08:36:59 | INFO    |      Risk       [93m3.0%[0m   Lev  [93m8x[0m   MaxPos [93m7[0m
2026-02-24 08:36:59 | INFO    |      Maker TP   [92mON[0m              Maker Entry  [92mON[0m
2026-02-24 08:36:59 | INFO    |      Combos     48                Pairs  35
2026-02-24 08:36:59 | INFO    |      Uptime     0.1h
2026-02-24 08:36:59 | INFO    | [96m══════════════════════════════════════════════════════════[0m

2026-02-24 08:37:11 | DEBUG   | Hunter: 127 liquid candidates (ex-portfolio)
2026-02-24 08:37:31 | INFO    | Hunter: found 37 signals on non-portfolio pairs
2026-02-24 08:37:32 | DEBUG   |   Hunter BTC/USDT:USDT rejected: grade=A (need A+)
2026-02-24 08:37:32 | INFO    |   >> SHORT ETH/USDT:USDT [EMA_RIB] [HUNTER] conv=80A+ qty=0.86 entry≈1859.470000 SL=1870.330000 TP=1837.750000 exit=fix2.0 risk=$9.39
2026-02-24 08:37:33 | ERROR   | Order ETH/USDT:USDT: bybit {"retCode":10001,"retMsg":"tpLimitPrice can not have a value when tpSlMode is empty","result":{},"retExtInfo":{},"time":1771882653178}
2026-02-24 08:37:33 | DEBUG   | Traceback (most recent call last):
  File "C:\Users\Azuri\Desktop\anewBot\v13pro\bot.py", line 486, in _execute_signal
    order = await ex_mod.place_limit_order(
            ^^^^^^^^^^^^^^^^^^^^^^^^^^^^^^^
        self._ex, symbol, sig.side, qty, entry_price,
        ^^^^^^^^^^^^^^^^^^^^^^^^^^^^^^^^^^^^^^^^^^^^^
        sl_price, tp_price)
        ^^^^^^^^^^^^^^^^^^^
  File "C:\Users\Azuri\Desktop\anewBot\v13pro\exchange.py", line 166, in place_limit_order
    order = await ex.create_order(symbol, "limit", side, qty, price, params=params)
            ^^^^^^^^^^^^^^^^^^^^^^^^^^^^^^^^^^^^^^^^^^^^^^^^^^^^^^^^^^^^^^^^^^^^^^^
  File "C:\Users\Azuri\Desktop\anewBot\.venv\Lib\site-packages\ccxt\async_support\bybit.py", line 3902, in create_order
    response = await self.privatePostV5OrderCreate(orderRequest)
               ^^^^^^^^^^^^^^^^^^^^^^^^^^^^^^^^^^^^^^^^^^^^^^^^^
  File "C:\Users\Azuri\Desktop\anewBot\.venv\Lib\site-packages\ccxt\async_support\base\exchange.py", line 995, in request
    return await self.fetch2(path, api, method, params, headers, body, config)
           ^^^^^^^^^^^^^^^^^^^^^^^^^^^^^^^^^^^^^^^^^^^^^^^^^^^^^^^^^^^^^^^^^^^
  File "C:\Users\Azuri\Desktop\anewBot\.venv\Lib\site-packages\ccxt\async_support\base\exchange.py", line 991, in fetch2
    raise e
  File "C:\Users\Azuri\Desktop\anewBot\.venv\Lib\site-packages\ccxt\async_support\base\exchange.py", line 979, in fetch2
    return await self.fetch(request['url'], request['method'], request['headers'], request['body'])
           ^^^^^^^^^^^^^^^^^^^^^^^^^^^^^^^^^^^^^^^^^^^^^^^^^^^^^^^^^^^^^^^^^^^^^^^^^^^^^^^^^^^^^^^^
  File "C:\Users\Azuri\Desktop\anewBot\.venv\Lib\site-packages\ccxt\async_support\base\exchange.py", line 263, in fetch
    self.handle_errors(http_status_code, http_status_text, url, method, headers, http_response, json_response, request_headers, request_body)
    ~~~~~~~~~~~~~~~~~~^^^^^^^^^^^^^^^^^^^^^^^^^^^^^^^^^^^^^^^^^^^^^^^^^^^^^^^^^^^^^^^^^^^^^^^^^^^^^^^^^^^^^^^^^^^^^^^^^^^^^^^^^^^^^^^^^^^^^^^
  File "C:\Users\Azuri\Desktop\anewBot\.venv\Lib\site-packages\ccxt\async_support\bybit.py", line 9158, in handle_errors
    self.throw_exactly_matched_exception(self.exceptions['exact'], errorCode, feedback)
    ~~~~~~~~~~~~~~~~~~~~~~~~~~~~~~~~~~~~^^^^^^^^^^^^^^^^^^^^^^^^^^^^^^^^^^^^^^^^^^^^^^^
  File "C:\Users\Azuri\Desktop\anewBot\.venv\Lib\site-packages\ccxt\base\exchange.py", line 5435, in throw_exactly_matched_exception
    raise exact[string](message)
ccxt.base.errors.BadRequest: bybit {"retCode":10001,"retMsg":"tpLimitPrice can not have a value when tpSlMode is empty","result":{},"retExtInfo":{},"time":1771882653178}

2026-02-24 08:37:33 | INFO    |   >> SHORT ETH/USDT:USDT [TR_PULL] [HUNTER] conv=81A+ qty=0.86 entry≈1859.470000 SL=1870.330000 TP=1837.750000 exit=fix2.0 risk=$9.39
2026-02-24 08:37:34 | ERROR   | Order ETH/USDT:USDT: bybit {"retCode":10001,"retMsg":"tpLimitPrice can not have a value when tpSlMode is empty","result":{},"retExtInfo":{},"time":1771882654348}
2026-02-24 08:37:34 | DEBUG   | Traceback (most recent call last):
  File "C:\Users\Azuri\Desktop\anewBot\v13pro\bot.py", line 486, in _execute_signal
    order = await ex_mod.place_limit_order(
            ^^^^^^^^^^^^^^^^^^^^^^^^^^^^^^^
        self._ex, symbol, sig.side, qty, entry_price,
        ^^^^^^^^^^^^^^^^^^^^^^^^^^^^^^^^^^^^^^^^^^^^^
        sl_price, tp_price)
        ^^^^^^^^^^^^^^^^^^^
  File "C:\Users\Azuri\Desktop\anewBot\v13pro\exchange.py", line 166, in place_limit_order
    order = await ex.create_order(symbol, "limit", side, qty, price, params=params)
            ^^^^^^^^^^^^^^^^^^^^^^^^^^^^^^^^^^^^^^^^^^^^^^^^^^^^^^^^^^^^^^^^^^^^^^^
  File "C:\Users\Azuri\Desktop\anewBot\.venv\Lib\site-packages\ccxt\async_support\bybit.py", line 3902, in create_order
    response = await self.privatePostV5OrderCreate(orderRequest)
               ^^^^^^^^^^^^^^^^^^^^^^^^^^^^^^^^^^^^^^^^^^^^^^^^^
  File "C:\Users\Azuri\Desktop\anewBot\.venv\Lib\site-packages\ccxt\async_support\base\exchange.py", line 995, in request
    return await self.fetch2(path, api, method, params, headers, body, config)
           ^^^^^^^^^^^^^^^^^^^^^^^^^^^^^^^^^^^^^^^^^^^^^^^^^^^^^^^^^^^^^^^^^^^
  File "C:\Users\Azuri\Desktop\anewBot\.venv\Lib\site-packages\ccxt\async_support\base\exchange.py", line 991, in fetch2
    raise e
  File "C:\Users\Azuri\Desktop\anewBot\.venv\Lib\site-packages\ccxt\async_support\base\exchange.py", line 979, in fetch2
    return await self.fetch(request['url'], request['method'], request['headers'], request['body'])
           ^^^^^^^^^^^^^^^^^^^^^^^^^^^^^^^^^^^^^^^^^^^^^^^^^^^^^^^^^^^^^^^^^^^^^^^^^^^^^^^^^^^^^^^^
  File "C:\Users\Azuri\Desktop\anewBot\.venv\Lib\site-packages\ccxt\async_support\base\exchange.py", line 263, in fetch
    self.handle_errors(http_status_code, http_status_text, url, method, headers, http_response, json_response, request_headers, request_body)
    ~~~~~~~~~~~~~~~~~~^^^^^^^^^^^^^^^^^^^^^^^^^^^^^^^^^^^^^^^^^^^^^^^^^^^^^^^^^^^^^^^^^^^^^^^^^^^^^^^^^^^^^^^^^^^^^^^^^^^^^^^^^^^^^^^^^^^^^^^
  File "C:\Users\Azuri\Desktop\anewBot\.venv\Lib\site-packages\ccxt\async_support\bybit.py", line 9158, in handle_errors
    self.throw_exactly_matched_exception(self.exceptions['exact'], errorCode, feedback)
    ~~~~~~~~~~~~~~~~~~~~~~~~~~~~~~~~~~~~^^^^^^^^^^^^^^^^^^^^^^^^^^^^^^^^^^^^^^^^^^^^^^^
  File "C:\Users\Azuri\Desktop\anewBot\.venv\Lib\site-packages\ccxt\base\exchange.py", line 5435, in throw_exactly_matched_exception
    raise exact[string](message)
ccxt.base.errors.BadRequest: bybit {"retCode":10001,"retMsg":"tpLimitPrice can not have a value when tpSlMode is empty","result":{},"retExtInfo":{},"time":1771882654348}

2026-02-24 08:37:34 | INFO    |   >> SHORT SOL/USDT:USDT [EMA_RIB] [HUNTER] conv=80A+ qty=18.4 entry≈78.220000 SL=78.730000 TP=77.200000 exit=fix2.0 risk=$9.39
2026-02-24 08:37:35 | ERROR   | Order SOL/USDT:USDT: bybit {"retCode":10001,"retMsg":"tpLimitPrice can not have a value when tpSlMode is empty","result":{},"retExtInfo":{},"time":1771882655562}
2026-02-24 08:37:35 | DEBUG   | Traceback (most recent call last):
  File "C:\Users\Azuri\Desktop\anewBot\v13pro\bot.py", line 486, in _execute_signal
    order = await ex_mod.place_limit_order(
            ^^^^^^^^^^^^^^^^^^^^^^^^^^^^^^^
        self._ex, symbol, sig.side, qty, entry_price,
        ^^^^^^^^^^^^^^^^^^^^^^^^^^^^^^^^^^^^^^^^^^^^^
        sl_price, tp_price)
        ^^^^^^^^^^^^^^^^^^^
  File "C:\Users\Azuri\Desktop\anewBot\v13pro\exchange.py", line 166, in place_limit_order
    order = await ex.create_order(symbol, "limit", side, qty, price, params=params)
            ^^^^^^^^^^^^^^^^^^^^^^^^^^^^^^^^^^^^^^^^^^^^^^^^^^^^^^^^^^^^^^^^^^^^^^^
  File "C:\Users\Azuri\Desktop\anewBot\.venv\Lib\site-packages\ccxt\async_support\bybit.py", line 3902, in create_order
    response = await self.privatePostV5OrderCreate(orderRequest)
               ^^^^^^^^^^^^^^^^^^^^^^^^^^^^^^^^^^^^^^^^^^^^^^^^^
  File "C:\Users\Azuri\Desktop\anewBot\.venv\Lib\site-packages\ccxt\async_support\base\exchange.py", line 995, in request
    return await self.fetch2(path, api, method, params, headers, body, config)
           ^^^^^^^^^^^^^^^^^^^^^^^^^^^^^^^^^^^^^^^^^^^^^^^^^^^^^^^^^^^^^^^^^^^
  File "C:\Users\Azuri\Desktop\anewBot\.venv\Lib\site-packages\ccxt\async_support\base\exchange.py", line 991, in fetch2
    raise e
  File "C:\Users\Azuri\Desktop\anewBot\.venv\Lib\site-packages\ccxt\async_support\base\exchange.py", line 979, in fetch2
    return await self.fetch(request['url'], request['method'], request['headers'], request['body'])
           ^^^^^^^^^^^^^^^^^^^^^^^^^^^^^^^^^^^^^^^^^^^^^^^^^^^^^^^^^^^^^^^^^^^^^^^^^^^^^^^^^^^^^^^^
  File "C:\Users\Azuri\Desktop\anewBot\.venv\Lib\site-packages\ccxt\async_support\base\exchange.py", line 263, in fetch
    self.handle_errors(http_status_code, http_status_text, url, method, headers, http_response, json_response, request_headers, request_body)
    ~~~~~~~~~~~~~~~~~~^^^^^^^^^^^^^^^^^^^^^^^^^^^^^^^^^^^^^^^^^^^^^^^^^^^^^^^^^^^^^^^^^^^^^^^^^^^^^^^^^^^^^^^^^^^^^^^^^^^^^^^^^^^^^^^^^^^^^^^
  File "C:\Users\Azuri\Desktop\anewBot\.venv\Lib\site-packages\ccxt\async_support\bybit.py", line 9158, in handle_errors
    self.throw_exactly_matched_exception(self.exceptions['exact'], errorCode, feedback)
    ~~~~~~~~~~~~~~~~~~~~~~~~~~~~~~~~~~~~^^^^^^^^^^^^^^^^^^^^^^^^^^^^^^^^^^^^^^^^^^^^^^^
  File "C:\Users\Azuri\Desktop\anewBot\.venv\Lib\site-packages\ccxt\base\exchange.py", line 5435, in throw_exactly_matched_exception
    raise exact[string](message)
ccxt.base.errors.BadRequest: bybit {"retCode":10001,"retMsg":"tpLimitPrice can not have a value when tpSlMode is empty","result":{},"retExtInfo":{},"time":1771882655562}

2026-02-24 08:37:35 | INFO    |   >> SHORT SOL/USDT:USDT [TR_PULL] [HUNTER] conv=80A+ qty=18.4 entry≈78.220000 SL=78.730000 TP=77.200000 exit=fix2.0 risk=$9.39
2026-02-24 08:37:36 | ERROR   | Order SOL/USDT:USDT: bybit {"retCode":10001,"retMsg":"tpLimitPrice can not have a value when tpSlMode is empty","result":{},"retExtInfo":{},"time":1771882656507}
2026-02-24 08:37:36 | DEBUG   | Traceback (most recent call last):
  File "C:\Users\Azuri\Desktop\anewBot\v13pro\bot.py", line 486, in _execute_signal
    order = await ex_mod.place_limit_order(
            ^^^^^^^^^^^^^^^^^^^^^^^^^^^^^^^
        self._ex, symbol, sig.side, qty, entry_price,
        ^^^^^^^^^^^^^^^^^^^^^^^^^^^^^^^^^^^^^^^^^^^^^
        sl_price, tp_price)
        ^^^^^^^^^^^^^^^^^^^
  File "C:\Users\Azuri\Desktop\anewBot\v13pro\exchange.py", line 166, in place_limit_order
    order = await ex.create_order(symbol, "limit", side, qty, price, params=params)
            ^^^^^^^^^^^^^^^^^^^^^^^^^^^^^^^^^^^^^^^^^^^^^^^^^^^^^^^^^^^^^^^^^^^^^^^
  File "C:\Users\Azuri\Desktop\anewBot\.venv\Lib\site-packages\ccxt\async_support\bybit.py", line 3902, in create_order
    response = await self.privatePostV5OrderCreate(orderRequest)
               ^^^^^^^^^^^^^^^^^^^^^^^^^^^^^^^^^^^^^^^^^^^^^^^^^
  File "C:\Users\Azuri\Desktop\anewBot\.venv\Lib\site-packages\ccxt\async_support\base\exchange.py", line 995, in request
    return await self.fetch2(path, api, method, params, headers, body, config)
           ^^^^^^^^^^^^^^^^^^^^^^^^^^^^^^^^^^^^^^^^^^^^^^^^^^^^^^^^^^^^^^^^^^^
  File "C:\Users\Azuri\Desktop\anewBot\.venv\Lib\site-packages\ccxt\async_support\base\exchange.py", line 991, in fetch2
    raise e
  File "C:\Users\Azuri\Desktop\anewBot\.venv\Lib\site-packages\ccxt\async_support\base\exchange.py", line 979, in fetch2
    return await self.fetch(request['url'], request['method'], request['headers'], request['body'])
           ^^^^^^^^^^^^^^^^^^^^^^^^^^^^^^^^^^^^^^^^^^^^^^^^^^^^^^^^^^^^^^^^^^^^^^^^^^^^^^^^^^^^^^^^
  File "C:\Users\Azuri\Desktop\anewBot\.venv\Lib\site-packages\ccxt\async_support\base\exchange.py", line 263, in fetch
    self.handle_errors(http_status_code, http_status_text, url, method, headers, http_response, json_response, request_headers, request_body)
    ~~~~~~~~~~~~~~~~~~^^^^^^^^^^^^^^^^^^^^^^^^^^^^^^^^^^^^^^^^^^^^^^^^^^^^^^^^^^^^^^^^^^^^^^^^^^^^^^^^^^^^^^^^^^^^^^^^^^^^^^^^^^^^^^^^^^^^^^^
  File "C:\Users\Azuri\Desktop\anewBot\.venv\Lib\site-packages\ccxt\async_support\bybit.py", line 9158, in handle_errors
    self.throw_exactly_matched_exception(self.exceptions['exact'], errorCode, feedback)
    ~~~~~~~~~~~~~~~~~~~~~~~~~~~~~~~~~~~~^^^^^^^^^^^^^^^^^^^^^^^^^^^^^^^^^^^^^^^^^^^^^^^
  File "C:\Users\Azuri\Desktop\anewBot\.venv\Lib\site-packages\ccxt\base\exchange.py", line 5435, in throw_exactly_matched_exception
    raise exact[string](message)
ccxt.base.errors.BadRequest: bybit {"retCode":10001,"retMsg":"tpLimitPrice can not have a value when tpSlMode is empty","result":{},"retExtInfo":{},"time":1771882656507}

2026-02-24 08:37:36 | DEBUG   |   Hunter XRP/USDT:USDT rejected: grade=A (need A+)
2026-02-24 08:37:36 | DEBUG   |   Hunter XRP/USDT:USDT rejected: grade=A (need A+)
2026-02-24 08:37:37 | DEBUG   |   Hunter HYPE/USDT:USDT rejected: grade=A (need A+)
2026-02-24 08:37:37 | DEBUG   |   Hunter HYPE/USDT:USDT rejected: grade=A (need A+)
2026-02-24 08:37:37 | DEBUG   |   Hunter XAUT/USDT:USDT rejected: grade=A (need A+)
2026-02-24 08:37:37 | DEBUG   |   Hunter PIPPIN/USDT:USDT rejected: grade=A (need A+)
2026-02-24 08:37:38 | DEBUG   |   Hunter PIPPIN/USDT:USDT rejected: grade=A (need A+)
2026-02-24 08:37:38 | DEBUG   |   Hunter PIPPIN/USDT:USDT rejected: grade=B (need A+)
2026-02-24 08:37:39 | DEBUG   |   Hunter AGLD/USDT:USDT rejected: grade=B (need A+)
2026-02-24 08:37:39 | DEBUG   |   Hunter AGLD/USDT:USDT rejected: grade=B (need A+)
2026-02-24 08:37:40 | INFO    |   >> SHORT FARTCOIN/USDT:USDT [EMA_RIB] [HUNTER] conv=80A+ qty=5783.0 entry≈0.148660 SL=0.150280 TP=0.145410 exit=fix2.0 risk=$9.39
2026-02-24 08:37:41 | ERROR   | Order FARTCOIN/USDT:USDT: bybit {"retCode":10001,"retMsg":"tpLimitPrice can not have a value when tpSlMode is empty","result":{},"retExtInfo":{},"time":1771882661672}
2026-02-24 08:37:41 | DEBUG   | Traceback (most recent call last):
  File "C:\Users\Azuri\Desktop\anewBot\v13pro\bot.py", line 486, in _execute_signal
    order = await ex_mod.place_limit_order(
            ^^^^^^^^^^^^^^^^^^^^^^^^^^^^^^^
        self._ex, symbol, sig.side, qty, entry_price,
        ^^^^^^^^^^^^^^^^^^^^^^^^^^^^^^^^^^^^^^^^^^^^^
        sl_price, tp_price)
        ^^^^^^^^^^^^^^^^^^^
  File "C:\Users\Azuri\Desktop\anewBot\v13pro\exchange.py", line 166, in place_limit_order
    order = await ex.create_order(symbol, "limit", side, qty, price, params=params)
            ^^^^^^^^^^^^^^^^^^^^^^^^^^^^^^^^^^^^^^^^^^^^^^^^^^^^^^^^^^^^^^^^^^^^^^^
  File "C:\Users\Azuri\Desktop\anewBot\.venv\Lib\site-packages\ccxt\async_support\bybit.py", line 3902, in create_order
    response = await self.privatePostV5OrderCreate(orderRequest)
               ^^^^^^^^^^^^^^^^^^^^^^^^^^^^^^^^^^^^^^^^^^^^^^^^^
  File "C:\Users\Azuri\Desktop\anewBot\.venv\Lib\site-packages\ccxt\async_support\base\exchange.py", line 995, in request
    return await self.fetch2(path, api, method, params, headers, body, config)
           ^^^^^^^^^^^^^^^^^^^^^^^^^^^^^^^^^^^^^^^^^^^^^^^^^^^^^^^^^^^^^^^^^^^
  File "C:\Users\Azuri\Desktop\anewBot\.venv\Lib\site-packages\ccxt\async_support\base\exchange.py", line 991, in fetch2
    raise e
  File "C:\Users\Azuri\Desktop\anewBot\.venv\Lib\site-packages\ccxt\async_support\base\exchange.py", line 979, in fetch2
    return await self.fetch(request['url'], request['method'], request['headers'], request['body'])
           ^^^^^^^^^^^^^^^^^^^^^^^^^^^^^^^^^^^^^^^^^^^^^^^^^^^^^^^^^^^^^^^^^^^^^^^^^^^^^^^^^^^^^^^^
  File "C:\Users\Azuri\Desktop\anewBot\.venv\Lib\site-packages\ccxt\async_support\base\exchange.py", line 263, in fetch
    self.handle_errors(http_status_code, http_status_text, url, method, headers, http_response, json_response, request_headers, request_body)
    ~~~~~~~~~~~~~~~~~~^^^^^^^^^^^^^^^^^^^^^^^^^^^^^^^^^^^^^^^^^^^^^^^^^^^^^^^^^^^^^^^^^^^^^^^^^^^^^^^^^^^^^^^^^^^^^^^^^^^^^^^^^^^^^^^^^^^^^^^
  File "C:\Users\Azuri\Desktop\anewBot\.venv\Lib\site-packages\ccxt\async_support\bybit.py", line 9158, in handle_errors
    self.throw_exactly_matched_exception(self.exceptions['exact'], errorCode, feedback)
    ~~~~~~~~~~~~~~~~~~~~~~~~~~~~~~~~~~~~^^^^^^^^^^^^^^^^^^^^^^^^^^^^^^^^^^^^^^^^^^^^^^^
  File "C:\Users\Azuri\Desktop\anewBot\.venv\Lib\site-packages\ccxt\base\exchange.py", line 5435, in throw_exactly_matched_exception
    raise exact[string](message)
ccxt.base.errors.BadRequest: bybit {"retCode":10001,"retMsg":"tpLimitPrice can not have a value when tpSlMode is empty","result":{},"retExtInfo":{},"time":1771882661672}

2026-02-24 08:37:41 | INFO    |   >> SHORT FARTCOIN/USDT:USDT [IB_BREAK] [HUNTER] conv=80A+ qty=5783.0 entry≈0.148660 SL=0.150280 TP=0.145410 exit=fix2.0 risk=$9.39
2026-02-24 08:37:43 | ERROR   | Order FARTCOIN/USDT:USDT: bybit {"retCode":10001,"retMsg":"tpLimitPrice can not have a value when tpSlMode is empty","result":{},"retExtInfo":{},"time":1771882663505}
2026-02-24 08:37:43 | DEBUG   | Traceback (most recent call last):
  File "C:\Users\Azuri\Desktop\anewBot\v13pro\bot.py", line 486, in _execute_signal
    order = await ex_mod.place_limit_order(
            ^^^^^^^^^^^^^^^^^^^^^^^^^^^^^^^
        self._ex, symbol, sig.side, qty, entry_price,
        ^^^^^^^^^^^^^^^^^^^^^^^^^^^^^^^^^^^^^^^^^^^^^
        sl_price, tp_price)
        ^^^^^^^^^^^^^^^^^^^
  File "C:\Users\Azuri\Desktop\anewBot\v13pro\exchange.py", line 166, in place_limit_order
    order = await ex.create_order(symbol, "limit", side, qty, price, params=params)
            ^^^^^^^^^^^^^^^^^^^^^^^^^^^^^^^^^^^^^^^^^^^^^^^^^^^^^^^^^^^^^^^^^^^^^^^
  File "C:\Users\Azuri\Desktop\anewBot\.venv\Lib\site-packages\ccxt\async_support\bybit.py", line 3902, in create_order
    response = await self.privatePostV5OrderCreate(orderRequest)
               ^^^^^^^^^^^^^^^^^^^^^^^^^^^^^^^^^^^^^^^^^^^^^^^^^
  File "C:\Users\Azuri\Desktop\anewBot\.venv\Lib\site-packages\ccxt\async_support\base\exchange.py", line 995, in request
    return await self.fetch2(path, api, method, params, headers, body, config)
           ^^^^^^^^^^^^^^^^^^^^^^^^^^^^^^^^^^^^^^^^^^^^^^^^^^^^^^^^^^^^^^^^^^^
  File "C:\Users\Azuri\Desktop\anewBot\.venv\Lib\site-packages\ccxt\async_support\base\exchange.py", line 991, in fetch2
    raise e
  File "C:\Users\Azuri\Desktop\anewBot\.venv\Lib\site-packages\ccxt\async_support\base\exchange.py", line 979, in fetch2
    return await self.fetch(request['url'], request['method'], request['headers'], request['body'])
           ^^^^^^^^^^^^^^^^^^^^^^^^^^^^^^^^^^^^^^^^^^^^^^^^^^^^^^^^^^^^^^^^^^^^^^^^^^^^^^^^^^^^^^^^
  File "C:\Users\Azuri\Desktop\anewBot\.venv\Lib\site-packages\ccxt\async_support\base\exchange.py", line 263, in fetch
    self.handle_errors(http_status_code, http_status_text, url, method, headers, http_response, json_response, request_headers, request_body)
    ~~~~~~~~~~~~~~~~~~^^^^^^^^^^^^^^^^^^^^^^^^^^^^^^^^^^^^^^^^^^^^^^^^^^^^^^^^^^^^^^^^^^^^^^^^^^^^^^^^^^^^^^^^^^^^^^^^^^^^^^^^^^^^^^^^^^^^^^^
  File "C:\Users\Azuri\Desktop\anewBot\.venv\Lib\site-packages\ccxt\async_support\bybit.py", line 9158, in handle_errors
    self.throw_exactly_matched_exception(self.exceptions['exact'], errorCode, feedback)
    ~~~~~~~~~~~~~~~~~~~~~~~~~~~~~~~~~~~~^^^^^^^^^^^^^^^^^^^^^^^^^^^^^^^^^^^^^^^^^^^^^^^
  File "C:\Users\Azuri\Desktop\anewBot\.venv\Lib\site-packages\ccxt\base\exchange.py", line 5435, in throw_exactly_matched_exception
    raise exact[string](message)
ccxt.base.errors.BadRequest: bybit {"retCode":10001,"retMsg":"tpLimitPrice can not have a value when tpSlMode is empty","result":{},"retExtInfo":{},"time":1771882663505}

2026-02-24 08:37:44 | INFO    |   >> SHORT FARTCOIN/USDT:USDT [TR_PULL] [HUNTER] conv=80A+ qty=5783.0 entry≈0.148660 SL=0.150280 TP=0.145410 exit=fix2.0 risk=$9.39
2026-02-24 08:37:44 | ERROR   | Order FARTCOIN/USDT:USDT: bybit {"retCode":10001,"retMsg":"tpLimitPrice can not have a value when tpSlMode is empty","result":{},"retExtInfo":{},"time":1771882664973}
2026-02-24 08:37:44 | DEBUG   | Traceback (most recent call last):
  File "C:\Users\Azuri\Desktop\anewBot\v13pro\bot.py", line 486, in _execute_signal
    order = await ex_mod.place_limit_order(
            ^^^^^^^^^^^^^^^^^^^^^^^^^^^^^^^
        self._ex, symbol, sig.side, qty, entry_price,
        ^^^^^^^^^^^^^^^^^^^^^^^^^^^^^^^^^^^^^^^^^^^^^
        sl_price, tp_price)
        ^^^^^^^^^^^^^^^^^^^
  File "C:\Users\Azuri\Desktop\anewBot\v13pro\exchange.py", line 166, in place_limit_order
    order = await ex.create_order(symbol, "limit", side, qty, price, params=params)
            ^^^^^^^^^^^^^^^^^^^^^^^^^^^^^^^^^^^^^^^^^^^^^^^^^^^^^^^^^^^^^^^^^^^^^^^
  File "C:\Users\Azuri\Desktop\anewBot\.venv\Lib\site-packages\ccxt\async_support\bybit.py", line 3902, in create_order
    response = await self.privatePostV5OrderCreate(orderRequest)
               ^^^^^^^^^^^^^^^^^^^^^^^^^^^^^^^^^^^^^^^^^^^^^^^^^
  File "C:\Users\Azuri\Desktop\anewBot\.venv\Lib\site-packages\ccxt\async_support\base\exchange.py", line 995, in request
    return await self.fetch2(path, api, method, params, headers, body, config)
           ^^^^^^^^^^^^^^^^^^^^^^^^^^^^^^^^^^^^^^^^^^^^^^^^^^^^^^^^^^^^^^^^^^^
  File "C:\Users\Azuri\Desktop\anewBot\.venv\Lib\site-packages\ccxt\async_support\base\exchange.py", line 991, in fetch2
    raise e
  File "C:\Users\Azuri\Desktop\anewBot\.venv\Lib\site-packages\ccxt\async_support\base\exchange.py", line 979, in fetch2
    return await self.fetch(request['url'], request['method'], request['headers'], request['body'])
           ^^^^^^^^^^^^^^^^^^^^^^^^^^^^^^^^^^^^^^^^^^^^^^^^^^^^^^^^^^^^^^^^^^^^^^^^^^^^^^^^^^^^^^^^
  File "C:\Users\Azuri\Desktop\anewBot\.venv\Lib\site-packages\ccxt\async_support\base\exchange.py", line 263, in fetch
    self.handle_errors(http_status_code, http_status_text, url, method, headers, http_response, json_response, request_headers, request_body)
    ~~~~~~~~~~~~~~~~~~^^^^^^^^^^^^^^^^^^^^^^^^^^^^^^^^^^^^^^^^^^^^^^^^^^^^^^^^^^^^^^^^^^^^^^^^^^^^^^^^^^^^^^^^^^^^^^^^^^^^^^^^^^^^^^^^^^^^^^^
  File "C:\Users\Azuri\Desktop\anewBot\.venv\Lib\site-packages\ccxt\async_support\bybit.py", line 9158, in handle_errors
    self.throw_exactly_matched_exception(self.exceptions['exact'], errorCode, feedback)
    ~~~~~~~~~~~~~~~~~~~~~~~~~~~~~~~~~~~~^^^^^^^^^^^^^^^^^^^^^^^^^^^^^^^^^^^^^^^^^^^^^^^
  File "C:\Users\Azuri\Desktop\anewBot\.venv\Lib\site-packages\ccxt\base\exchange.py", line 5435, in throw_exactly_matched_exception
    raise exact[string](message)
ccxt.base.errors.BadRequest: bybit {"retCode":10001,"retMsg":"tpLimitPrice can not have a value when tpSlMode is empty","result":{},"retExtInfo":{},"time":1771882664973}

2026-02-24 08:37:44 | DEBUG   |   Hunter FARTCOIN/USDT:USDT rejected: grade=C (need A+)
2026-02-24 08:37:45 | DEBUG   |   Hunter BNB/USDT:USDT rejected: grade=A (need A+)
2026-02-24 08:37:45 | DEBUG   |   Hunter BNB/USDT:USDT rejected: grade=A (need A+)
2026-02-24 08:37:45 | DEBUG   |   Hunter ADA/USDT:USDT rejected: grade=A (need A+)
2026-02-24 08:37:46 | DEBUG   |   Hunter ADA/USDT:USDT rejected: grade=A (need A+)
2026-02-24 08:37:46 | DEBUG   |   Hunter SUI/USDT:USDT rejected: grade=A (need A+)
2026-02-24 08:37:46 | DEBUG   |   Hunter SUI/USDT:USDT rejected: grade=A (need A+)
2026-02-24 08:37:47 | DEBUG   |   Hunter SUI/USDT:USDT rejected: grade=A (need A+)
2026-02-24 08:37:47 | DEBUG   |   Hunter SUI/USDT:USDT rejected: grade=A (need A+)
2026-02-24 08:37:47 | DEBUG   |   Hunter LA/USDT:USDT rejected: grade=B (need A+)
2026-02-24 08:37:48 | DEBUG   |   Hunter LA/USDT:USDT rejected: grade=B (need A+)
2026-02-24 08:37:48 | DEBUG   |   Hunter LA/USDT:USDT rejected: grade=B (need A+)
2026-02-24 08:37:48 | DEBUG   |   Hunter ZEC/USDT:USDT rejected: grade=A (need A+)
2026-02-24 08:37:48 | DEBUG   |   Hunter ZEC/USDT:USDT rejected: grade=A (need A+)
2026-02-24 08:37:49 | DEBUG   |   Hunter RAVE/USDT:USDT rejected: grade=C (need A+)
2026-02-24 08:37:49 | INFO    |   >> SHORT AVAX/USDT:USDT [EMA_RIB] [HUNTER] conv=81A+ qty=177.6 entry≈8.364000 SL=8.417000 TP=8.258000 exit=fix2.0 risk=$9.39
2026-02-24 08:37:50 | ERROR   | Order AVAX/USDT:USDT: bybit {"retCode":10001,"retMsg":"tpLimitPrice can not have a value when tpSlMode is empty","result":{},"retExtInfo":{},"time":1771882670705}
2026-02-24 08:37:50 | DEBUG   | Traceback (most recent call last):
  File "C:\Users\Azuri\Desktop\anewBot\v13pro\bot.py", line 486, in _execute_signal
    order = await ex_mod.place_limit_order(
            ^^^^^^^^^^^^^^^^^^^^^^^^^^^^^^^
        self._ex, symbol, sig.side, qty, entry_price,
        ^^^^^^^^^^^^^^^^^^^^^^^^^^^^^^^^^^^^^^^^^^^^^
        sl_price, tp_price)
        ^^^^^^^^^^^^^^^^^^^
  File "C:\Users\Azuri\Desktop\anewBot\v13pro\exchange.py", line 166, in place_limit_order
    order = await ex.create_order(symbol, "limit", side, qty, price, params=params)
            ^^^^^^^^^^^^^^^^^^^^^^^^^^^^^^^^^^^^^^^^^^^^^^^^^^^^^^^^^^^^^^^^^^^^^^^
  File "C:\Users\Azuri\Desktop\anewBot\.venv\Lib\site-packages\ccxt\async_support\bybit.py", line 3902, in create_order
    response = await self.privatePostV5OrderCreate(orderRequest)
               ^^^^^^^^^^^^^^^^^^^^^^^^^^^^^^^^^^^^^^^^^^^^^^^^^
  File "C:\Users\Azuri\Desktop\anewBot\.venv\Lib\site-packages\ccxt\async_support\base\exchange.py", line 995, in request
    return await self.fetch2(path, api, method, params, headers, body, config)
           ^^^^^^^^^^^^^^^^^^^^^^^^^^^^^^^^^^^^^^^^^^^^^^^^^^^^^^^^^^^^^^^^^^^
  File "C:\Users\Azuri\Desktop\anewBot\.venv\Lib\site-packages\ccxt\async_support\base\exchange.py", line 991, in fetch2
    raise e
  File "C:\Users\Azuri\Desktop\anewBot\.venv\Lib\site-packages\ccxt\async_support\base\exchange.py", line 979, in fetch2
    return await self.fetch(request['url'], request['method'], request['headers'], request['body'])
           ^^^^^^^^^^^^^^^^^^^^^^^^^^^^^^^^^^^^^^^^^^^^^^^^^^^^^^^^^^^^^^^^^^^^^^^^^^^^^^^^^^^^^^^^
  File "C:\Users\Azuri\Desktop\anewBot\.venv\Lib\site-packages\ccxt\async_support\base\exchange.py", line 263, in fetch
    self.handle_errors(http_status_code, http_status_text, url, method, headers, http_response, json_response, request_headers, request_body)
    ~~~~~~~~~~~~~~~~~~^^^^^^^^^^^^^^^^^^^^^^^^^^^^^^^^^^^^^^^^^^^^^^^^^^^^^^^^^^^^^^^^^^^^^^^^^^^^^^^^^^^^^^^^^^^^^^^^^^^^^^^^^^^^^^^^^^^^^^^
  File "C:\Users\Azuri\Desktop\anewBot\.venv\Lib\site-packages\ccxt\async_support\bybit.py", line 9158, in handle_errors
    self.throw_exactly_matched_exception(self.exceptions['exact'], errorCode, feedback)
    ~~~~~~~~~~~~~~~~~~~~~~~~~~~~~~~~~~~~^^^^^^^^^^^^^^^^^^^^^^^^^^^^^^^^^^^^^^^^^^^^^^^
  File "C:\Users\Azuri\Desktop\anewBot\.venv\Lib\site-packages\ccxt\base\exchange.py", line 5435, in throw_exactly_matched_exception
    raise exact[string](message)
ccxt.base.errors.BadRequest: bybit {"retCode":10001,"retMsg":"tpLimitPrice can not have a value when tpSlMode is empty","result":{},"retExtInfo":{},"time":1771882670705}

2026-02-24 08:37:50 | INFO    |   >> SHORT AVAX/USDT:USDT [TR_PULL] [HUNTER] conv=81A+ qty=177.6 entry≈8.364000 SL=8.417000 TP=8.258000 exit=fix2.0 risk=$9.39
2026-02-24 08:37:51 | ERROR   | Order AVAX/USDT:USDT: bybit {"retCode":10001,"retMsg":"tpLimitPrice can not have a value when tpSlMode is empty","result":{},"retExtInfo":{},"time":1771882672047}
2026-02-24 08:37:51 | DEBUG   | Traceback (most recent call last):
  File "C:\Users\Azuri\Desktop\anewBot\v13pro\bot.py", line 486, in _execute_signal
    order = await ex_mod.place_limit_order(
            ^^^^^^^^^^^^^^^^^^^^^^^^^^^^^^^
        self._ex, symbol, sig.side, qty, entry_price,
        ^^^^^^^^^^^^^^^^^^^^^^^^^^^^^^^^^^^^^^^^^^^^^
        sl_price, tp_price)
        ^^^^^^^^^^^^^^^^^^^
  File "C:\Users\Azuri\Desktop\anewBot\v13pro\exchange.py", line 166, in place_limit_order
    order = await ex.create_order(symbol, "limit", side, qty, price, params=params)
            ^^^^^^^^^^^^^^^^^^^^^^^^^^^^^^^^^^^^^^^^^^^^^^^^^^^^^^^^^^^^^^^^^^^^^^^
  File "C:\Users\Azuri\Desktop\anewBot\.venv\Lib\site-packages\ccxt\async_support\bybit.py", line 3902, in create_order
    response = await self.privatePostV5OrderCreate(orderRequest)
               ^^^^^^^^^^^^^^^^^^^^^^^^^^^^^^^^^^^^^^^^^^^^^^^^^
  File "C:\Users\Azuri\Desktop\anewBot\.venv\Lib\site-packages\ccxt\async_support\base\exchange.py", line 995, in request
    return await self.fetch2(path, api, method, params, headers, body, config)
           ^^^^^^^^^^^^^^^^^^^^^^^^^^^^^^^^^^^^^^^^^^^^^^^^^^^^^^^^^^^^^^^^^^^
  File "C:\Users\Azuri\Desktop\anewBot\.venv\Lib\site-packages\ccxt\async_support\base\exchange.py", line 991, in fetch2
    raise e
  File "C:\Users\Azuri\Desktop\anewBot\.venv\Lib\site-packages\ccxt\async_support\base\exchange.py", line 979, in fetch2
    return await self.fetch(request['url'], request['method'], request['headers'], request['body'])
           ^^^^^^^^^^^^^^^^^^^^^^^^^^^^^^^^^^^^^^^^^^^^^^^^^^^^^^^^^^^^^^^^^^^^^^^^^^^^^^^^^^^^^^^^
  File "C:\Users\Azuri\Desktop\anewBot\.venv\Lib\site-packages\ccxt\async_support\base\exchange.py", line 263, in fetch
    self.handle_errors(http_status_code, http_status_text, url, method, headers, http_response, json_response, request_headers, request_body)
    ~~~~~~~~~~~~~~~~~~^^^^^^^^^^^^^^^^^^^^^^^^^^^^^^^^^^^^^^^^^^^^^^^^^^^^^^^^^^^^^^^^^^^^^^^^^^^^^^^^^^^^^^^^^^^^^^^^^^^^^^^^^^^^^^^^^^^^^^^
  File "C:\Users\Azuri\Desktop\anewBot\.venv\Lib\site-packages\ccxt\async_support\bybit.py", line 9158, in handle_errors
    self.throw_exactly_matched_exception(self.exceptions['exact'], errorCode, feedback)
    ~~~~~~~~~~~~~~~~~~~~~~~~~~~~~~~~~~~~^^^^^^^^^^^^^^^^^^^^^^^^^^^^^^^^^^^^^^^^^^^^^^^
  File "C:\Users\Azuri\Desktop\anewBot\.venv\Lib\site-packages\ccxt\base\exchange.py", line 5435, in throw_exactly_matched_exception
    raise exact[string](message)
ccxt.base.errors.BadRequest: bybit {"retCode":10001,"retMsg":"tpLimitPrice can not have a value when tpSlMode is empty","result":{},"retExtInfo":{},"time":1771882672047}

2026-02-24 08:42:00 | INFO    | 
[96m══════════════════════════════════════════════════════════[0m
2026-02-24 08:42:00 | INFO    |   🤖 [1m[97mv13pro LIVE DASHBOARD[0m    [96m🔵 SCANNING[0m
2026-02-24 08:42:00 | INFO    |   [2m2026-02-23 21:42:00 UTC[0m   [2mSession: ny[0m
2026-02-24 08:42:00 | INFO    | [96m══════════════════════════════════════════════════════════[0m
2026-02-24 08:42:00 | INFO    |   [1m💰 EQUITY[0m
2026-02-24 08:42:00 | INFO    |      Balance   [92m[1m$500.72[0m               Peak  $500.72
2026-02-24 08:42:00 | INFO    |      Growth    [92m+0.1%[0m                DD    [92m0.0%[0m
2026-02-24 08:42:00 | INFO    |      Target    $5,000       [92m██[2m░░░░░░░░░░░░░░░░░░[0m 10%
2026-02-24 08:42:00 | INFO    |      [2mPhase 2: Growth → $1K[0m
2026-02-24 08:42:00 | INFO    |   [2m──────────────────────────────────────────────────────[0m
2026-02-24 08:42:00 | INFO    |   [1m📊 TRADING[0m
2026-02-24 08:42:00 | INFO    |      Positions [97m0[0m / 7              Scans   0
2026-02-24 08:42:00 | INFO    |      Signals   0                Trades  0
2026-02-24 08:42:00 | INFO    |   [2m──────────────────────────────────────────────────────[0m
2026-02-24 08:42:00 | INFO    |   [1m🧠 INTELLIGENCE[0m
2026-02-24 08:42:00 | INFO    |      🎯 Skill     min=40  eval=144  pass=137  rej=7
2026-02-24 08:42:00 | INFO    |      📚 Learner   1 outcomes tracked
2026-02-24 08:42:00 | INFO    |      💚 Watchdog  [92mHEALTHY[0m     📡 WS  74 buffers
2026-02-24 08:42:00 | INFO    |      🔭 Hunter    51 non-portfolio signals
2026-02-24 08:42:00 | INFO    |   [2m──────────────────────────────────────────────────────[0m
2026-02-24 08:42:00 | INFO    |   [1m⚙️  CONFIG[0m
2026-02-24 08:42:00 | INFO    |      Risk       [93m3.0%[0m   Lev  [93m8x[0m   MaxPos [93m7[0m
2026-02-24 08:42:00 | INFO    |      Maker TP   [92mON[0m              Maker Entry  [92mON[0m
2026-02-24 08:42:00 | INFO    |      Combos     48                Pairs  35
2026-02-24 08:42:00 | INFO    |      Uptime     0.2h
2026-02-24 08:42:00 | INFO    | [96m══════════════════════════════════════════════════════════[0m

2026-02-24 08:42:52 | DEBUG   | Hunter: 127 liquid candidates (ex-portfolio)
2026-02-24 08:43:14 | INFO    | Hunter: found 12 signals on non-portfolio pairs
2026-02-24 08:43:15 | DEBUG   |   Hunter PIPPIN/USDT:USDT rejected: grade=A (need A+)
2026-02-24 08:43:15 | DEBUG   |   Hunter PIPPIN/USDT:USDT rejected: grade=A (need A+)
2026-02-24 08:43:15 | DEBUG   |   Hunter PIPPIN/USDT:USDT rejected: grade=B (need A+)
2026-02-24 08:43:16 | DEBUG   |   Hunter AGLD/USDT:USDT rejected: grade=C (need A+)
2026-02-24 08:43:16 | DEBUG   |   Hunter FARTCOIN/USDT:USDT rejected: grade=A (need A+)
2026-02-24 08:43:17 | DEBUG   |   Hunter FARTCOIN/USDT:USDT rejected: grade=A (need A+)
2026-02-24 08:43:17 | DEBUG   |   Hunter LA/USDT:USDT rejected: grade=B (need A+)
2026-02-24 08:43:18 | DEBUG   |   Hunter LA/USDT:USDT rejected: grade=B (need A+)
2026-02-24 08:43:18 | DEBUG   |   Hunter LA/USDT:USDT rejected: grade=C (need A+)
2026-02-24 08:47:00 | INFO    | 
[96m══════════════════════════════════════════════════════════[0m
2026-02-24 08:47:00 | INFO    |   🤖 [1m[97mv13pro LIVE DASHBOARD[0m    [96m🔵 SCANNING[0m
2026-02-24 08:47:00 | INFO    |   [2m2026-02-23 21:47:00 UTC[0m   [2mSession: ny[0m
2026-02-24 08:47:00 | INFO    | [96m══════════════════════════════════════════════════════════[0m
2026-02-24 08:47:00 | INFO    |   [1m💰 EQUITY[0m
2026-02-24 08:47:00 | INFO    |      Balance   [92m[1m$500.72[0m               Peak  $500.72
2026-02-24 08:47:00 | INFO    |      Growth    [92m+0.1%[0m                DD    [92m0.0%[0m
2026-02-24 08:47:00 | INFO    |      Target    $5,000       [92m██[2m░░░░░░░░░░░░░░░░░░[0m 10%
2026-02-24 08:47:00 | INFO    |      [2mPhase 2: Growth → $1K[0m
2026-02-24 08:47:00 | INFO    |   [2m──────────────────────────────────────────────────────[0m
2026-02-24 08:47:00 | INFO    |   [1m📊 TRADING[0m
2026-02-24 08:47:00 | INFO    |      Positions [97m0[0m / 7              Scans   10
2026-02-24 08:47:00 | INFO    |      Signals   0                Trades  0
2026-02-24 08:47:00 | INFO    |   [2m──────────────────────────────────────────────────────[0m
2026-02-24 08:47:00 | INFO    |   [1m🧠 INTELLIGENCE[0m
2026-02-24 08:47:00 | INFO    |      🎯 Skill     min=40  eval=156  pass=146  rej=10
2026-02-24 08:47:00 | INFO    |      📚 Learner   1 outcomes tracked
2026-02-24 08:47:00 | INFO    |      💚 Watchdog  [92mHEALTHY[0m     📡 WS  74 buffers
2026-02-24 08:47:00 | INFO    |      🔭 Hunter    63 non-portfolio signals
2026-02-24 08:47:00 | INFO    |   [2m──────────────────────────────────────────────────────[0m
2026-02-24 08:47:00 | INFO    |   [1m⚙️  CONFIG[0m
2026-02-24 08:47:00 | INFO    |      Risk       [93m3.0%[0m   Lev  [93m8x[0m   MaxPos [93m7[0m
2026-02-24 08:47:00 | INFO    |      Maker TP   [92mON[0m              Maker Entry  [92mON[0m
2026-02-24 08:47:00 | INFO    |      Combos     48                Pairs  35
2026-02-24 08:47:00 | INFO    |      Uptime     0.3h
2026-02-24 08:47:00 | INFO    | [96m══════════════════════════════════════════════════════════[0m

2026-02-24 08:48:19 | DEBUG   | Hunter: 127 liquid candidates (ex-portfolio)
2026-02-24 08:48:38 | INFO    | Hunter: found 12 signals on non-portfolio pairs
2026-02-24 08:48:39 | DEBUG   |   Hunter SOL/USDT:USDT rejected: grade=A (need A+)
2026-02-24 08:48:39 | DEBUG   |   Hunter XAUT/USDT:USDT rejected: grade=A (need A+)
2026-02-24 08:48:39 | DEBUG   |   Hunter PIPPIN/USDT:USDT rejected: grade=B (need A+)
2026-02-24 08:48:39 | DEBUG   |   Hunter PIPPIN/USDT:USDT rejected: grade=B (need A+)
2026-02-24 08:48:40 | DEBUG   |   Hunter PIPPIN/USDT:USDT rejected: grade=C (need A+)
2026-02-24 08:48:40 | DEBUG   |   Hunter AGLD/USDT:USDT rejected: grade=C (need A+)
2026-02-24 08:48:40 | DEBUG   |   Hunter AGLD/USDT:USDT rejected: grade=C (need A+)
2026-02-24 08:48:40 | DEBUG   |   Hunter FARTCOIN/USDT:USDT rejected: grade=B (need A+)
2026-02-24 08:48:41 | DEBUG   |   Hunter FARTCOIN/USDT:USDT rejected: grade=B (need A+)
2026-02-24 08:48:41 | DEBUG   |   Hunter FARTCOIN/USDT:USDT rejected: grade=C (need A+)
2026-02-24 08:48:41 | DEBUG   |   Hunter LA/USDT:USDT rejected: grade=C (need A+)
2026-02-24 08:48:41 | DEBUG   |   Hunter LA/USDT:USDT rejected: grade=C (need A+)
2026-02-24 08:52:00 | INFO    | 
[96m══════════════════════════════════════════════════════════[0m
2026-02-24 08:52:00 | INFO    |   🤖 [1m[97mv13pro LIVE DASHBOARD[0m    [96m🔵 SCANNING[0m
2026-02-24 08:52:00 | INFO    |   [2m2026-02-23 21:52:00 UTC[0m   [2mSession: ny[0m
2026-02-24 08:52:00 | INFO    | [96m══════════════════════════════════════════════════════════[0m
2026-02-24 08:52:00 | INFO    |   [1m💰 EQUITY[0m
2026-02-24 08:52:00 | INFO    |      Balance   [92m[1m$500.72[0m               Peak  $500.72
2026-02-24 08:52:00 | INFO    |      Growth    [92m+0.1%[0m                DD    [92m0.0%[0m
2026-02-24 08:52:00 | INFO    |      Target    $5,000       [92m██[2m░░░░░░░░░░░░░░░░░░[0m 10%
2026-02-24 08:52:00 | INFO    |      [2mPhase 2: Growth → $1K[0m
2026-02-24 08:52:00 | INFO    |   [2m──────────────────────────────────────────────────────[0m
2026-02-24 08:52:00 | INFO    |   [1m📊 TRADING[0m
2026-02-24 08:52:00 | INFO    |      Positions [97m0[0m / 7              Scans   10
2026-02-24 08:52:00 | INFO    |      Signals   0                Trades  0
2026-02-24 08:52:00 | INFO    |   [2m──────────────────────────────────────────────────────[0m
2026-02-24 08:52:00 | INFO    |   [1m🧠 INTELLIGENCE[0m
2026-02-24 08:52:00 | INFO    |      🎯 Skill     min=40  eval=168  pass=158  rej=10
2026-02-24 08:52:00 | INFO    |      📚 Learner   1 outcomes tracked
2026-02-24 08:52:00 | INFO    |      💚 Watchdog  [92mHEALTHY[0m     📡 WS  74 buffers
2026-02-24 08:52:00 | INFO    |      🔭 Hunter    75 non-portfolio signals
2026-02-24 08:52:00 | INFO    |   [2m──────────────────────────────────────────────────────[0m
2026-02-24 08:52:00 | INFO    |   [1m⚙️  CONFIG[0m
2026-02-24 08:52:00 | INFO    |      Risk       [93m3.0%[0m   Lev  [93m8x[0m   MaxPos [93m7[0m
2026-02-24 08:52:00 | INFO    |      Maker TP   [92mON[0m              Maker Entry  [92mON[0m
2026-02-24 08:52:00 | INFO    |      Combos     48                Pairs  35
2026-02-24 08:52:00 | INFO    |      Uptime     0.4h
2026-02-24 08:52:00 | INFO    | [96m══════════════════════════════════════════════════════════[0m

2026-02-24 08:53:42 | DEBUG   | Hunter: 127 liquid candidates (ex-portfolio)
2026-02-24 08:54:02 | INFO    | Hunter: found 15 signals on non-portfolio pairs
2026-02-24 08:54:02 | DEBUG   |   Hunter BTC/USDT:USDT rejected: grade=A (need A+)
2026-02-24 08:54:02 | DEBUG   |   Hunter BTC/USDT:USDT rejected: grade=A (need A+)
2026-02-24 08:54:02 | DEBUG   |   Hunter SOL/USDT:USDT rejected: grade=A (need A+)
2026-02-24 08:54:03 | DEBUG   |   Hunter PIPPIN/USDT:USDT rejected: grade=B (need A+)
2026-02-24 08:54:03 | DEBUG   |   Hunter PIPPIN/USDT:USDT rejected: grade=C (need A+)
2026-02-24 08:54:03 | DEBUG   |   Hunter AGLD/USDT:USDT rejected: grade=B (need A+)
2026-02-24 08:54:03 | DEBUG   |   Hunter AGLD/USDT:USDT rejected: grade=B (need A+)
2026-02-24 08:54:05 | DEBUG   |   Hunter AGLD/USDT:USDT rejected: grade=B (need A+)
2026-02-24 08:54:05 | DEBUG   |   Hunter AGLD/USDT:USDT rejected: grade=C (need A+)
2026-02-24 08:54:06 | DEBUG   |   Hunter FARTCOIN/USDT:USDT rejected: grade=A (need A+)
2026-02-24 08:54:06 | DEBUG   |   Hunter FARTCOIN/USDT:USDT rejected: grade=A (need A+)
2026-02-24 08:54:06 | DEBUG   |   Hunter FARTCOIN/USDT:USDT rejected: grade=B (need A+)
2026-02-24 08:54:06 | DEBUG   |   Hunter LA/USDT:USDT rejected: grade=A (need A+)
2026-02-24 08:54:07 | DEBUG   |   Hunter WLFI/USDT:USDT rejected: grade=A (need A+)
2026-02-24 08:54:07 | DEBUG   |   Hunter WLFI/USDT:USDT rejected: grade=A (need A+)
2026-02-24 08:54:33 | INFO    |   Registry: skipped 2 combos (delisted pairs)
2026-02-24 08:54:33 | INFO    | 
[96m══════════════════════════════════════════════════════════[0m
2026-02-24 08:54:33 | INFO    |   🛫 [1m[97mPREFLIGHT CHECK[0m
2026-02-24 08:54:33 | INFO    | [96m══════════════════════════════════════════════════════════[0m
2026-02-24 08:54:33 | INFO    |   [92m✅ PASS[0m  [1mimports        [0m [2m15 modules OK[0m
2026-02-24 08:54:33 | INFO    |   [92m✅ PASS[0m  [1mconfig         [0m [2mAll config params valid[0m
2026-02-24 08:54:33 | INFO    |   [92m✅ PASS[0m  [1mapi_keys       [0m [2mKey: AjbKwn...nyta[0m
2026-02-24 08:54:33 | INFO    |   [92m✅ PASS[0m  [1mcombos         [0m [2m50 combos, 40 pairs, 3 TFs[0m
2026-02-24 08:54:33 | INFO    |   [92m✅ PASS[0m  [1mstrategies     [0m [2m12 strategies OK[0m
2026-02-24 08:54:33 | INFO    |   [92m✅ PASS[0m  [1mstate          [0m [2mEquity: $500.72, trades: 0[0m
2026-02-24 08:54:33 | INFO    |   [92m✅ PASS[0m  [1mdisk           [0m [2m271034MB free[0m
2026-02-24 08:54:33 | INFO    |   [92m✅ PASS[0m  [1mlog_dir        [0m [2mC:\Users\Azuri\Desktop\anewBot\v13pro\logs[0m
2026-02-24 08:54:33 | INFO    |   [2m──────────────────────────────────────────────────────[0m
2026-02-24 08:54:33 | INFO    |   [92m🟢 ALL 8 CHECKS PASSED[0m [2m(0 warnings)[0m
2026-02-24 08:54:33 | INFO    | [96m══════════════════════════════════════════════════════════[0m

2026-02-24 08:54:33 | INFO    | 
[96m══════════════════════════════════════════════════════════[0m
2026-02-24 08:54:33 | INFO    |   🤖 [1m[97mv13pro FCB Bot[0m    [91m[1m🔴 LIVE TRADING[0m
2026-02-24 08:54:33 | INFO    | [96m══════════════════════════════════════════════════════════[0m
2026-02-24 08:54:33 | INFO    |   [1m📦 PORTFOLIO[0m
2026-02-24 08:54:33 | INFO    |      Combos     [92m48[0m              Pairs  [92m35[0m
2026-02-24 08:54:33 | INFO    |      Timeframes [92m['15m', '1h', '30m'][0m
2026-02-24 08:54:33 | INFO    |   [2m──────────────────────────────────────────────────────[0m
2026-02-24 08:54:33 | INFO    |   [1m⚙️  EXECUTION[0m
2026-02-24 08:54:33 | INFO    |      Maker TP   [92mON[0m
2026-02-24 08:54:33 | INFO    |      Maker Entry[92m ON[0m
2026-02-24 08:54:33 | INFO    |      Skill min  [93m40[0m
2026-02-24 08:54:33 | INFO    |      Risk       [93m3.0%[0m   Lev  [93m8x[0m   MaxPos  [93m7[0m
2026-02-24 08:54:33 | INFO    | [96m══════════════════════════════════════════════════════════[0m

2026-02-24 08:54:37 | INFO    | Connected to Bybit (MAINNET) — 3505 markets loaded [async]
2026-02-24 08:54:38 | INFO    | Equity: $500.72 | Peak: $500.72
2026-02-24 08:54:41 | INFO    |   📡 WSData: starting 39 subscriptions across 3 TFs
2026-02-24 08:54:51 | INFO    |   📡 WSData: pre-fetched 39 buffers (220 bars each)
2026-02-24 08:54:51 | INFO    |   📡 WSData: 4 stream tasks launched
2026-02-24 08:54:51 | INFO    | Guardian started (async)
2026-02-24 08:54:51 | INFO    | Hunter started (async)
2026-02-24 08:54:51 | INFO    | Aftermath tracker started
2026-02-24 08:54:51 | INFO    | Watchdog started
2026-02-24 08:54:51 | INFO    | Warming up WS buffers...
2026-02-24 08:54:51 | INFO    |   WS warmup complete: 39 buffers ready
2026-02-24 08:54:51 | INFO    | Bot ready — entering main loop
2026-02-24 08:55:22 | DEBUG   | Hunter: 127 liquid candidates (ex-portfolio)
2026-02-24 08:55:42 | INFO    | Hunter: found 20 signals on non-portfolio pairs
2026-02-24 08:55:42 | DEBUG   |   Hunter BTC/USDT:USDT rejected: grade=A (need A+)
2026-02-24 08:55:42 | DEBUG   |   Hunter BTC/USDT:USDT rejected: grade=A (need A+)
2026-02-24 08:55:43 | DEBUG   |   Hunter BTC/USDT:USDT rejected: grade=A (need A+)
2026-02-24 08:55:43 | DEBUG   |   Hunter SOL/USDT:USDT rejected: grade=A (need A+)
2026-02-24 08:55:43 | DEBUG   |   Hunter SOL/USDT:USDT rejected: grade=A (need A+)
2026-02-24 08:55:44 | DEBUG   |   Hunter HYPE/USDT:USDT rejected: grade=A (need A+)
2026-02-24 08:55:44 | DEBUG   |   Hunter PIPPIN/USDT:USDT rejected: grade=A (need A+)
2026-02-24 08:55:45 | DEBUG   |   Hunter PIPPIN/USDT:USDT rejected: grade=A (need A+)
2026-02-24 08:55:45 | DEBUG   |   Hunter PIPPIN/USDT:USDT rejected: grade=B (need A+)
2026-02-24 08:55:45 | DEBUG   |   Hunter AGLD/USDT:USDT rejected: grade=A (need A+)
2026-02-24 08:55:45 | DEBUG   |   Hunter AGLD/USDT:USDT rejected: grade=A (need A+)
2026-02-24 08:55:46 | DEBUG   |   Hunter AGLD/USDT:USDT rejected: grade=A (need A+)
2026-02-24 08:55:46 | DEBUG   |   Hunter AGLD/USDT:USDT rejected: grade=B (need A+)
2026-02-24 08:55:47 | DEBUG   |   Hunter FARTCOIN/USDT:USDT rejected: grade=A (need A+)
2026-02-24 08:55:47 | DEBUG   |   Hunter FARTCOIN/USDT:USDT rejected: grade=A (need A+)
2026-02-24 08:55:47 | DEBUG   |   Hunter FARTCOIN/USDT:USDT rejected: grade=B (need A+)
2026-02-24 08:55:47 | DEBUG   |   Hunter SUI/USDT:USDT rejected: grade=B (need A+)
2026-02-24 08:55:48 | DEBUG   |   Hunter LA/USDT:USDT rejected: grade=A (need A+)
2026-02-24 08:55:48 | DEBUG   |   Hunter WLFI/USDT:USDT rejected: grade=A (need A+)
2026-02-24 08:55:48 | DEBUG   |   Hunter WLFI/USDT:USDT rejected: grade=A (need A+)
2026-02-24 08:59:59 | INFO    | 
[96m══════════════════════════════════════════════════════════[0m
2026-02-24 08:59:59 | INFO    |   🤖 [1m[97mv13pro LIVE DASHBOARD[0m    [96m🔵 SCANNING[0m
2026-02-24 08:59:59 | INFO    |   [2m2026-02-23 21:59:59 UTC[0m   [2mSession: ny[0m
2026-02-24 08:59:59 | INFO    | [96m══════════════════════════════════════════════════════════[0m
2026-02-24 08:59:59 | INFO    |   [1m💰 EQUITY[0m
2026-02-24 08:59:59 | INFO    |      Balance   [92m[1m$500.72[0m               Peak  $500.72
2026-02-24 08:59:59 | INFO    |      Growth    [92m+0.1%[0m                DD    [92m0.0%[0m
2026-02-24 08:59:59 | INFO    |      Target    $5,000       [92m██[2m░░░░░░░░░░░░░░░░░░[0m 10%
2026-02-24 08:59:59 | INFO    |      [2mPhase 2: Growth → $1K[0m
2026-02-24 08:59:59 | INFO    |   [2m──────────────────────────────────────────────────────[0m
2026-02-24 08:59:59 | INFO    |   [1m📊 TRADING[0m
2026-02-24 08:59:59 | INFO    |      Positions [97m0[0m / 7              Scans   0
2026-02-24 08:59:59 | INFO    |      Signals   0                Trades  0
2026-02-24 08:59:59 | INFO    |   [2m──────────────────────────────────────────────────────[0m
2026-02-24 08:59:59 | INFO    |   [1m🧠 INTELLIGENCE[0m
2026-02-24 08:59:59 | INFO    |      🎯 Skill     min=40  eval=203  pass=193  rej=10
2026-02-24 08:59:59 | INFO    |      📚 Learner   1 outcomes tracked
2026-02-24 08:59:59 | INFO    |      💚 Watchdog  [92mHEALTHY[0m     📡 WS  74 buffers
2026-02-24 08:59:59 | INFO    |      🔭 Hunter    20 non-portfolio signals
2026-02-24 08:59:59 | INFO    |   [2m──────────────────────────────────────────────────────[0m
2026-02-24 08:59:59 | INFO    |   [1m⚙️  CONFIG[0m
2026-02-24 08:59:59 | INFO    |      Risk       [93m3.0%[0m   Lev  [93m8x[0m   MaxPos [93m7[0m
2026-02-24 08:59:59 | INFO    |      Maker TP   [92mON[0m              Maker Entry  [92mON[0m
2026-02-24 08:59:59 | INFO    |      Combos     48                Pairs  35
2026-02-24 08:59:59 | INFO    |      Uptime     0.1h
2026-02-24 08:59:59 | INFO    | [96m══════════════════════════════════════════════════════════[0m

2026-02-24 09:00:49 | DEBUG   | Hunter: 126 liquid candidates (ex-portfolio)
2026-02-24 09:01:07 | INFO    | Hunter: found 29 signals on non-portfolio pairs
2026-02-24 09:01:08 | DEBUG   |   Hunter BTC/USDT:USDT rejected: grade=A (need A+)
2026-02-24 09:01:08 | INFO    |   >> SHORT XRP/USDT:USDT [EMA_RIB] [HUNTER] conv=81A+ qty=1182.6 entry≈1.360400 SL=1.368300 TP=1.344500 exit=fix2.0 risk=$9.39
2026-02-24 09:01:09 | ERROR   | Order XRP/USDT:USDT: bybit {"retCode":10001,"retMsg":"tpOrderType only support Market when tpSlMode is Full","result":{},"retExtInfo":{},"time":1771884069264}
2026-02-24 09:01:09 | DEBUG   | Traceback (most recent call last):
  File "C:\Users\Azuri\Desktop\anewBot\v13pro\bot.py", line 486, in _execute_signal
    order = await ex_mod.place_limit_order(
            ^^^^^^^^^^^^^^^^^^^^^^^^^^^^^^^
        self._ex, symbol, sig.side, qty, entry_price,
        ^^^^^^^^^^^^^^^^^^^^^^^^^^^^^^^^^^^^^^^^^^^^^
        sl_price, tp_price)
        ^^^^^^^^^^^^^^^^^^^
  File "C:\Users\Azuri\Desktop\anewBot\v13pro\exchange.py", line 166, in place_limit_order
    order = await ex.create_order(symbol, "limit", side, qty, price, params=params)
            ^^^^^^^^^^^^^^^^^^^^^^^^^^^^^^^^^^^^^^^^^^^^^^^^^^^^^^^^^^^^^^^^^^^^^^^
  File "C:\Users\Azuri\Desktop\anewBot\.venv\Lib\site-packages\ccxt\async_support\bybit.py", line 3902, in create_order
    response = await self.privatePostV5OrderCreate(orderRequest)
               ^^^^^^^^^^^^^^^^^^^^^^^^^^^^^^^^^^^^^^^^^^^^^^^^^
  File "C:\Users\Azuri\Desktop\anewBot\.venv\Lib\site-packages\ccxt\async_support\base\exchange.py", line 995, in request
    return await self.fetch2(path, api, method, params, headers, body, config)
           ^^^^^^^^^^^^^^^^^^^^^^^^^^^^^^^^^^^^^^^^^^^^^^^^^^^^^^^^^^^^^^^^^^^
  File "C:\Users\Azuri\Desktop\anewBot\.venv\Lib\site-packages\ccxt\async_support\base\exchange.py", line 991, in fetch2
    raise e
  File "C:\Users\Azuri\Desktop\anewBot\.venv\Lib\site-packages\ccxt\async_support\base\exchange.py", line 979, in fetch2
    return await self.fetch(request['url'], request['method'], request['headers'], request['body'])
           ^^^^^^^^^^^^^^^^^^^^^^^^^^^^^^^^^^^^^^^^^^^^^^^^^^^^^^^^^^^^^^^^^^^^^^^^^^^^^^^^^^^^^^^^
  File "C:\Users\Azuri\Desktop\anewBot\.venv\Lib\site-packages\ccxt\async_support\base\exchange.py", line 263, in fetch
    self.handle_errors(http_status_code, http_status_text, url, method, headers, http_response, json_response, request_headers, request_body)
    ~~~~~~~~~~~~~~~~~~^^^^^^^^^^^^^^^^^^^^^^^^^^^^^^^^^^^^^^^^^^^^^^^^^^^^^^^^^^^^^^^^^^^^^^^^^^^^^^^^^^^^^^^^^^^^^^^^^^^^^^^^^^^^^^^^^^^^^^^
  File "C:\Users\Azuri\Desktop\anewBot\.venv\Lib\site-packages\ccxt\async_support\bybit.py", line 9158, in handle_errors
    self.throw_exactly_matched_exception(self.exceptions['exact'], errorCode, feedback)
    ~~~~~~~~~~~~~~~~~~~~~~~~~~~~~~~~~~~~^^^^^^^^^^^^^^^^^^^^^^^^^^^^^^^^^^^^^^^^^^^^^^^
  File "C:\Users\Azuri\Desktop\anewBot\.venv\Lib\site-packages\ccxt\base\exchange.py", line 5435, in throw_exactly_matched_exception
    raise exact[string](message)
ccxt.base.errors.BadRequest: bybit {"retCode":10001,"retMsg":"tpOrderType only support Market when tpSlMode is Full","result":{},"retExtInfo":{},"time":1771884069264}

2026-02-24 09:01:09 | INFO    |   >> SHORT XRP/USDT:USDT [TR_PULL] [HUNTER] conv=81A+ qty=1182.6 entry≈1.360400 SL=1.368300 TP=1.344500 exit=fix2.0 risk=$9.39
2026-02-24 09:01:10 | ERROR   | Order XRP/USDT:USDT: bybit {"retCode":10001,"retMsg":"tpOrderType only support Market when tpSlMode is Full","result":{},"retExtInfo":{},"time":1771884070466}
2026-02-24 09:01:10 | DEBUG   | Traceback (most recent call last):
  File "C:\Users\Azuri\Desktop\anewBot\v13pro\bot.py", line 486, in _execute_signal
    order = await ex_mod.place_limit_order(
            ^^^^^^^^^^^^^^^^^^^^^^^^^^^^^^^
        self._ex, symbol, sig.side, qty, entry_price,
        ^^^^^^^^^^^^^^^^^^^^^^^^^^^^^^^^^^^^^^^^^^^^^
        sl_price, tp_price)
        ^^^^^^^^^^^^^^^^^^^
  File "C:\Users\Azuri\Desktop\anewBot\v13pro\exchange.py", line 166, in place_limit_order
    order = await ex.create_order(symbol, "limit", side, qty, price, params=params)
            ^^^^^^^^^^^^^^^^^^^^^^^^^^^^^^^^^^^^^^^^^^^^^^^^^^^^^^^^^^^^^^^^^^^^^^^
  File "C:\Users\Azuri\Desktop\anewBot\.venv\Lib\site-packages\ccxt\async_support\bybit.py", line 3902, in create_order
    response = await self.privatePostV5OrderCreate(orderRequest)
               ^^^^^^^^^^^^^^^^^^^^^^^^^^^^^^^^^^^^^^^^^^^^^^^^^
  File "C:\Users\Azuri\Desktop\anewBot\.venv\Lib\site-packages\ccxt\async_support\base\exchange.py", line 995, in request
    return await self.fetch2(path, api, method, params, headers, body, config)
           ^^^^^^^^^^^^^^^^^^^^^^^^^^^^^^^^^^^^^^^^^^^^^^^^^^^^^^^^^^^^^^^^^^^
  File "C:\Users\Azuri\Desktop\anewBot\.venv\Lib\site-packages\ccxt\async_support\base\exchange.py", line 991, in fetch2
    raise e
  File "C:\Users\Azuri\Desktop\anewBot\.venv\Lib\site-packages\ccxt\async_support\base\exchange.py", line 979, in fetch2
    return await self.fetch(request['url'], request['method'], request['headers'], request['body'])
           ^^^^^^^^^^^^^^^^^^^^^^^^^^^^^^^^^^^^^^^^^^^^^^^^^^^^^^^^^^^^^^^^^^^^^^^^^^^^^^^^^^^^^^^^
  File "C:\Users\Azuri\Desktop\anewBot\.venv\Lib\site-packages\ccxt\async_support\base\exchange.py", line 263, in fetch
    self.handle_errors(http_status_code, http_status_text, url, method, headers, http_response, json_response, request_headers, request_body)
    ~~~~~~~~~~~~~~~~~~^^^^^^^^^^^^^^^^^^^^^^^^^^^^^^^^^^^^^^^^^^^^^^^^^^^^^^^^^^^^^^^^^^^^^^^^^^^^^^^^^^^^^^^^^^^^^^^^^^^^^^^^^^^^^^^^^^^^^^^
  File "C:\Users\Azuri\Desktop\anewBot\.venv\Lib\site-packages\ccxt\async_support\bybit.py", line 9158, in handle_errors
    self.throw_exactly_matched_exception(self.exceptions['exact'], errorCode, feedback)
    ~~~~~~~~~~~~~~~~~~~~~~~~~~~~~~~~~~~~^^^^^^^^^^^^^^^^^^^^^^^^^^^^^^^^^^^^^^^^^^^^^^^
  File "C:\Users\Azuri\Desktop\anewBot\.venv\Lib\site-packages\ccxt\base\exchange.py", line 5435, in throw_exactly_matched_exception
    raise exact[string](message)
ccxt.base.errors.BadRequest: bybit {"retCode":10001,"retMsg":"tpOrderType only support Market when tpSlMode is Full","result":{},"retExtInfo":{},"time":1771884070466}

2026-02-24 09:01:10 | DEBUG   |   Hunter XRP/USDT:USDT rejected: grade=A (need A+)
2026-02-24 09:01:10 | INFO    |   >> LONG XAUT/USDT:USDT [EMA_RIB] [HUNTER] conv=81A+ qty=0.601 entry≈5205.200000 SL=5189.600000 TP=5236.400000 exit=fix2.0 risk=$9.39
2026-02-24 09:01:11 | ERROR   | Order XAUT/USDT:USDT: bybit {"retCode":10001,"retMsg":"tpOrderType only support Market when tpSlMode is Full","result":{},"retExtInfo":{},"time":1771884071694}
2026-02-24 09:01:11 | DEBUG   | Traceback (most recent call last):
  File "C:\Users\Azuri\Desktop\anewBot\v13pro\bot.py", line 486, in _execute_signal
    order = await ex_mod.place_limit_order(
            ^^^^^^^^^^^^^^^^^^^^^^^^^^^^^^^
        self._ex, symbol, sig.side, qty, entry_price,
        ^^^^^^^^^^^^^^^^^^^^^^^^^^^^^^^^^^^^^^^^^^^^^
        sl_price, tp_price)
        ^^^^^^^^^^^^^^^^^^^
  File "C:\Users\Azuri\Desktop\anewBot\v13pro\exchange.py", line 166, in place_limit_order
    order = await ex.create_order(symbol, "limit", side, qty, price, params=params)
            ^^^^^^^^^^^^^^^^^^^^^^^^^^^^^^^^^^^^^^^^^^^^^^^^^^^^^^^^^^^^^^^^^^^^^^^
  File "C:\Users\Azuri\Desktop\anewBot\.venv\Lib\site-packages\ccxt\async_support\bybit.py", line 3902, in create_order
    response = await self.privatePostV5OrderCreate(orderRequest)
               ^^^^^^^^^^^^^^^^^^^^^^^^^^^^^^^^^^^^^^^^^^^^^^^^^
  File "C:\Users\Azuri\Desktop\anewBot\.venv\Lib\site-packages\ccxt\async_support\base\exchange.py", line 995, in request
    return await self.fetch2(path, api, method, params, headers, body, config)
           ^^^^^^^^^^^^^^^^^^^^^^^^^^^^^^^^^^^^^^^^^^^^^^^^^^^^^^^^^^^^^^^^^^^
  File "C:\Users\Azuri\Desktop\anewBot\.venv\Lib\site-packages\ccxt\async_support\base\exchange.py", line 991, in fetch2
    raise e
  File "C:\Users\Azuri\Desktop\anewBot\.venv\Lib\site-packages\ccxt\async_support\base\exchange.py", line 979, in fetch2
    return await self.fetch(request['url'], request['method'], request['headers'], request['body'])
           ^^^^^^^^^^^^^^^^^^^^^^^^^^^^^^^^^^^^^^^^^^^^^^^^^^^^^^^^^^^^^^^^^^^^^^^^^^^^^^^^^^^^^^^^
  File "C:\Users\Azuri\Desktop\anewBot\.venv\Lib\site-packages\ccxt\async_support\base\exchange.py", line 263, in fetch
    self.handle_errors(http_status_code, http_status_text, url, method, headers, http_response, json_response, request_headers, request_body)
    ~~~~~~~~~~~~~~~~~~^^^^^^^^^^^^^^^^^^^^^^^^^^^^^^^^^^^^^^^^^^^^^^^^^^^^^^^^^^^^^^^^^^^^^^^^^^^^^^^^^^^^^^^^^^^^^^^^^^^^^^^^^^^^^^^^^^^^^^^
  File "C:\Users\Azuri\Desktop\anewBot\.venv\Lib\site-packages\ccxt\async_support\bybit.py", line 9158, in handle_errors
    self.throw_exactly_matched_exception(self.exceptions['exact'], errorCode, feedback)
    ~~~~~~~~~~~~~~~~~~~~~~~~~~~~~~~~~~~~^^^^^^^^^^^^^^^^^^^^^^^^^^^^^^^^^^^^^^^^^^^^^^^
  File "C:\Users\Azuri\Desktop\anewBot\.venv\Lib\site-packages\ccxt\base\exchange.py", line 5435, in throw_exactly_matched_exception
    raise exact[string](message)
ccxt.base.errors.BadRequest: bybit {"retCode":10001,"retMsg":"tpOrderType only support Market when tpSlMode is Full","result":{},"retExtInfo":{},"time":1771884071694}

2026-02-24 09:01:11 | DEBUG   |   Hunter XAUT/USDT:USDT rejected: grade=A (need A+)
2026-02-24 09:01:11 | DEBUG   |   Hunter AGLD/USDT:USDT rejected: grade=B (need A+)
2026-02-24 09:01:12 | DEBUG   |   Hunter AGLD/USDT:USDT rejected: grade=B (need A+)
2026-02-24 09:01:12 | DEBUG   |   Hunter BNB/USDT:USDT rejected: grade=A (need A+)
2026-02-24 09:01:13 | DEBUG   |   Hunter BNB/USDT:USDT rejected: grade=A (need A+)
2026-02-24 09:01:13 | DEBUG   |   Hunter BNB/USDT:USDT rejected: grade=A (need A+)
2026-02-24 09:01:13 | DEBUG   |   Hunter BNB/USDT:USDT rejected: grade=A (need A+)
2026-02-24 09:01:14 | DEBUG   |   Hunter BNB/USDT:USDT rejected: grade=A (need A+)
2026-02-24 09:01:14 | DEBUG   |   Hunter ADA/USDT:USDT rejected: grade=A (need A+)
2026-02-24 09:01:14 | DEBUG   |   Hunter ADA/USDT:USDT rejected: grade=A (need A+)
2026-02-24 09:01:14 | DEBUG   |   Hunter ADA/USDT:USDT rejected: grade=B (need A+)
2026-02-24 09:01:15 | DEBUG   |   Hunter SUI/USDT:USDT rejected: grade=A (need A+)
2026-02-24 09:01:15 | DEBUG   |   Hunter SUI/USDT:USDT rejected: grade=A (need A+)
2026-02-24 09:01:15 | DEBUG   |   Hunter SUI/USDT:USDT rejected: grade=B (need A+)
2026-02-24 09:01:15 | DEBUG   |   Hunter ENSO/USDT:USDT rejected: grade=A (need A+)
2026-02-24 09:01:16 | DEBUG   |   Hunter ENSO/USDT:USDT rejected: grade=A (need A+)
2026-02-24 09:01:16 | DEBUG   |   Hunter LA/USDT:USDT rejected: grade=A (need A+)
2026-02-24 09:01:16 | INFO    |   >> SHORT ZEC/USDT:USDT [EMA_RIB] [HUNTER] conv=80A+ qty=6.07 entry≈239.050000 SL=240.600000 TP=235.960000 exit=fix2.0 risk=$9.39
2026-02-24 09:01:17 | ERROR   | Order ZEC/USDT:USDT: bybit {"retCode":10001,"retMsg":"tpOrderType only support Market when tpSlMode is Full","result":{},"retExtInfo":{},"time":1771884077630}
2026-02-24 09:01:17 | DEBUG   | Traceback (most recent call last):
  File "C:\Users\Azuri\Desktop\anewBot\v13pro\bot.py", line 486, in _execute_signal
    order = await ex_mod.place_limit_order(
            ^^^^^^^^^^^^^^^^^^^^^^^^^^^^^^^
        self._ex, symbol, sig.side, qty, entry_price,
        ^^^^^^^^^^^^^^^^^^^^^^^^^^^^^^^^^^^^^^^^^^^^^
        sl_price, tp_price)
        ^^^^^^^^^^^^^^^^^^^
  File "C:\Users\Azuri\Desktop\anewBot\v13pro\exchange.py", line 166, in place_limit_order
    order = await ex.create_order(symbol, "limit", side, qty, price, params=params)
            ^^^^^^^^^^^^^^^^^^^^^^^^^^^^^^^^^^^^^^^^^^^^^^^^^^^^^^^^^^^^^^^^^^^^^^^
  File "C:\Users\Azuri\Desktop\anewBot\.venv\Lib\site-packages\ccxt\async_support\bybit.py", line 3902, in create_order
    response = await self.privatePostV5OrderCreate(orderRequest)
               ^^^^^^^^^^^^^^^^^^^^^^^^^^^^^^^^^^^^^^^^^^^^^^^^^
  File "C:\Users\Azuri\Desktop\anewBot\.venv\Lib\site-packages\ccxt\async_support\base\exchange.py", line 995, in request
    return await self.fetch2(path, api, method, params, headers, body, config)
           ^^^^^^^^^^^^^^^^^^^^^^^^^^^^^^^^^^^^^^^^^^^^^^^^^^^^^^^^^^^^^^^^^^^
  File "C:\Users\Azuri\Desktop\anewBot\.venv\Lib\site-packages\ccxt\async_support\base\exchange.py", line 991, in fetch2
    raise e
  File "C:\Users\Azuri\Desktop\anewBot\.venv\Lib\site-packages\ccxt\async_support\base\exchange.py", line 979, in fetch2
    return await self.fetch(request['url'], request['method'], request['headers'], request['body'])
           ^^^^^^^^^^^^^^^^^^^^^^^^^^^^^^^^^^^^^^^^^^^^^^^^^^^^^^^^^^^^^^^^^^^^^^^^^^^^^^^^^^^^^^^^
  File "C:\Users\Azuri\Desktop\anewBot\.venv\Lib\site-packages\ccxt\async_support\base\exchange.py", line 263, in fetch
    self.handle_errors(http_status_code, http_status_text, url, method, headers, http_response, json_response, request_headers, request_body)
    ~~~~~~~~~~~~~~~~~~^^^^^^^^^^^^^^^^^^^^^^^^^^^^^^^^^^^^^^^^^^^^^^^^^^^^^^^^^^^^^^^^^^^^^^^^^^^^^^^^^^^^^^^^^^^^^^^^^^^^^^^^^^^^^^^^^^^^^^^
  File "C:\Users\Azuri\Desktop\anewBot\.venv\Lib\site-packages\ccxt\async_support\bybit.py", line 9158, in handle_errors
    self.throw_exactly_matched_exception(self.exceptions['exact'], errorCode, feedback)
    ~~~~~~~~~~~~~~~~~~~~~~~~~~~~~~~~~~~~^^^^^^^^^^^^^^^^^^^^^^^^^^^^^^^^^^^^^^^^^^^^^^^
  File "C:\Users\Azuri\Desktop\anewBot\.venv\Lib\site-packages\ccxt\base\exchange.py", line 5435, in throw_exactly_matched_exception
    raise exact[string](message)
ccxt.base.errors.BadRequest: bybit {"retCode":10001,"retMsg":"tpOrderType only support Market when tpSlMode is Full","result":{},"retExtInfo":{},"time":1771884077630}

2026-02-24 09:01:17 | INFO    |   >> SHORT ZEC/USDT:USDT [TR_PULL] [HUNTER] conv=80A+ qty=6.07 entry≈239.050000 SL=240.600000 TP=235.960000 exit=fix2.0 risk=$9.39
2026-02-24 09:01:18 | ERROR   | Order ZEC/USDT:USDT: bybit {"retCode":10001,"retMsg":"tpOrderType only support Market when tpSlMode is Full","result":{},"retExtInfo":{},"time":1771884078613}
2026-02-24 09:01:18 | DEBUG   | Traceback (most recent call last):
  File "C:\Users\Azuri\Desktop\anewBot\v13pro\bot.py", line 486, in _execute_signal
    order = await ex_mod.place_limit_order(
            ^^^^^^^^^^^^^^^^^^^^^^^^^^^^^^^
        self._ex, symbol, sig.side, qty, entry_price,
        ^^^^^^^^^^^^^^^^^^^^^^^^^^^^^^^^^^^^^^^^^^^^^
        sl_price, tp_price)
        ^^^^^^^^^^^^^^^^^^^
  File "C:\Users\Azuri\Desktop\anewBot\v13pro\exchange.py", line 166, in place_limit_order
    order = await ex.create_order(symbol, "limit", side, qty, price, params=params)
            ^^^^^^^^^^^^^^^^^^^^^^^^^^^^^^^^^^^^^^^^^^^^^^^^^^^^^^^^^^^^^^^^^^^^^^^
  File "C:\Users\Azuri\Desktop\anewBot\.venv\Lib\site-packages\ccxt\async_support\bybit.py", line 3902, in create_order
    response = await self.privatePostV5OrderCreate(orderRequest)
               ^^^^^^^^^^^^^^^^^^^^^^^^^^^^^^^^^^^^^^^^^^^^^^^^^
  File "C:\Users\Azuri\Desktop\anewBot\.venv\Lib\site-packages\ccxt\async_support\base\exchange.py", line 995, in request
    return await self.fetch2(path, api, method, params, headers, body, config)
           ^^^^^^^^^^^^^^^^^^^^^^^^^^^^^^^^^^^^^^^^^^^^^^^^^^^^^^^^^^^^^^^^^^^
  File "C:\Users\Azuri\Desktop\anewBot\.venv\Lib\site-packages\ccxt\async_support\base\exchange.py", line 991, in fetch2
    raise e
  File "C:\Users\Azuri\Desktop\anewBot\.venv\Lib\site-packages\ccxt\async_support\base\exchange.py", line 979, in fetch2
    return await self.fetch(request['url'], request['method'], request['headers'], request['body'])
           ^^^^^^^^^^^^^^^^^^^^^^^^^^^^^^^^^^^^^^^^^^^^^^^^^^^^^^^^^^^^^^^^^^^^^^^^^^^^^^^^^^^^^^^^
  File "C:\Users\Azuri\Desktop\anewBot\.venv\Lib\site-packages\ccxt\async_support\base\exchange.py", line 263, in fetch
    self.handle_errors(http_status_code, http_status_text, url, method, headers, http_response, json_response, request_headers, request_body)
    ~~~~~~~~~~~~~~~~~~^^^^^^^^^^^^^^^^^^^^^^^^^^^^^^^^^^^^^^^^^^^^^^^^^^^^^^^^^^^^^^^^^^^^^^^^^^^^^^^^^^^^^^^^^^^^^^^^^^^^^^^^^^^^^^^^^^^^^^^
  File "C:\Users\Azuri\Desktop\anewBot\.venv\Lib\site-packages\ccxt\async_support\bybit.py", line 9158, in handle_errors
    self.throw_exactly_matched_exception(self.exceptions['exact'], errorCode, feedback)
    ~~~~~~~~~~~~~~~~~~~~~~~~~~~~~~~~~~~~^^^^^^^^^^^^^^^^^^^^^^^^^^^^^^^^^^^^^^^^^^^^^^^
  File "C:\Users\Azuri\Desktop\anewBot\.venv\Lib\site-packages\ccxt\base\exchange.py", line 5435, in throw_exactly_matched_exception
    raise exact[string](message)
ccxt.base.errors.BadRequest: bybit {"retCode":10001,"retMsg":"tpOrderType only support Market when tpSlMode is Full","result":{},"retExtInfo":{},"time":1771884078613}

2026-02-24 09:01:18 | INFO    |   >> SHORT ZEC/USDT:USDT [EMA_RIB] [HUNTER] conv=80A+ qty=2.65 entry≈239.050000 SL=242.590000 TP=231.970000 exit=fix2.0 risk=$9.39
2026-02-24 09:01:19 | ERROR   | Order ZEC/USDT:USDT: bybit {"retCode":10001,"retMsg":"tpOrderType only support Market when tpSlMode is Full","result":{},"retExtInfo":{},"time":1771884079578}
2026-02-24 09:01:19 | DEBUG   | Traceback (most recent call last):
  File "C:\Users\Azuri\Desktop\anewBot\v13pro\bot.py", line 486, in _execute_signal
    order = await ex_mod.place_limit_order(
            ^^^^^^^^^^^^^^^^^^^^^^^^^^^^^^^
        self._ex, symbol, sig.side, qty, entry_price,
        ^^^^^^^^^^^^^^^^^^^^^^^^^^^^^^^^^^^^^^^^^^^^^
        sl_price, tp_price)
        ^^^^^^^^^^^^^^^^^^^
  File "C:\Users\Azuri\Desktop\anewBot\v13pro\exchange.py", line 166, in place_limit_order
    order = await ex.create_order(symbol, "limit", side, qty, price, params=params)
            ^^^^^^^^^^^^^^^^^^^^^^^^^^^^^^^^^^^^^^^^^^^^^^^^^^^^^^^^^^^^^^^^^^^^^^^
  File "C:\Users\Azuri\Desktop\anewBot\.venv\Lib\site-packages\ccxt\async_support\bybit.py", line 3902, in create_order
    response = await self.privatePostV5OrderCreate(orderRequest)
               ^^^^^^^^^^^^^^^^^^^^^^^^^^^^^^^^^^^^^^^^^^^^^^^^^
  File "C:\Users\Azuri\Desktop\anewBot\.venv\Lib\site-packages\ccxt\async_support\base\exchange.py", line 995, in request
    return await self.fetch2(path, api, method, params, headers, body, config)
           ^^^^^^^^^^^^^^^^^^^^^^^^^^^^^^^^^^^^^^^^^^^^^^^^^^^^^^^^^^^^^^^^^^^
  File "C:\Users\Azuri\Desktop\anewBot\.venv\Lib\site-packages\ccxt\async_support\base\exchange.py", line 991, in fetch2
    raise e
  File "C:\Users\Azuri\Desktop\anewBot\.venv\Lib\site-packages\ccxt\async_support\base\exchange.py", line 979, in fetch2
    return await self.fetch(request['url'], request['method'], request['headers'], request['body'])
           ^^^^^^^^^^^^^^^^^^^^^^^^^^^^^^^^^^^^^^^^^^^^^^^^^^^^^^^^^^^^^^^^^^^^^^^^^^^^^^^^^^^^^^^^
  File "C:\Users\Azuri\Desktop\anewBot\.venv\Lib\site-packages\ccxt\async_support\base\exchange.py", line 263, in fetch
    self.handle_errors(http_status_code, http_status_text, url, method, headers, http_response, json_response, request_headers, request_body)
    ~~~~~~~~~~~~~~~~~~^^^^^^^^^^^^^^^^^^^^^^^^^^^^^^^^^^^^^^^^^^^^^^^^^^^^^^^^^^^^^^^^^^^^^^^^^^^^^^^^^^^^^^^^^^^^^^^^^^^^^^^^^^^^^^^^^^^^^^^
  File "C:\Users\Azuri\Desktop\anewBot\.venv\Lib\site-packages\ccxt\async_support\bybit.py", line 9158, in handle_errors
    self.throw_exactly_matched_exception(self.exceptions['exact'], errorCode, feedback)
    ~~~~~~~~~~~~~~~~~~~~~~~~~~~~~~~~~~~~^^^^^^^^^^^^^^^^^^^^^^^^^^^^^^^^^^^^^^^^^^^^^^^
  File "C:\Users\Azuri\Desktop\anewBot\.venv\Lib\site-packages\ccxt\base\exchange.py", line 5435, in throw_exactly_matched_exception
    raise exact[string](message)
ccxt.base.errors.BadRequest: bybit {"retCode":10001,"retMsg":"tpOrderType only support Market when tpSlMode is Full","result":{},"retExtInfo":{},"time":1771884079578}

2026-02-24 09:01:19 | DEBUG   |   Hunter RAVE/USDT:USDT rejected: grade=B (need A+)
2026-02-24 09:01:19 | DEBUG   |   Hunter AVAX/USDT:USDT rejected: grade=A (need A+)
2026-02-24 09:01:20 | DEBUG   |   Hunter AVAX/USDT:USDT rejected: grade=A (need A+)
2026-02-24 09:01:20 | DEBUG   |   Hunter AVAX/USDT:USDT rejected: grade=A (need A+)
2026-02-24 09:04:18 | INFO    |   Registry: skipped 2 combos (delisted pairs)
2026-02-24 09:04:18 | INFO    | 
[96m══════════════════════════════════════════════════════════[0m
2026-02-24 09:04:18 | INFO    |   🛫 [1m[97mPREFLIGHT CHECK[0m
2026-02-24 09:04:18 | INFO    | [96m══════════════════════════════════════════════════════════[0m
2026-02-24 09:04:18 | INFO    |   [92m✅ PASS[0m  [1mimports        [0m [2m15 modules OK[0m
2026-02-24 09:04:18 | INFO    |   [92m✅ PASS[0m  [1mconfig         [0m [2mAll config params valid[0m
2026-02-24 09:04:18 | INFO    |   [92m✅ PASS[0m  [1mapi_keys       [0m [2mKey: AjbKwn...nyta[0m
2026-02-24 09:04:18 | INFO    |   [92m✅ PASS[0m  [1mcombos         [0m [2m50 combos, 40 pairs, 3 TFs[0m
2026-02-24 09:04:18 | INFO    |   [92m✅ PASS[0m  [1mstrategies     [0m [2m12 strategies OK[0m
2026-02-24 09:04:18 | INFO    |   [92m✅ PASS[0m  [1mstate          [0m [2mEquity: $500.72, trades: 0[0m
2026-02-24 09:04:18 | INFO    |   [92m✅ PASS[0m  [1mdisk           [0m [2m271022MB free[0m
2026-02-24 09:04:18 | INFO    |   [92m✅ PASS[0m  [1mlog_dir        [0m [2mC:\Users\Azuri\Desktop\anewBot\v13pro\logs[0m
2026-02-24 09:04:18 | INFO    |   [2m──────────────────────────────────────────────────────[0m
2026-02-24 09:04:18 | INFO    |   [92m🟢 ALL 8 CHECKS PASSED[0m [2m(0 warnings)[0m
2026-02-24 09:04:18 | INFO    | [96m══════════════════════════════════════════════════════════[0m

2026-02-24 09:04:18 | INFO    | 
[96m══════════════════════════════════════════════════════════[0m
2026-02-24 09:04:18 | INFO    |   🤖 [1m[97mv13pro FCB Bot[0m    [91m[1m🔴 LIVE TRADING[0m
2026-02-24 09:04:18 | INFO    | [96m══════════════════════════════════════════════════════════[0m
2026-02-24 09:04:18 | INFO    |   [1m📦 PORTFOLIO[0m
2026-02-24 09:04:18 | INFO    |      Combos     [92m48[0m              Pairs  [92m35[0m
2026-02-24 09:04:18 | INFO    |      Timeframes [92m['15m', '1h', '30m'][0m
2026-02-24 09:04:18 | INFO    |   [2m──────────────────────────────────────────────────────[0m
2026-02-24 09:04:18 | INFO    |   [1m⚙️  EXECUTION[0m
2026-02-24 09:04:18 | INFO    |      Maker TP   [92mON[0m
2026-02-24 09:04:18 | INFO    |      Maker Entry[92m ON[0m
2026-02-24 09:04:18 | INFO    |      Skill min  [93m40[0m
2026-02-24 09:04:18 | INFO    |      Risk       [93m3.0%[0m   Lev  [93m8x[0m   MaxPos  [93m7[0m
2026-02-24 09:04:18 | INFO    | [96m══════════════════════════════════════════════════════════[0m

2026-02-24 09:04:20 | INFO    | Connected to Bybit (MAINNET) — 3505 markets loaded [async]
2026-02-24 09:04:21 | INFO    | Equity: $500.72 | Peak: $500.72
2026-02-24 09:04:23 | INFO    |   📡 WSData: starting 39 subscriptions across 3 TFs
2026-02-24 09:04:38 | INFO    |   📡 WSData: pre-fetched 39 buffers (220 bars each)
2026-02-24 09:04:38 | INFO    |   📡 WSData: 4 stream tasks launched
2026-02-24 09:04:38 | INFO    | Guardian started (async)
2026-02-24 09:04:38 | INFO    | Hunter started (async)
2026-02-24 09:04:38 | INFO    | Aftermath tracker started
2026-02-24 09:04:38 | INFO    | Watchdog started
2026-02-24 09:04:38 | INFO    | Warming up WS buffers...
2026-02-24 09:04:38 | INFO    |   WS warmup complete: 39 buffers ready
2026-02-24 09:04:38 | INFO    | Bot ready — entering main loop
2026-02-24 09:05:09 | DEBUG   | Hunter: 128 liquid candidates (ex-portfolio)
2026-02-24 09:05:29 | INFO    | Hunter: found 8 signals on non-portfolio pairs
2026-02-24 09:05:29 | DEBUG   |   Hunter PIPPIN/USDT:USDT rejected: grade=A (need A+)
2026-02-24 09:05:30 | DEBUG   |   Hunter PIPPIN/USDT:USDT rejected: grade=A (need A+)
2026-02-24 09:05:30 | DEBUG   |   Hunter PIPPIN/USDT:USDT rejected: grade=A (need A+)
2026-02-24 09:05:30 | DEBUG   |   Hunter AGLD/USDT:USDT rejected: grade=C (need A+)
2026-02-24 09:05:30 | DEBUG   |   Hunter BCH/USDT:USDT rejected: grade=A (need A+)
2026-02-24 09:05:31 | DEBUG   |   Hunter ENSO/USDT:USDT rejected: grade=A (need A+)
2026-02-24 09:05:31 | DEBUG   |   Hunter ENSO/USDT:USDT rejected: grade=A (need A+)
2026-02-24 09:05:32 | DEBUG   |   Hunter RAVE/USDT:USDT rejected: grade=C (need A+)
2026-02-24 09:08:43 | INFO    |   Registry: skipped 2 combos (delisted pairs)
2026-02-24 09:08:43 | INFO    | 
[96m══════════════════════════════════════════════════════════[0m
2026-02-24 09:08:43 | INFO    |   🛫 [1m[97mPREFLIGHT CHECK[0m
2026-02-24 09:08:43 | INFO    | [96m══════════════════════════════════════════════════════════[0m
2026-02-24 09:08:43 | INFO    |   [92m✅ PASS[0m  [1mimports        [0m [2m15 modules OK[0m
2026-02-24 09:08:43 | INFO    |   [92m✅ PASS[0m  [1mconfig         [0m [2mAll config params valid[0m
2026-02-24 09:08:43 | INFO    |   [92m✅ PASS[0m  [1mapi_keys       [0m [2mKey: AjbKwn...nyta[0m
2026-02-24 09:08:43 | INFO    |   [92m✅ PASS[0m  [1mcombos         [0m [2m50 combos, 40 pairs, 3 TFs[0m
2026-02-24 09:08:43 | INFO    |   [92m✅ PASS[0m  [1mstrategies     [0m [2m12 strategies OK[0m
2026-02-24 09:08:43 | INFO    |   [92m✅ PASS[0m  [1mstate          [0m [2mEquity: $500.72, trades: 0[0m
2026-02-24 09:08:43 | INFO    |   [92m✅ PASS[0m  [1mdisk           [0m [2m275103MB free[0m
2026-02-24 09:08:43 | INFO    |   [92m✅ PASS[0m  [1mlog_dir        [0m [2mC:\Users\Azuri\Desktop\anewBot\v13pro\logs[0m
2026-02-24 09:08:43 | INFO    |   [2m──────────────────────────────────────────────────────[0m
2026-02-24 09:08:43 | INFO    |   [92m🟢 ALL 8 CHECKS PASSED[0m [2m(0 warnings)[0m
2026-02-24 09:08:43 | INFO    | [96m══════════════════════════════════════════════════════════[0m

2026-02-24 09:08:43 | INFO    | 
[96m══════════════════════════════════════════════════════════[0m
2026-02-24 09:08:43 | INFO    |   🤖 [1m[97mv13pro FCB Bot[0m    [91m[1m🔴 LIVE TRADING[0m
2026-02-24 09:08:43 | INFO    | [96m══════════════════════════════════════════════════════════[0m
2026-02-24 09:08:43 | INFO    |   [1m📦 PORTFOLIO[0m
2026-02-24 09:08:43 | INFO    |      Combos     [92m48[0m              Pairs  [92m35[0m
2026-02-24 09:08:43 | INFO    |      Timeframes [92m['15m', '1h', '30m'][0m
2026-02-24 09:08:43 | INFO    |   [2m──────────────────────────────────────────────────────[0m
2026-02-24 09:08:43 | INFO    |   [1m⚙️  EXECUTION[0m
2026-02-24 09:08:43 | INFO    |      Maker TP   [92mON[0m
2026-02-24 09:08:43 | INFO    |      Maker Entry[92m ON[0m
2026-02-24 09:08:43 | INFO    |      Skill min  [93m20[0m
2026-02-24 09:08:43 | INFO    |      Risk       [93m2.0%[0m   Lev  [93m8x[0m   MaxPos  [93m7[0m
2026-02-24 09:08:43 | INFO    | [96m══════════════════════════════════════════════════════════[0m

2026-02-24 09:08:46 | INFO    | Connected to Bybit (MAINNET) — 3505 markets loaded [async]
2026-02-24 09:08:47 | INFO    | Equity: $500.72 | Peak: $500.72
2026-02-24 09:08:50 | INFO    |   📡 WSData: starting 39 subscriptions across 3 TFs
2026-02-24 09:09:01 | INFO    |   📡 WSData: pre-fetched 39 buffers (220 bars each)
2026-02-24 09:09:01 | INFO    |   📡 WSData: 4 stream tasks launched
2026-02-24 09:09:01 | INFO    | Guardian started (async)
2026-02-24 09:09:01 | INFO    | Hunter started (async)
2026-02-24 09:09:01 | INFO    | Aftermath tracker started
2026-02-24 09:09:01 | INFO    | Watchdog started
2026-02-24 09:09:01 | INFO    | Warming up WS buffers...
2026-02-24 09:09:01 | INFO    |   WS warmup complete: 39 buffers ready
2026-02-24 09:09:01 | INFO    | Bot ready — entering main loop
2026-02-24 09:09:32 | DEBUG   | Hunter: 128 liquid candidates (ex-portfolio)
2026-02-24 09:09:57 | INFO    | Hunter: found 11 signals on non-portfolio pairs
2026-02-24 09:09:58 | INFO    |   >> LONG XAUT/USDT:USDT [PIN_BAR] [HUNTER] conv=75A qty=0.352 entry≈5205.800000 SL=5190.200000 TP=5237.000000 exit=fix2.0 risk=$5.51
2026-02-24 09:09:58 | DEBUG   | Guardian tracking XAUT/USDT:USDT long entry=5205.8 sl=5190.2 exit=fix2.0
2026-02-24 09:09:58 | DEBUG   | Hunter on_signals callback error: position_opened() missing 1 required positional argument: 'dollar_risk'
2026-02-24 09:10:02 | INFO    | Guardian: XAUT/USDT:USDT position gone -- resolving
2026-02-24 09:10:04 | ERROR   | Guardian XAUT/USDT:USDT: position_closed() missing 3 required positional arguments: 'pnl_r', 'pnl_usd', and 'reason'
2026-02-24 09:10:04 | DEBUG   | Traceback (most recent call last):
  File "C:\Users\Azuri\Desktop\anewBot\v13pro\guardian.py", line 119, in _poll_all
    await self._poll_one(symbol, pos_map)
  File "C:\Users\Azuri\Desktop\anewBot\v13pro\guardian.py", line 136, in _poll_one
    await self._resolve_closed(symbol, info)
  File "C:\Users\Azuri\Desktop\anewBot\v13pro\guardian.py", line 357, in _resolve_closed
    await self._on_closed(symbol, est_r, pnl, reason, 0)
  File "C:\Users\Azuri\Desktop\anewBot\v13pro\bot.py", line 634, in _on_position_closed
    log.position_closed(symbol, pnl_r, pnl_usd, reason)
    ~~~~~~~~~~~~~~~~~~~^^^^^^^^^^^^^^^^^^^^^^^^^^^^^^^^
TypeError: position_closed() missing 3 required positional arguments: 'pnl_r', 'pnl_usd', and 'reason'

2026-02-24 09:10:20 | INFO    | Guardian: XAUT/USDT:USDT position gone -- resolving
2026-02-24 09:10:22 | ERROR   | Guardian XAUT/USDT:USDT: position_closed() missing 3 required positional arguments: 'pnl_r', 'pnl_usd', and 'reason'
2026-02-24 09:10:22 | DEBUG   | Traceback (most recent call last):
  File "C:\Users\Azuri\Desktop\anewBot\v13pro\guardian.py", line 119, in _poll_all
    await self._poll_one(symbol, pos_map)
  File "C:\Users\Azuri\Desktop\anewBot\v13pro\guardian.py", line 136, in _poll_one
    await self._resolve_closed(symbol, info)
  File "C:\Users\Azuri\Desktop\anewBot\v13pro\guardian.py", line 357, in _resolve_closed
    await self._on_closed(symbol, est_r, pnl, reason, 0)
  File "C:\Users\Azuri\Desktop\anewBot\v13pro\bot.py", line 634, in _on_position_closed
    log.position_closed(symbol, pnl_r, pnl_usd, reason)
    ~~~~~~~~~~~~~~~~~~~^^^^^^^^^^^^^^^^^^^^^^^^^^^^^^^^
TypeError: position_closed() missing 3 required positional arguments: 'pnl_r', 'pnl_usd', and 'reason'

2026-02-24 09:10:37 | INFO    | Guardian: XAUT/USDT:USDT position gone -- resolving
2026-02-24 09:10:40 | ERROR   | Guardian XAUT/USDT:USDT: position_closed() missing 3 required positional arguments: 'pnl_r', 'pnl_usd', and 'reason'
2026-02-24 09:10:40 | DEBUG   | Traceback (most recent call last):
  File "C:\Users\Azuri\Desktop\anewBot\v13pro\guardian.py", line 119, in _poll_all
    await self._poll_one(symbol, pos_map)
  File "C:\Users\Azuri\Desktop\anewBot\v13pro\guardian.py", line 136, in _poll_one
    await self._resolve_closed(symbol, info)
  File "C:\Users\Azuri\Desktop\anewBot\v13pro\guardian.py", line 357, in _resolve_closed
    await self._on_closed(symbol, est_r, pnl, reason, 0)
  File "C:\Users\Azuri\Desktop\anewBot\v13pro\bot.py", line 634, in _on_position_closed
    log.position_closed(symbol, pnl_r, pnl_usd, reason)
    ~~~~~~~~~~~~~~~~~~~^^^^^^^^^^^^^^^^^^^^^^^^^^^^^^^^
TypeError: position_closed() missing 3 required positional arguments: 'pnl_r', 'pnl_usd', and 'reason'

2026-02-24 09:10:56 | INFO    | Guardian: XAUT/USDT:USDT position gone -- resolving
2026-02-24 09:10:58 | ERROR   | Guardian XAUT/USDT:USDT: position_closed() missing 3 required positional arguments: 'pnl_r', 'pnl_usd', and 'reason'
2026-02-24 09:10:58 | DEBUG   | Traceback (most recent call last):
  File "C:\Users\Azuri\Desktop\anewBot\v13pro\guardian.py", line 119, in _poll_all
    await self._poll_one(symbol, pos_map)
  File "C:\Users\Azuri\Desktop\anewBot\v13pro\guardian.py", line 136, in _poll_one
    await self._resolve_closed(symbol, info)
  File "C:\Users\Azuri\Desktop\anewBot\v13pro\guardian.py", line 357, in _resolve_closed
    await self._on_closed(symbol, est_r, pnl, reason, 0)
  File "C:\Users\Azuri\Desktop\anewBot\v13pro\bot.py", line 634, in _on_position_closed
    log.position_closed(symbol, pnl_r, pnl_usd, reason)
    ~~~~~~~~~~~~~~~~~~~^^^^^^^^^^^^^^^^^^^^^^^^^^^^^^^^
TypeError: position_closed() missing 3 required positional arguments: 'pnl_r', 'pnl_usd', and 'reason'

2026-02-24 09:11:13 | INFO    | Guardian: XAUT/USDT:USDT position gone -- resolving
2026-02-24 09:11:15 | ERROR   | Guardian XAUT/USDT:USDT: position_closed() missing 3 required positional arguments: 'pnl_r', 'pnl_usd', and 'reason'
2026-02-24 09:11:15 | DEBUG   | Traceback (most recent call last):
  File "C:\Users\Azuri\Desktop\anewBot\v13pro\guardian.py", line 119, in _poll_all
    await self._poll_one(symbol, pos_map)
  File "C:\Users\Azuri\Desktop\anewBot\v13pro\guardian.py", line 136, in _poll_one
    await self._resolve_closed(symbol, info)
  File "C:\Users\Azuri\Desktop\anewBot\v13pro\guardian.py", line 357, in _resolve_closed
    await self._on_closed(symbol, est_r, pnl, reason, 0)
  File "C:\Users\Azuri\Desktop\anewBot\v13pro\bot.py", line 634, in _on_position_closed
    log.position_closed(symbol, pnl_r, pnl_usd, reason)
    ~~~~~~~~~~~~~~~~~~~^^^^^^^^^^^^^^^^^^^^^^^^^^^^^^^^
TypeError: position_closed() missing 3 required positional arguments: 'pnl_r', 'pnl_usd', and 'reason'

2026-02-24 09:11:31 | INFO    | Guardian: XAUT/USDT:USDT position gone -- resolving
2026-02-24 09:11:33 | ERROR   | Guardian XAUT/USDT:USDT: position_closed() missing 3 required positional arguments: 'pnl_r', 'pnl_usd', and 'reason'
2026-02-24 09:11:33 | DEBUG   | Traceback (most recent call last):
  File "C:\Users\Azuri\Desktop\anewBot\v13pro\guardian.py", line 119, in _poll_all
    await self._poll_one(symbol, pos_map)
  File "C:\Users\Azuri\Desktop\anewBot\v13pro\guardian.py", line 136, in _poll_one
    await self._resolve_closed(symbol, info)
  File "C:\Users\Azuri\Desktop\anewBot\v13pro\guardian.py", line 357, in _resolve_closed
    await self._on_closed(symbol, est_r, pnl, reason, 0)
  File "C:\Users\Azuri\Desktop\anewBot\v13pro\bot.py", line 634, in _on_position_closed
    log.position_closed(symbol, pnl_r, pnl_usd, reason)
    ~~~~~~~~~~~~~~~~~~~^^^^^^^^^^^^^^^^^^^^^^^^^^^^^^^^
TypeError: position_closed() missing 3 required positional arguments: 'pnl_r', 'pnl_usd', and 'reason'

2026-02-24 09:19:02 | INFO    |   Registry: skipped 2 combos (delisted pairs)
2026-02-24 09:19:02 | INFO    | 
[96m══════════════════════════════════════════════════════════[0m
2026-02-24 09:19:02 | INFO    |   🛫 [1m[97mPREFLIGHT CHECK[0m
2026-02-24 09:19:02 | INFO    | [96m══════════════════════════════════════════════════════════[0m
2026-02-24 09:19:02 | INFO    |   [92m✅ PASS[0m  [1mimports        [0m [2m15 modules OK[0m
2026-02-24 09:19:02 | INFO    |   [92m✅ PASS[0m  [1mconfig         [0m [2mAll config params valid[0m
2026-02-24 09:19:02 | INFO    |   [92m✅ PASS[0m  [1mapi_keys       [0m [2mKey: AjbKwn...nyta[0m
2026-02-24 09:19:02 | INFO    |   [92m✅ PASS[0m  [1mcombos         [0m [2m50 combos, 40 pairs, 3 TFs[0m
2026-02-24 09:19:02 | INFO    |   [92m✅ PASS[0m  [1mstrategies     [0m [2m12 strategies OK[0m
2026-02-24 09:19:02 | INFO    |   [92m✅ PASS[0m  [1mstate          [0m [2mEquity: $500.72, trades: 6[0m
2026-02-24 09:19:02 | INFO    |   [92m✅ PASS[0m  [1mdisk           [0m [2m275111MB free[0m
2026-02-24 09:19:02 | INFO    |   [92m✅ PASS[0m  [1mlog_dir        [0m [2mC:\Users\Azuri\Desktop\anewBot\v13pro\logs[0m
2026-02-24 09:19:02 | INFO    |   [2m──────────────────────────────────────────────────────[0m
2026-02-24 09:19:02 | INFO    |   [92m🟢 ALL 8 CHECKS PASSED[0m [2m(0 warnings)[0m
2026-02-24 09:19:02 | INFO    | [96m══════════════════════════════════════════════════════════[0m

2026-02-24 09:19:02 | INFO    | 
[96m══════════════════════════════════════════════════════════[0m
2026-02-24 09:19:02 | INFO    |   🤖 [1m[97mv13pro FCB Bot[0m    [91m[1m🔴 LIVE TRADING[0m
2026-02-24 09:19:02 | INFO    | [96m══════════════════════════════════════════════════════════[0m
2026-02-24 09:19:02 | INFO    |   [1m📦 PORTFOLIO[0m
2026-02-24 09:19:02 | INFO    |      Combos     [92m48[0m              Pairs  [92m35[0m
2026-02-24 09:19:02 | INFO    |      Timeframes [92m['15m', '1h', '30m'][0m
2026-02-24 09:19:02 | INFO    |   [2m──────────────────────────────────────────────────────[0m
2026-02-24 09:19:02 | INFO    |   [1m⚙️  EXECUTION[0m
2026-02-24 09:19:02 | INFO    |      Maker TP   [92mON[0m
2026-02-24 09:19:02 | INFO    |      Maker Entry[92m ON[0m
2026-02-24 09:19:02 | INFO    |      Skill min  [93m20[0m
2026-02-24 09:19:02 | INFO    |      Risk       [93m2.0%[0m   Lev  [93m8x[0m   MaxPos  [93m7[0m
2026-02-24 09:19:02 | INFO    | [96m══════════════════════════════════════════════════════════[0m

2026-02-24 09:19:04 | INFO    | Connected to Bybit (MAINNET) — 3505 markets loaded [async]
2026-02-24 09:19:05 | INFO    | Equity: $500.35 | Peak: $500.72
2026-02-24 09:19:08 | INFO    |   📡 WSData: starting 39 subscriptions across 3 TFs
2026-02-24 09:19:19 | INFO    |   📡 WSData: pre-fetched 39 buffers (220 bars each)
2026-02-24 09:19:19 | INFO    |   📡 WSData: 4 stream tasks launched
2026-02-24 09:19:19 | INFO    | Guardian started (async)
2026-02-24 09:19:19 | INFO    | Hunter started (async)
2026-02-24 09:19:19 | INFO    | Aftermath tracker started
2026-02-24 09:19:19 | INFO    | Watchdog started
2026-02-24 09:19:19 | INFO    | Warming up WS buffers...
2026-02-24 09:19:19 | INFO    |   WS warmup complete: 39 buffers ready
2026-02-24 09:19:19 | INFO    | Bot ready — entering main loop
2026-02-24 09:19:50 | DEBUG   | Hunter: 128 liquid candidates (ex-portfolio)
2026-02-24 09:20:10 | INFO    | Hunter: found 18 signals on non-portfolio pairs
2026-02-24 09:20:10 | INFO    |   >> SHORT BTC/USDT:USDT [TR_PULL] [HUNTER] conv=75A qty=0.017 entry≈64879.900000 SL=65202.600000 TP=64234.400000 exit=fix2.0 risk=$5.50
2026-02-24 09:20:11 | DEBUG   | Guardian tracking BTC/USDT:USDT short entry=64879.9 sl=65202.6 exit=fix2.0
2026-02-24 09:20:11 | INFO    |   📉 [91mSHORT[0m [1mBTC[0m @ 64879.9  SL=65202.6  TP=64234.4  qty=0.017  risk=$5.50
2026-02-24 09:20:11 | DEBUG   | Hunter on_signals callback error: type str doesn't define __round__ method
2026-02-24 09:20:20 | INFO    | Guardian: BTC/USDT:USDT position gone -- resolving
2026-02-24 09:20:22 | INFO    |   ❌ [1mBTC[0m closed (sl) [91m-1.04R[0m ([91m$-5.72[0m)
2026-02-24 09:20:22 | ERROR   | Guardian BTC/USDT:USDT: log_exit() missing 2 required positional arguments: 'pnl_usd' and 'reason'
2026-02-24 09:20:22 | DEBUG   | Traceback (most recent call last):
  File "C:\Users\Azuri\Desktop\anewBot\v13pro\guardian.py", line 119, in _poll_all
    await self._poll_one(symbol, pos_map)
  File "C:\Users\Azuri\Desktop\anewBot\v13pro\guardian.py", line 136, in _poll_one
    await self._resolve_closed(symbol, info)
  File "C:\Users\Azuri\Desktop\anewBot\v13pro\guardian.py", line 357, in _resolve_closed
    await self._on_closed(symbol, est_r, pnl, reason, 0)
  File "C:\Users\Azuri\Desktop\anewBot\v13pro\bot.py", line 664, in _on_position_closed
    tlog.log_exit(symbol, exit_price, pnl_r, pnl_usd, reason)
    ~~~~~~~~~~~~~^^^^^^^^^^^^^^^^^^^^^^^^^^^^^^^^^^^^^^^^^^^^
TypeError: log_exit() missing 2 required positional arguments: 'pnl_usd' and 'reason'

2026-02-24 09:20:37 | INFO    | Guardian: BTC/USDT:USDT position gone -- resolving
2026-02-24 09:20:39 | INFO    |   ❌ [1mBTC[0m closed (sl) [91m-1.04R[0m ([91m$-5.72[0m)
2026-02-24 09:20:39 | ERROR   | Guardian BTC/USDT:USDT: log_exit() missing 2 required positional arguments: 'pnl_usd' and 'reason'
2026-02-24 09:20:39 | DEBUG   | Traceback (most recent call last):
  File "C:\Users\Azuri\Desktop\anewBot\v13pro\guardian.py", line 119, in _poll_all
    await self._poll_one(symbol, pos_map)
  File "C:\Users\Azuri\Desktop\anewBot\v13pro\guardian.py", line 136, in _poll_one
    await self._resolve_closed(symbol, info)
  File "C:\Users\Azuri\Desktop\anewBot\v13pro\guardian.py", line 357, in _resolve_closed
    await self._on_closed(symbol, est_r, pnl, reason, 0)
  File "C:\Users\Azuri\Desktop\anewBot\v13pro\bot.py", line 664, in _on_position_closed
    tlog.log_exit(symbol, exit_price, pnl_r, pnl_usd, reason)
    ~~~~~~~~~~~~~^^^^^^^^^^^^^^^^^^^^^^^^^^^^^^^^^^^^^^^^^^^^
TypeError: log_exit() missing 2 required positional arguments: 'pnl_usd' and 'reason'

2026-02-24 09:20:54 | INFO    | Guardian: BTC/USDT:USDT position gone -- resolving
2026-02-24 09:20:57 | INFO    |   ❌ [1mBTC[0m closed (sl) [91m-1.04R[0m ([91m$-5.72[0m)
2026-02-24 09:20:57 | ERROR   | Guardian BTC/USDT:USDT: log_exit() missing 2 required positional arguments: 'pnl_usd' and 'reason'
2026-02-24 09:20:57 | DEBUG   | Traceback (most recent call last):
  File "C:\Users\Azuri\Desktop\anewBot\v13pro\guardian.py", line 119, in _poll_all
    await self._poll_one(symbol, pos_map)
  File "C:\Users\Azuri\Desktop\anewBot\v13pro\guardian.py", line 136, in _poll_one
    await self._resolve_closed(symbol, info)
  File "C:\Users\Azuri\Desktop\anewBot\v13pro\guardian.py", line 357, in _resolve_closed
    await self._on_closed(symbol, est_r, pnl, reason, 0)
  File "C:\Users\Azuri\Desktop\anewBot\v13pro\bot.py", line 664, in _on_position_closed
    tlog.log_exit(symbol, exit_price, pnl_r, pnl_usd, reason)
    ~~~~~~~~~~~~~^^^^^^^^^^^^^^^^^^^^^^^^^^^^^^^^^^^^^^^^^^^^
TypeError: log_exit() missing 2 required positional arguments: 'pnl_usd' and 'reason'

2026-02-24 09:21:12 | INFO    | Guardian: BTC/USDT:USDT position gone -- resolving
2026-02-24 09:21:14 | INFO    |   ❌ [1mBTC[0m closed (sl) [91m-1.04R[0m ([91m$-5.72[0m)
2026-02-24 09:21:14 | ERROR   | Guardian BTC/USDT:USDT: log_exit() missing 2 required positional arguments: 'pnl_usd' and 'reason'
2026-02-24 09:21:14 | DEBUG   | Traceback (most recent call last):
  File "C:\Users\Azuri\Desktop\anewBot\v13pro\guardian.py", line 119, in _poll_all
    await self._poll_one(symbol, pos_map)
  File "C:\Users\Azuri\Desktop\anewBot\v13pro\guardian.py", line 136, in _poll_one
    await self._resolve_closed(symbol, info)
  File "C:\Users\Azuri\Desktop\anewBot\v13pro\guardian.py", line 357, in _resolve_closed
    await self._on_closed(symbol, est_r, pnl, reason, 0)
  File "C:\Users\Azuri\Desktop\anewBot\v13pro\bot.py", line 664, in _on_position_closed
    tlog.log_exit(symbol, exit_price, pnl_r, pnl_usd, reason)
    ~~~~~~~~~~~~~^^^^^^^^^^^^^^^^^^^^^^^^^^^^^^^^^^^^^^^^^^^^
TypeError: log_exit() missing 2 required positional arguments: 'pnl_usd' and 'reason'

2026-02-24 09:21:29 | INFO    | Guardian: BTC/USDT:USDT position gone -- resolving
2026-02-24 09:21:31 | INFO    |   ❌ [1mBTC[0m closed (sl) [91m-1.04R[0m ([91m$-5.72[0m)
2026-02-24 09:21:31 | ERROR   | Guardian BTC/USDT:USDT: log_exit() missing 2 required positional arguments: 'pnl_usd' and 'reason'
2026-02-24 09:21:31 | DEBUG   | Traceback (most recent call last):
  File "C:\Users\Azuri\Desktop\anewBot\v13pro\guardian.py", line 119, in _poll_all
    await self._poll_one(symbol, pos_map)
  File "C:\Users\Azuri\Desktop\anewBot\v13pro\guardian.py", line 136, in _poll_one
    await self._resolve_closed(symbol, info)
  File "C:\Users\Azuri\Desktop\anewBot\v13pro\guardian.py", line 357, in _resolve_closed
    await self._on_closed(symbol, est_r, pnl, reason, 0)
  File "C:\Users\Azuri\Desktop\anewBot\v13pro\bot.py", line 664, in _on_position_closed
    tlog.log_exit(symbol, exit_price, pnl_r, pnl_usd, reason)
    ~~~~~~~~~~~~~^^^^^^^^^^^^^^^^^^^^^^^^^^^^^^^^^^^^^^^^^^^^
TypeError: log_exit() missing 2 required positional arguments: 'pnl_usd' and 'reason'

2026-02-24 09:21:47 | INFO    | Guardian: BTC/USDT:USDT position gone -- resolving
2026-02-24 09:21:49 | INFO    |   ❌ [1mBTC[0m closed (sl) [91m-1.04R[0m ([91m$-5.72[0m)
2026-02-24 09:21:49 | ERROR   | Guardian BTC/USDT:USDT: log_exit() missing 2 required positional arguments: 'pnl_usd' and 'reason'
2026-02-24 09:21:49 | DEBUG   | Traceback (most recent call last):
  File "C:\Users\Azuri\Desktop\anewBot\v13pro\guardian.py", line 119, in _poll_all
    await self._poll_one(symbol, pos_map)
  File "C:\Users\Azuri\Desktop\anewBot\v13pro\guardian.py", line 136, in _poll_one
    await self._resolve_closed(symbol, info)
  File "C:\Users\Azuri\Desktop\anewBot\v13pro\guardian.py", line 357, in _resolve_closed
    await self._on_closed(symbol, est_r, pnl, reason, 0)
  File "C:\Users\Azuri\Desktop\anewBot\v13pro\bot.py", line 664, in _on_position_closed
    tlog.log_exit(symbol, exit_price, pnl_r, pnl_usd, reason)
    ~~~~~~~~~~~~~^^^^^^^^^^^^^^^^^^^^^^^^^^^^^^^^^^^^^^^^^^^^
TypeError: log_exit() missing 2 required positional arguments: 'pnl_usd' and 'reason'

2026-02-24 09:22:04 | INFO    | Guardian: BTC/USDT:USDT position gone -- resolving
2026-02-24 09:22:06 | INFO    |   ❌ [1mBTC[0m closed (sl) [91m-1.04R[0m ([91m$-5.72[0m)
2026-02-24 09:22:06 | ERROR   | Guardian BTC/USDT:USDT: log_exit() missing 2 required positional arguments: 'pnl_usd' and 'reason'
2026-02-24 09:22:06 | DEBUG   | Traceback (most recent call last):
  File "C:\Users\Azuri\Desktop\anewBot\v13pro\guardian.py", line 119, in _poll_all
    await self._poll_one(symbol, pos_map)
  File "C:\Users\Azuri\Desktop\anewBot\v13pro\guardian.py", line 136, in _poll_one
    await self._resolve_closed(symbol, info)
  File "C:\Users\Azuri\Desktop\anewBot\v13pro\guardian.py", line 357, in _resolve_closed
    await self._on_closed(symbol, est_r, pnl, reason, 0)
  File "C:\Users\Azuri\Desktop\anewBot\v13pro\bot.py", line 664, in _on_position_closed
    tlog.log_exit(symbol, exit_price, pnl_r, pnl_usd, reason)
    ~~~~~~~~~~~~~^^^^^^^^^^^^^^^^^^^^^^^^^^^^^^^^^^^^^^^^^^^^
TypeError: log_exit() missing 2 required positional arguments: 'pnl_usd' and 'reason'

2026-02-24 09:22:21 | INFO    | Guardian: BTC/USDT:USDT position gone -- resolving
2026-02-24 09:22:23 | INFO    |   ❌ [1mBTC[0m closed (sl) [91m-1.04R[0m ([91m$-5.72[0m)
2026-02-24 09:22:23 | ERROR   | Guardian BTC/USDT:USDT: log_exit() missing 2 required positional arguments: 'pnl_usd' and 'reason'
2026-02-24 09:22:23 | DEBUG   | Traceback (most recent call last):
  File "C:\Users\Azuri\Desktop\anewBot\v13pro\guardian.py", line 119, in _poll_all
    await self._poll_one(symbol, pos_map)
  File "C:\Users\Azuri\Desktop\anewBot\v13pro\guardian.py", line 136, in _poll_one
    await self._resolve_closed(symbol, info)
  File "C:\Users\Azuri\Desktop\anewBot\v13pro\guardian.py", line 357, in _resolve_closed
    await self._on_closed(symbol, est_r, pnl, reason, 0)
  File "C:\Users\Azuri\Desktop\anewBot\v13pro\bot.py", line 664, in _on_position_closed
    tlog.log_exit(symbol, exit_price, pnl_r, pnl_usd, reason)
    ~~~~~~~~~~~~~^^^^^^^^^^^^^^^^^^^^^^^^^^^^^^^^^^^^^^^^^^^^
TypeError: log_exit() missing 2 required positional arguments: 'pnl_usd' and 'reason'

2026-02-24 09:22:39 | INFO    | Guardian: BTC/USDT:USDT position gone -- resolving
2026-02-24 09:22:41 | INFO    |   ❌ [1mBTC[0m closed (sl) [91m-1.04R[0m ([91m$-5.72[0m)
2026-02-24 09:22:41 | ERROR   | Guardian BTC/USDT:USDT: log_exit() missing 2 required positional arguments: 'pnl_usd' and 'reason'
2026-02-24 09:22:41 | DEBUG   | Traceback (most recent call last):
  File "C:\Users\Azuri\Desktop\anewBot\v13pro\guardian.py", line 119, in _poll_all
    await self._poll_one(symbol, pos_map)
  File "C:\Users\Azuri\Desktop\anewBot\v13pro\guardian.py", line 136, in _poll_one
    await self._resolve_closed(symbol, info)
  File "C:\Users\Azuri\Desktop\anewBot\v13pro\guardian.py", line 357, in _resolve_closed
    await self._on_closed(symbol, est_r, pnl, reason, 0)
  File "C:\Users\Azuri\Desktop\anewBot\v13pro\bot.py", line 664, in _on_position_closed
    tlog.log_exit(symbol, exit_price, pnl_r, pnl_usd, reason)
    ~~~~~~~~~~~~~^^^^^^^^^^^^^^^^^^^^^^^^^^^^^^^^^^^^^^^^^^^^
TypeError: log_exit() missing 2 required positional arguments: 'pnl_usd' and 'reason'

2026-02-24 09:22:56 | INFO    | Guardian: BTC/USDT:USDT position gone -- resolving
2026-02-24 09:22:58 | INFO    |   ❌ [1mBTC[0m closed (sl) [91m-1.04R[0m ([91m$-5.72[0m)
2026-02-24 09:22:58 | ERROR   | Guardian BTC/USDT:USDT: log_exit() missing 2 required positional arguments: 'pnl_usd' and 'reason'
2026-02-24 09:22:58 | DEBUG   | Traceback (most recent call last):
  File "C:\Users\Azuri\Desktop\anewBot\v13pro\guardian.py", line 119, in _poll_all
    await self._poll_one(symbol, pos_map)
  File "C:\Users\Azuri\Desktop\anewBot\v13pro\guardian.py", line 136, in _poll_one
    await self._resolve_closed(symbol, info)
  File "C:\Users\Azuri\Desktop\anewBot\v13pro\guardian.py", line 357, in _resolve_closed
    await self._on_closed(symbol, est_r, pnl, reason, 0)
  File "C:\Users\Azuri\Desktop\anewBot\v13pro\bot.py", line 664, in _on_position_closed
    tlog.log_exit(symbol, exit_price, pnl_r, pnl_usd, reason)
    ~~~~~~~~~~~~~^^^^^^^^^^^^^^^^^^^^^^^^^^^^^^^^^^^^^^^^^^^^
TypeError: log_exit() missing 2 required positional arguments: 'pnl_usd' and 'reason'

2026-02-24 09:24:59 | INFO    | 
[96m══════════════════════════════════════════════════════════[0m
2026-02-24 09:24:59 | INFO    |   🤖 [1m[97mv13pro LIVE DASHBOARD[0m    [92m🟢 TRADING[0m
2026-02-24 09:24:59 | INFO    |   [2m2026-02-23 22:24:59 UTC[0m   [2mSession: ny[0m
2026-02-24 09:24:59 | INFO    | [96m══════════════════════════════════════════════════════════[0m
2026-02-24 09:24:59 | INFO    |   [1m💰 EQUITY[0m
2026-02-24 09:24:59 | INFO    |      Balance   [92m[1m$500.13[0m               Peak  $500.72
2026-02-24 09:24:59 | INFO    |      Growth    [92m+0.0%[0m                DD    [92m0.1%[0m
2026-02-24 09:24:59 | INFO    |      Target    $5,000       [92m██[2m░░░░░░░░░░░░░░░░░░[0m 10%
2026-02-24 09:24:59 | INFO    |      [2mPhase 2: Growth → $1K[0m
2026-02-24 09:24:59 | INFO    |   [2m──────────────────────────────────────────────────────[0m
2026-02-24 09:24:59 | INFO    |   [1m📊 TRADING[0m
2026-02-24 09:24:59 | INFO    |      Positions [97m1[0m / 7              Scans   0
2026-02-24 09:24:59 | INFO    |      Signals   0                Trades  0
2026-02-24 09:24:59 | INFO    |   [2m──────────────────────────────────────────────────────[0m
2026-02-24 09:24:59 | INFO    |   [1m🧠 INTELLIGENCE[0m
2026-02-24 09:24:59 | INFO    |      🎯 Skill     min=20  eval=242  pass=232  rej=10
2026-02-24 09:24:59 | INFO    |      📚 Learner   3 outcomes tracked
2026-02-24 09:24:59 | INFO    |      💚 Watchdog  [92mHEALTHY[0m     📡 WS  74 buffers
2026-02-24 09:24:59 | INFO    |      🔭 Hunter    18 non-portfolio signals
2026-02-24 09:24:59 | INFO    |      🧬 DNA       1 records  [2m0 proven clusters[0m
2026-02-24 09:24:59 | INFO    |   [2m──────────────────────────────────────────────────────[0m
2026-02-24 09:24:59 | INFO    |   [1m⚙️  CONFIG[0m
2026-02-24 09:24:59 | INFO    |      Risk       [93m2.0%[0m   Lev  [93m8x[0m   MaxPos [93m7[0m
2026-02-24 09:24:59 | INFO    |      Maker TP   [92mON[0m              Maker Entry  [92mON[0m
2026-02-24 09:24:59 | INFO    |      Combos     48                Pairs  35
2026-02-24 09:24:59 | INFO    |      Uptime     0.1h
2026-02-24 09:24:59 | INFO    | [96m══════════════════════════════════════════════════════════[0m

2026-02-24 09:25:11 | DEBUG   | Hunter: 127 liquid candidates (ex-portfolio)
2026-02-24 09:25:29 | INFO    | Hunter: found 20 signals on non-portfolio pairs
2026-02-24 09:25:30 | INFO    |   >> SHORT XRP/USDT:USDT [TR_PULL] [HUNTER] conv=73A qty=684.9 entry≈1.363600 SL=1.371600 TP=1.347500 exit=fix2.0 risk=$5.50
2026-02-24 09:25:30 | ERROR   | Order XRP/USDT:USDT: bybit {"retCode":10001,"retMsg":"position idx not match position mode","result":{},"retExtInfo":{},"time":1771885531034}
2026-02-24 09:25:30 | DEBUG   | Traceback (most recent call last):
  File "C:\Users\Azuri\Desktop\anewBot\v13pro\bot.py", line 507, in _execute_signal
    order = await ex_mod.place_limit_order(
            ^^^^^^^^^^^^^^^^^^^^^^^^^^^^^^^
        self._ex, symbol, sig.side, qty, entry_price,
        ^^^^^^^^^^^^^^^^^^^^^^^^^^^^^^^^^^^^^^^^^^^^^
        sl_price, tp_price)
        ^^^^^^^^^^^^^^^^^^^
  File "C:\Users\Azuri\Desktop\anewBot\v13pro\exchange.py", line 158, in place_limit_order
    order = await ex.create_order(symbol, "limit", side, qty, price, params=params)
            ^^^^^^^^^^^^^^^^^^^^^^^^^^^^^^^^^^^^^^^^^^^^^^^^^^^^^^^^^^^^^^^^^^^^^^^
  File "C:\Users\Azuri\Desktop\anewBot\.venv\Lib\site-packages\ccxt\async_support\bybit.py", line 3902, in create_order
    response = await self.privatePostV5OrderCreate(orderRequest)
               ^^^^^^^^^^^^^^^^^^^^^^^^^^^^^^^^^^^^^^^^^^^^^^^^^
  File "C:\Users\Azuri\Desktop\anewBot\.venv\Lib\site-packages\ccxt\async_support\base\exchange.py", line 995, in request
    return await self.fetch2(path, api, method, params, headers, body, config)
           ^^^^^^^^^^^^^^^^^^^^^^^^^^^^^^^^^^^^^^^^^^^^^^^^^^^^^^^^^^^^^^^^^^^
  File "C:\Users\Azuri\Desktop\anewBot\.venv\Lib\site-packages\ccxt\async_support\base\exchange.py", line 991, in fetch2
    raise e
  File "C:\Users\Azuri\Desktop\anewBot\.venv\Lib\site-packages\ccxt\async_support\base\exchange.py", line 979, in fetch2
    return await self.fetch(request['url'], request['method'], request['headers'], request['body'])
           ^^^^^^^^^^^^^^^^^^^^^^^^^^^^^^^^^^^^^^^^^^^^^^^^^^^^^^^^^^^^^^^^^^^^^^^^^^^^^^^^^^^^^^^^
  File "C:\Users\Azuri\Desktop\anewBot\.venv\Lib\site-packages\ccxt\async_support\base\exchange.py", line 263, in fetch
    self.handle_errors(http_status_code, http_status_text, url, method, headers, http_response, json_response, request_headers, request_body)
    ~~~~~~~~~~~~~~~~~~^^^^^^^^^^^^^^^^^^^^^^^^^^^^^^^^^^^^^^^^^^^^^^^^^^^^^^^^^^^^^^^^^^^^^^^^^^^^^^^^^^^^^^^^^^^^^^^^^^^^^^^^^^^^^^^^^^^^^^^
  File "C:\Users\Azuri\Desktop\anewBot\.venv\Lib\site-packages\ccxt\async_support\bybit.py", line 9158, in handle_errors
    self.throw_exactly_matched_exception(self.exceptions['exact'], errorCode, feedback)
    ~~~~~~~~~~~~~~~~~~~~~~~~~~~~~~~~~~~~^^^^^^^^^^^^^^^^^^^^^^^^^^^^^^^^^^^^^^^^^^^^^^^
  File "C:\Users\Azuri\Desktop\anewBot\.venv\Lib\site-packages\ccxt\base\exchange.py", line 5435, in throw_exactly_matched_exception
    raise exact[string](message)
ccxt.base.errors.BadRequest: bybit {"retCode":10001,"retMsg":"position idx not match position mode","result":{},"retExtInfo":{},"time":1771885531034}

2026-02-24 09:25:31 | INFO    |   >> SHORT HYPE/USDT:USDT [TR_PULL] [HUNTER] conv=79A qty=25.25 entry≈26.433000 SL=26.651000 TP=25.997000 exit=fix2.0 risk=$5.50
2026-02-24 09:25:31 | DEBUG   | Guardian tracking HYPE/USDT:USDT short entry=26.433 sl=26.651 exit=fix2.0
2026-02-24 09:25:31 | INFO    |   📉 [91mSHORT[0m [1mHYPE[0m @ 26.433  SL=26.651  TP=25.997  qty=25.25  risk=$5.50
2026-02-24 09:25:31 | DEBUG   | Hunter on_signals callback error: type str doesn't define __round__ method
2026-02-24 09:25:32 | INFO    | Guardian: HYPE/USDT:USDT position gone -- resolving
2026-02-24 09:25:34 | INFO    |   ❌ [1mHYPE[0m closed (sl) [91m-0.54R[0m ([91m$-2.96[0m)
2026-02-24 09:25:34 | WARNING | Guardian resolve HYPE/USDT:USDT: log_exit() missing 2 required positional arguments: 'pnl_usd' and 'reason'
2026-02-24 09:25:34 | INFO    |   ❌ [1mHYPE[0m closed (sl) [91m-1.04R[0m ([91m$-5.72[0m)
2026-02-24 09:25:34 | ERROR   | Guardian HYPE/USDT:USDT: log_exit() missing 2 required positional arguments: 'pnl_usd' and 'reason'
2026-02-24 09:25:34 | DEBUG   | Traceback (most recent call last):
  File "C:\Users\Azuri\Desktop\anewBot\v13pro\guardian.py", line 119, in _poll_all
    await self._poll_one(symbol, pos_map)
  File "C:\Users\Azuri\Desktop\anewBot\v13pro\guardian.py", line 136, in _poll_one
    await self._resolve_closed(symbol, info)
  File "C:\Users\Azuri\Desktop\anewBot\v13pro\guardian.py", line 357, in _resolve_closed
    await self._on_closed(symbol, est_r, pnl, reason, 0)
  File "C:\Users\Azuri\Desktop\anewBot\v13pro\bot.py", line 664, in _on_position_closed
    tlog.log_exit(symbol, exit_price, pnl_r, pnl_usd, reason)
    ~~~~~~~~~~~~~^^^^^^^^^^^^^^^^^^^^^^^^^^^^^^^^^^^^^^^^^^^^
TypeError: log_exit() missing 2 required positional arguments: 'pnl_usd' and 'reason'

2026-02-24 09:29:13 | INFO    |   Registry: skipped 2 combos (delisted pairs)
2026-02-24 09:29:13 | INFO    | 
[96m══════════════════════════════════════════════════════════[0m
2026-02-24 09:29:13 | INFO    |   🛫 [1m[97mPREFLIGHT CHECK[0m
2026-02-24 09:29:13 | INFO    | [96m══════════════════════════════════════════════════════════[0m
2026-02-24 09:29:13 | INFO    |   [92m✅ PASS[0m  [1mimports        [0m [2m15 modules OK[0m
2026-02-24 09:29:13 | INFO    |   [92m✅ PASS[0m  [1mconfig         [0m [2mAll config params valid[0m
2026-02-24 09:29:13 | INFO    |   [92m✅ PASS[0m  [1mapi_keys       [0m [2mKey: AjbKwn...nyta[0m
2026-02-24 09:29:13 | INFO    |   [92m✅ PASS[0m  [1mcombos         [0m [2m50 combos, 40 pairs, 3 TFs[0m
2026-02-24 09:29:13 | INFO    |   [92m✅ PASS[0m  [1mstrategies     [0m [2m12 strategies OK[0m
2026-02-24 09:29:13 | INFO    |   [92m✅ PASS[0m  [1mstate          [0m [2mEquity: $500.00, trades: 18[0m
2026-02-24 09:29:13 | INFO    |   [92m✅ PASS[0m  [1mdisk           [0m [2m275107MB free[0m
2026-02-24 09:29:13 | INFO    |   [92m✅ PASS[0m  [1mlog_dir        [0m [2mC:\Users\Azuri\Desktop\anewBot\v13pro\logs[0m
2026-02-24 09:29:13 | INFO    |   [2m──────────────────────────────────────────────────────[0m
2026-02-24 09:29:13 | INFO    |   [92m🟢 ALL 8 CHECKS PASSED[0m [2m(0 warnings)[0m
2026-02-24 09:29:13 | INFO    | [96m══════════════════════════════════════════════════════════[0m

2026-02-24 09:29:13 | INFO    | 
[96m══════════════════════════════════════════════════════════[0m
2026-02-24 09:29:13 | INFO    |   🤖 [1m[97mv13pro FCB Bot[0m    [91m[1m🔴 LIVE TRADING[0m
2026-02-24 09:29:13 | INFO    | [96m══════════════════════════════════════════════════════════[0m
2026-02-24 09:29:13 | INFO    |   [1m📦 PORTFOLIO[0m
2026-02-24 09:29:13 | INFO    |      Combos     [92m48[0m              Pairs  [92m35[0m
2026-02-24 09:29:13 | INFO    |      Timeframes [92m['15m', '1h', '30m'][0m
2026-02-24 09:29:13 | INFO    |   [2m──────────────────────────────────────────────────────[0m
2026-02-24 09:29:13 | INFO    |   [1m⚙️  EXECUTION[0m
2026-02-24 09:29:13 | INFO    |      Maker TP   [92mON[0m
2026-02-24 09:29:13 | INFO    |      Maker Entry[92m ON[0m
2026-02-24 09:29:13 | INFO    |      Skill min  [93m20[0m
2026-02-24 09:29:13 | INFO    |      Risk       [93m2.0%[0m   Lev  [93m8x[0m   MaxPos  [93m7[0m
2026-02-24 09:29:13 | INFO    | [96m══════════════════════════════════════════════════════════[0m

2026-02-24 09:29:17 | INFO    | Connected to Bybit (MAINNET) — 3505 markets loaded [async]
2026-02-24 09:29:17 | INFO    | Equity: $500.00 | Peak: $500.72
2026-02-24 09:29:20 | INFO    |   📡 WSData: starting 39 subscriptions across 3 TFs
2026-02-24 09:29:32 | INFO    |   📡 WSData: pre-fetched 39 buffers (220 bars each)
2026-02-24 09:29:32 | INFO    |   📡 WSData: 4 stream tasks launched
2026-02-24 09:29:32 | INFO    | Guardian started (async)
2026-02-24 09:29:32 | INFO    | Hunter started (async)
2026-02-24 09:29:32 | INFO    | Aftermath tracker started
2026-02-24 09:29:32 | INFO    | Watchdog started
2026-02-24 09:29:32 | INFO    | Warming up WS buffers...
2026-02-24 09:29:32 | INFO    |   WS warmup complete: 39 buffers ready
2026-02-24 09:29:32 | INFO    | Bot ready — entering main loop
2026-02-24 09:30:02 | DEBUG   | Hunter: 127 liquid candidates (ex-portfolio)
2026-02-24 09:30:22 | INFO    | Hunter: found 22 signals on non-portfolio pairs
2026-02-24 09:30:22 | INFO    |   >> SHORT ETH/USDT:USDT [EMA_RIB] [HUNTER] conv=70A qty=0.58 entry≈1865.020000 SL=1874.360000 TP=1846.340000 exit=fix2.0 risk=$5.50
2026-02-24 09:30:23 | ERROR   | Order ETH/USDT:USDT: bybit {"retCode":110007,"retMsg":"ab not enough for new order","result":{},"retExtInfo":{},"time":1771885823674}
2026-02-24 09:30:23 | DEBUG   | Traceback (most recent call last):
  File "C:\Users\Azuri\Desktop\anewBot\v13pro\bot.py", line 507, in _execute_signal
    order = await ex_mod.place_limit_order(
            ^^^^^^^^^^^^^^^^^^^^^^^^^^^^^^^
        self._ex, symbol, sig.side, qty, entry_price,
        ^^^^^^^^^^^^^^^^^^^^^^^^^^^^^^^^^^^^^^^^^^^^^
        sl_price, tp_price)
        ^^^^^^^^^^^^^^^^^^^
  File "C:\Users\Azuri\Desktop\anewBot\v13pro\exchange.py", line 158, in place_limit_order
    order = await ex.create_order(symbol, "limit", side, qty, price, params=params)
            ^^^^^^^^^^^^^^^^^^^^^^^^^^^^^^^^^^^^^^^^^^^^^^^^^^^^^^^^^^^^^^^^^^^^^^^
  File "C:\Users\Azuri\Desktop\anewBot\.venv\Lib\site-packages\ccxt\async_support\bybit.py", line 3902, in create_order
    response = await self.privatePostV5OrderCreate(orderRequest)
               ^^^^^^^^^^^^^^^^^^^^^^^^^^^^^^^^^^^^^^^^^^^^^^^^^
  File "C:\Users\Azuri\Desktop\anewBot\.venv\Lib\site-packages\ccxt\async_support\base\exchange.py", line 995, in request
    return await self.fetch2(path, api, method, params, headers, body, config)
           ^^^^^^^^^^^^^^^^^^^^^^^^^^^^^^^^^^^^^^^^^^^^^^^^^^^^^^^^^^^^^^^^^^^
  File "C:\Users\Azuri\Desktop\anewBot\.venv\Lib\site-packages\ccxt\async_support\base\exchange.py", line 991, in fetch2
    raise e
  File "C:\Users\Azuri\Desktop\anewBot\.venv\Lib\site-packages\ccxt\async_support\base\exchange.py", line 979, in fetch2
    return await self.fetch(request['url'], request['method'], request['headers'], request['body'])
           ^^^^^^^^^^^^^^^^^^^^^^^^^^^^^^^^^^^^^^^^^^^^^^^^^^^^^^^^^^^^^^^^^^^^^^^^^^^^^^^^^^^^^^^^
  File "C:\Users\Azuri\Desktop\anewBot\.venv\Lib\site-packages\ccxt\async_support\base\exchange.py", line 263, in fetch
    self.handle_errors(http_status_code, http_status_text, url, method, headers, http_response, json_response, request_headers, request_body)
    ~~~~~~~~~~~~~~~~~~^^^^^^^^^^^^^^^^^^^^^^^^^^^^^^^^^^^^^^^^^^^^^^^^^^^^^^^^^^^^^^^^^^^^^^^^^^^^^^^^^^^^^^^^^^^^^^^^^^^^^^^^^^^^^^^^^^^^^^^
  File "C:\Users\Azuri\Desktop\anewBot\.venv\Lib\site-packages\ccxt\async_support\bybit.py", line 9158, in handle_errors
    self.throw_exactly_matched_exception(self.exceptions['exact'], errorCode, feedback)
    ~~~~~~~~~~~~~~~~~~~~~~~~~~~~~~~~~~~~^^^^^^^^^^^^^^^^^^^^^^^^^^^^^^^^^^^^^^^^^^^^^^^
  File "C:\Users\Azuri\Desktop\anewBot\.venv\Lib\site-packages\ccxt\base\exchange.py", line 5435, in throw_exactly_matched_exception
    raise exact[string](message)
ccxt.base.errors.InsufficientFunds: bybit {"retCode":110007,"retMsg":"ab not enough for new order","result":{},"retExtInfo":{},"time":1771885823674}

2026-02-24 09:30:23 | INFO    |   >> SHORT ETH/USDT:USDT [TR_PULL] [HUNTER] conv=70A qty=0.58 entry≈1865.020000 SL=1874.360000 TP=1846.340000 exit=fix2.0 risk=$5.50
2026-02-24 09:30:24 | ERROR   | Order ETH/USDT:USDT: bybit {"retCode":110007,"retMsg":"ab not enough for new order","result":{},"retExtInfo":{},"time":1771885825084}
2026-02-24 09:30:24 | DEBUG   | Traceback (most recent call last):
  File "C:\Users\Azuri\Desktop\anewBot\v13pro\bot.py", line 507, in _execute_signal
    order = await ex_mod.place_limit_order(
            ^^^^^^^^^^^^^^^^^^^^^^^^^^^^^^^
        self._ex, symbol, sig.side, qty, entry_price,
        ^^^^^^^^^^^^^^^^^^^^^^^^^^^^^^^^^^^^^^^^^^^^^
        sl_price, tp_price)
        ^^^^^^^^^^^^^^^^^^^
  File "C:\Users\Azuri\Desktop\anewBot\v13pro\exchange.py", line 158, in place_limit_order
    order = await ex.create_order(symbol, "limit", side, qty, price, params=params)
            ^^^^^^^^^^^^^^^^^^^^^^^^^^^^^^^^^^^^^^^^^^^^^^^^^^^^^^^^^^^^^^^^^^^^^^^
  File "C:\Users\Azuri\Desktop\anewBot\.venv\Lib\site-packages\ccxt\async_support\bybit.py", line 3902, in create_order
    response = await self.privatePostV5OrderCreate(orderRequest)
               ^^^^^^^^^^^^^^^^^^^^^^^^^^^^^^^^^^^^^^^^^^^^^^^^^
  File "C:\Users\Azuri\Desktop\anewBot\.venv\Lib\site-packages\ccxt\async_support\base\exchange.py", line 995, in request
    return await self.fetch2(path, api, method, params, headers, body, config)
           ^^^^^^^^^^^^^^^^^^^^^^^^^^^^^^^^^^^^^^^^^^^^^^^^^^^^^^^^^^^^^^^^^^^
  File "C:\Users\Azuri\Desktop\anewBot\.venv\Lib\site-packages\ccxt\async_support\base\exchange.py", line 991, in fetch2
    raise e
  File "C:\Users\Azuri\Desktop\anewBot\.venv\Lib\site-packages\ccxt\async_support\base\exchange.py", line 979, in fetch2
    return await self.fetch(request['url'], request['method'], request['headers'], request['body'])
           ^^^^^^^^^^^^^^^^^^^^^^^^^^^^^^^^^^^^^^^^^^^^^^^^^^^^^^^^^^^^^^^^^^^^^^^^^^^^^^^^^^^^^^^^
  File "C:\Users\Azuri\Desktop\anewBot\.venv\Lib\site-packages\ccxt\async_support\base\exchange.py", line 263, in fetch
    self.handle_errors(http_status_code, http_status_text, url, method, headers, http_response, json_response, request_headers, request_body)
    ~~~~~~~~~~~~~~~~~~^^^^^^^^^^^^^^^^^^^^^^^^^^^^^^^^^^^^^^^^^^^^^^^^^^^^^^^^^^^^^^^^^^^^^^^^^^^^^^^^^^^^^^^^^^^^^^^^^^^^^^^^^^^^^^^^^^^^^^^
  File "C:\Users\Azuri\Desktop\anewBot\.venv\Lib\site-packages\ccxt\async_support\bybit.py", line 9158, in handle_errors
    self.throw_exactly_matched_exception(self.exceptions['exact'], errorCode, feedback)
    ~~~~~~~~~~~~~~~~~~~~~~~~~~~~~~~~~~~~^^^^^^^^^^^^^^^^^^^^^^^^^^^^^^^^^^^^^^^^^^^^^^^
  File "C:\Users\Azuri\Desktop\anewBot\.venv\Lib\site-packages\ccxt\base\exchange.py", line 5435, in throw_exactly_matched_exception
    raise exact[string](message)
ccxt.base.errors.InsufficientFunds: bybit {"retCode":110007,"retMsg":"ab not enough for new order","result":{},"retExtInfo":{},"time":1771885825084}

2026-02-24 09:30:25 | INFO    |   >> SHORT SOL/USDT:USDT [EMA_RIB] [HUNTER] conv=70A qty=11.9 entry≈78.710000 SL=79.170000 TP=77.790000 exit=fix2.0 risk=$5.50
2026-02-24 09:30:26 | ERROR   | Order SOL/USDT:USDT: bybit {"retCode":110007,"retMsg":"ab not enough for new order","result":{},"retExtInfo":{},"time":1771885826251}
2026-02-24 09:30:26 | DEBUG   | Traceback (most recent call last):
  File "C:\Users\Azuri\Desktop\anewBot\v13pro\bot.py", line 507, in _execute_signal
    order = await ex_mod.place_limit_order(
            ^^^^^^^^^^^^^^^^^^^^^^^^^^^^^^^
        self._ex, symbol, sig.side, qty, entry_price,
        ^^^^^^^^^^^^^^^^^^^^^^^^^^^^^^^^^^^^^^^^^^^^^
        sl_price, tp_price)
        ^^^^^^^^^^^^^^^^^^^
  File "C:\Users\Azuri\Desktop\anewBot\v13pro\exchange.py", line 158, in place_limit_order
    order = await ex.create_order(symbol, "limit", side, qty, price, params=params)
            ^^^^^^^^^^^^^^^^^^^^^^^^^^^^^^^^^^^^^^^^^^^^^^^^^^^^^^^^^^^^^^^^^^^^^^^
  File "C:\Users\Azuri\Desktop\anewBot\.venv\Lib\site-packages\ccxt\async_support\bybit.py", line 3902, in create_order
    response = await self.privatePostV5OrderCreate(orderRequest)
               ^^^^^^^^^^^^^^^^^^^^^^^^^^^^^^^^^^^^^^^^^^^^^^^^^
  File "C:\Users\Azuri\Desktop\anewBot\.venv\Lib\site-packages\ccxt\async_support\base\exchange.py", line 995, in request
    return await self.fetch2(path, api, method, params, headers, body, config)
           ^^^^^^^^^^^^^^^^^^^^^^^^^^^^^^^^^^^^^^^^^^^^^^^^^^^^^^^^^^^^^^^^^^^
  File "C:\Users\Azuri\Desktop\anewBot\.venv\Lib\site-packages\ccxt\async_support\base\exchange.py", line 991, in fetch2
    raise e
  File "C:\Users\Azuri\Desktop\anewBot\.venv\Lib\site-packages\ccxt\async_support\base\exchange.py", line 979, in fetch2
    return await self.fetch(request['url'], request['method'], request['headers'], request['body'])
           ^^^^^^^^^^^^^^^^^^^^^^^^^^^^^^^^^^^^^^^^^^^^^^^^^^^^^^^^^^^^^^^^^^^^^^^^^^^^^^^^^^^^^^^^
  File "C:\Users\Azuri\Desktop\anewBot\.venv\Lib\site-packages\ccxt\async_support\base\exchange.py", line 263, in fetch
    self.handle_errors(http_status_code, http_status_text, url, method, headers, http_response, json_response, request_headers, request_body)
    ~~~~~~~~~~~~~~~~~~^^^^^^^^^^^^^^^^^^^^^^^^^^^^^^^^^^^^^^^^^^^^^^^^^^^^^^^^^^^^^^^^^^^^^^^^^^^^^^^^^^^^^^^^^^^^^^^^^^^^^^^^^^^^^^^^^^^^^^^
  File "C:\Users\Azuri\Desktop\anewBot\.venv\Lib\site-packages\ccxt\async_support\bybit.py", line 9158, in handle_errors
    self.throw_exactly_matched_exception(self.exceptions['exact'], errorCode, feedback)
    ~~~~~~~~~~~~~~~~~~~~~~~~~~~~~~~~~~~~^^^^^^^^^^^^^^^^^^^^^^^^^^^^^^^^^^^^^^^^^^^^^^^
  File "C:\Users\Azuri\Desktop\anewBot\.venv\Lib\site-packages\ccxt\base\exchange.py", line 5435, in throw_exactly_matched_exception
    raise exact[string](message)
ccxt.base.errors.InsufficientFunds: bybit {"retCode":110007,"retMsg":"ab not enough for new order","result":{},"retExtInfo":{},"time":1771885826251}

2026-02-24 09:30:26 | INFO    |   >> SHORT SOL/USDT:USDT [TR_PULL] [HUNTER] conv=70A qty=11.9 entry≈78.710000 SL=79.170000 TP=77.790000 exit=fix2.0 risk=$5.50
2026-02-24 09:30:27 | ERROR   | Order SOL/USDT:USDT: bybit {"retCode":110007,"retMsg":"ab not enough for new order","result":{},"retExtInfo":{},"time":1771885827404}
2026-02-24 09:30:27 | DEBUG   | Traceback (most recent call last):
  File "C:\Users\Azuri\Desktop\anewBot\v13pro\bot.py", line 507, in _execute_signal
    order = await ex_mod.place_limit_order(
            ^^^^^^^^^^^^^^^^^^^^^^^^^^^^^^^
        self._ex, symbol, sig.side, qty, entry_price,
        ^^^^^^^^^^^^^^^^^^^^^^^^^^^^^^^^^^^^^^^^^^^^^
        sl_price, tp_price)
        ^^^^^^^^^^^^^^^^^^^
  File "C:\Users\Azuri\Desktop\anewBot\v13pro\exchange.py", line 158, in place_limit_order
    order = await ex.create_order(symbol, "limit", side, qty, price, params=params)
            ^^^^^^^^^^^^^^^^^^^^^^^^^^^^^^^^^^^^^^^^^^^^^^^^^^^^^^^^^^^^^^^^^^^^^^^
  File "C:\Users\Azuri\Desktop\anewBot\.venv\Lib\site-packages\ccxt\async_support\bybit.py", line 3902, in create_order
    response = await self.privatePostV5OrderCreate(orderRequest)
               ^^^^^^^^^^^^^^^^^^^^^^^^^^^^^^^^^^^^^^^^^^^^^^^^^
  File "C:\Users\Azuri\Desktop\anewBot\.venv\Lib\site-packages\ccxt\async_support\base\exchange.py", line 995, in request
    return await self.fetch2(path, api, method, params, headers, body, config)
           ^^^^^^^^^^^^^^^^^^^^^^^^^^^^^^^^^^^^^^^^^^^^^^^^^^^^^^^^^^^^^^^^^^^
  File "C:\Users\Azuri\Desktop\anewBot\.venv\Lib\site-packages\ccxt\async_support\base\exchange.py", line 991, in fetch2
    raise e
  File "C:\Users\Azuri\Desktop\anewBot\.venv\Lib\site-packages\ccxt\async_support\base\exchange.py", line 979, in fetch2
    return await self.fetch(request['url'], request['method'], request['headers'], request['body'])
           ^^^^^^^^^^^^^^^^^^^^^^^^^^^^^^^^^^^^^^^^^^^^^^^^^^^^^^^^^^^^^^^^^^^^^^^^^^^^^^^^^^^^^^^^
  File "C:\Users\Azuri\Desktop\anewBot\.venv\Lib\site-packages\ccxt\async_support\base\exchange.py", line 263, in fetch
    self.handle_errors(http_status_code, http_status_text, url, method, headers, http_response, json_response, request_headers, request_body)
    ~~~~~~~~~~~~~~~~~~^^^^^^^^^^^^^^^^^^^^^^^^^^^^^^^^^^^^^^^^^^^^^^^^^^^^^^^^^^^^^^^^^^^^^^^^^^^^^^^^^^^^^^^^^^^^^^^^^^^^^^^^^^^^^^^^^^^^^^^
  File "C:\Users\Azuri\Desktop\anewBot\.venv\Lib\site-packages\ccxt\async_support\bybit.py", line 9158, in handle_errors
    self.throw_exactly_matched_exception(self.exceptions['exact'], errorCode, feedback)
    ~~~~~~~~~~~~~~~~~~~~~~~~~~~~~~~~~~~~^^^^^^^^^^^^^^^^^^^^^^^^^^^^^^^^^^^^^^^^^^^^^^^
  File "C:\Users\Azuri\Desktop\anewBot\.venv\Lib\site-packages\ccxt\base\exchange.py", line 5435, in throw_exactly_matched_exception
    raise exact[string](message)
ccxt.base.errors.InsufficientFunds: bybit {"retCode":110007,"retMsg":"ab not enough for new order","result":{},"retExtInfo":{},"time":1771885827404}

2026-02-24 09:30:27 | INFO    |   >> SHORT XRP/USDT:USDT [EMA_RIB] [HUNTER] conv=66A qty=728.3 entry≈1.361400 SL=1.369000 TP=1.346300 exit=fix2.0 risk=$5.50
2026-02-24 09:30:28 | ERROR   | Order XRP/USDT:USDT: bybit {"retCode":10001,"retMsg":"position idx not match position mode","result":{},"retExtInfo":{},"time":1771885828352}
2026-02-24 09:30:28 | DEBUG   | Traceback (most recent call last):
  File "C:\Users\Azuri\Desktop\anewBot\v13pro\bot.py", line 507, in _execute_signal
    order = await ex_mod.place_limit_order(
            ^^^^^^^^^^^^^^^^^^^^^^^^^^^^^^^
        self._ex, symbol, sig.side, qty, entry_price,
        ^^^^^^^^^^^^^^^^^^^^^^^^^^^^^^^^^^^^^^^^^^^^^
        sl_price, tp_price)
        ^^^^^^^^^^^^^^^^^^^
  File "C:\Users\Azuri\Desktop\anewBot\v13pro\exchange.py", line 158, in place_limit_order
    order = await ex.create_order(symbol, "limit", side, qty, price, params=params)
            ^^^^^^^^^^^^^^^^^^^^^^^^^^^^^^^^^^^^^^^^^^^^^^^^^^^^^^^^^^^^^^^^^^^^^^^
  File "C:\Users\Azuri\Desktop\anewBot\.venv\Lib\site-packages\ccxt\async_support\bybit.py", line 3902, in create_order
    response = await self.privatePostV5OrderCreate(orderRequest)
               ^^^^^^^^^^^^^^^^^^^^^^^^^^^^^^^^^^^^^^^^^^^^^^^^^
  File "C:\Users\Azuri\Desktop\anewBot\.venv\Lib\site-packages\ccxt\async_support\base\exchange.py", line 995, in request
    return await self.fetch2(path, api, method, params, headers, body, config)
           ^^^^^^^^^^^^^^^^^^^^^^^^^^^^^^^^^^^^^^^^^^^^^^^^^^^^^^^^^^^^^^^^^^^
  File "C:\Users\Azuri\Desktop\anewBot\.venv\Lib\site-packages\ccxt\async_support\base\exchange.py", line 991, in fetch2
    raise e
  File "C:\Users\Azuri\Desktop\anewBot\.venv\Lib\site-packages\ccxt\async_support\base\exchange.py", line 979, in fetch2
    return await self.fetch(request['url'], request['method'], request['headers'], request['body'])
           ^^^^^^^^^^^^^^^^^^^^^^^^^^^^^^^^^^^^^^^^^^^^^^^^^^^^^^^^^^^^^^^^^^^^^^^^^^^^^^^^^^^^^^^^
  File "C:\Users\Azuri\Desktop\anewBot\.venv\Lib\site-packages\ccxt\async_support\base\exchange.py", line 263, in fetch
    self.handle_errors(http_status_code, http_status_text, url, method, headers, http_response, json_response, request_headers, request_body)
    ~~~~~~~~~~~~~~~~~~^^^^^^^^^^^^^^^^^^^^^^^^^^^^^^^^^^^^^^^^^^^^^^^^^^^^^^^^^^^^^^^^^^^^^^^^^^^^^^^^^^^^^^^^^^^^^^^^^^^^^^^^^^^^^^^^^^^^^^^
  File "C:\Users\Azuri\Desktop\anewBot\.venv\Lib\site-packages\ccxt\async_support\bybit.py", line 9158, in handle_errors
    self.throw_exactly_matched_exception(self.exceptions['exact'], errorCode, feedback)
    ~~~~~~~~~~~~~~~~~~~~~~~~~~~~~~~~~~~~^^^^^^^^^^^^^^^^^^^^^^^^^^^^^^^^^^^^^^^^^^^^^^^
  File "C:\Users\Azuri\Desktop\anewBot\.venv\Lib\site-packages\ccxt\base\exchange.py", line 5435, in throw_exactly_matched_exception
    raise exact[string](message)
ccxt.base.errors.BadRequest: bybit {"retCode":10001,"retMsg":"position idx not match position mode","result":{},"retExtInfo":{},"time":1771885828352}

2026-02-24 09:30:28 | INFO    |   >> SHORT XRP/USDT:USDT [IB_BREAK] [HUNTER] conv=66A qty=728.3 entry≈1.361400 SL=1.369000 TP=1.346300 exit=fix2.0 risk=$5.50
2026-02-24 09:30:29 | ERROR   | Order XRP/USDT:USDT: bybit {"retCode":10001,"retMsg":"position idx not match position mode","result":{},"retExtInfo":{},"time":1771885829514}
2026-02-24 09:30:29 | DEBUG   | Traceback (most recent call last):
  File "C:\Users\Azuri\Desktop\anewBot\v13pro\bot.py", line 507, in _execute_signal
    order = await ex_mod.place_limit_order(
            ^^^^^^^^^^^^^^^^^^^^^^^^^^^^^^^
        self._ex, symbol, sig.side, qty, entry_price,
        ^^^^^^^^^^^^^^^^^^^^^^^^^^^^^^^^^^^^^^^^^^^^^
        sl_price, tp_price)
        ^^^^^^^^^^^^^^^^^^^
  File "C:\Users\Azuri\Desktop\anewBot\v13pro\exchange.py", line 158, in place_limit_order
    order = await ex.create_order(symbol, "limit", side, qty, price, params=params)
            ^^^^^^^^^^^^^^^^^^^^^^^^^^^^^^^^^^^^^^^^^^^^^^^^^^^^^^^^^^^^^^^^^^^^^^^
  File "C:\Users\Azuri\Desktop\anewBot\.venv\Lib\site-packages\ccxt\async_support\bybit.py", line 3902, in create_order
    response = await self.privatePostV5OrderCreate(orderRequest)
               ^^^^^^^^^^^^^^^^^^^^^^^^^^^^^^^^^^^^^^^^^^^^^^^^^
  File "C:\Users\Azuri\Desktop\anewBot\.venv\Lib\site-packages\ccxt\async_support\base\exchange.py", line 995, in request
    return await self.fetch2(path, api, method, params, headers, body, config)
           ^^^^^^^^^^^^^^^^^^^^^^^^^^^^^^^^^^^^^^^^^^^^^^^^^^^^^^^^^^^^^^^^^^^
  File "C:\Users\Azuri\Desktop\anewBot\.venv\Lib\site-packages\ccxt\async_support\base\exchange.py", line 991, in fetch2
    raise e
  File "C:\Users\Azuri\Desktop\anewBot\.venv\Lib\site-packages\ccxt\async_support\base\exchange.py", line 979, in fetch2
    return await self.fetch(request['url'], request['method'], request['headers'], request['body'])
           ^^^^^^^^^^^^^^^^^^^^^^^^^^^^^^^^^^^^^^^^^^^^^^^^^^^^^^^^^^^^^^^^^^^^^^^^^^^^^^^^^^^^^^^^
  File "C:\Users\Azuri\Desktop\anewBot\.venv\Lib\site-packages\ccxt\async_support\base\exchange.py", line 263, in fetch
    self.handle_errors(http_status_code, http_status_text, url, method, headers, http_response, json_response, request_headers, request_body)
    ~~~~~~~~~~~~~~~~~~^^^^^^^^^^^^^^^^^^^^^^^^^^^^^^^^^^^^^^^^^^^^^^^^^^^^^^^^^^^^^^^^^^^^^^^^^^^^^^^^^^^^^^^^^^^^^^^^^^^^^^^^^^^^^^^^^^^^^^^
  File "C:\Users\Azuri\Desktop\anewBot\.venv\Lib\site-packages\ccxt\async_support\bybit.py", line 9158, in handle_errors
    self.throw_exactly_matched_exception(self.exceptions['exact'], errorCode, feedback)
    ~~~~~~~~~~~~~~~~~~~~~~~~~~~~~~~~~~~~^^^^^^^^^^^^^^^^^^^^^^^^^^^^^^^^^^^^^^^^^^^^^^^
  File "C:\Users\Azuri\Desktop\anewBot\.venv\Lib\site-packages\ccxt\base\exchange.py", line 5435, in throw_exactly_matched_exception
    raise exact[string](message)
ccxt.base.errors.BadRequest: bybit {"retCode":10001,"retMsg":"position idx not match position mode","result":{},"retExtInfo":{},"time":1771885829514}

2026-02-24 09:30:29 | INFO    |   >> SHORT XRP/USDT:USDT [TR_PULL] [HUNTER] conv=66A qty=728.3 entry≈1.361400 SL=1.369000 TP=1.346300 exit=fix2.0 risk=$5.50
2026-02-24 09:30:30 | ERROR   | Order XRP/USDT:USDT: bybit {"retCode":10001,"retMsg":"position idx not match position mode","result":{},"retExtInfo":{},"time":1771885830524}
2026-02-24 09:30:30 | DEBUG   | Traceback (most recent call last):
  File "C:\Users\Azuri\Desktop\anewBot\v13pro\bot.py", line 507, in _execute_signal
    order = await ex_mod.place_limit_order(
            ^^^^^^^^^^^^^^^^^^^^^^^^^^^^^^^
        self._ex, symbol, sig.side, qty, entry_price,
        ^^^^^^^^^^^^^^^^^^^^^^^^^^^^^^^^^^^^^^^^^^^^^
        sl_price, tp_price)
        ^^^^^^^^^^^^^^^^^^^
  File "C:\Users\Azuri\Desktop\anewBot\v13pro\exchange.py", line 158, in place_limit_order
    order = await ex.create_order(symbol, "limit", side, qty, price, params=params)
            ^^^^^^^^^^^^^^^^^^^^^^^^^^^^^^^^^^^^^^^^^^^^^^^^^^^^^^^^^^^^^^^^^^^^^^^
  File "C:\Users\Azuri\Desktop\anewBot\.venv\Lib\site-packages\ccxt\async_support\bybit.py", line 3902, in create_order
    response = await self.privatePostV5OrderCreate(orderRequest)
               ^^^^^^^^^^^^^^^^^^^^^^^^^^^^^^^^^^^^^^^^^^^^^^^^^
  File "C:\Users\Azuri\Desktop\anewBot\.venv\Lib\site-packages\ccxt\async_support\base\exchange.py", line 995, in request
    return await self.fetch2(path, api, method, params, headers, body, config)
           ^^^^^^^^^^^^^^^^^^^^^^^^^^^^^^^^^^^^^^^^^^^^^^^^^^^^^^^^^^^^^^^^^^^
  File "C:\Users\Azuri\Desktop\anewBot\.venv\Lib\site-packages\ccxt\async_support\base\exchange.py", line 991, in fetch2
    raise e
  File "C:\Users\Azuri\Desktop\anewBot\.venv\Lib\site-packages\ccxt\async_support\base\exchange.py", line 979, in fetch2
    return await self.fetch(request['url'], request['method'], request['headers'], request['body'])
           ^^^^^^^^^^^^^^^^^^^^^^^^^^^^^^^^^^^^^^^^^^^^^^^^^^^^^^^^^^^^^^^^^^^^^^^^^^^^^^^^^^^^^^^^
  File "C:\Users\Azuri\Desktop\anewBot\.venv\Lib\site-packages\ccxt\async_support\base\exchange.py", line 263, in fetch
    self.handle_errors(http_status_code, http_status_text, url, method, headers, http_response, json_response, request_headers, request_body)
    ~~~~~~~~~~~~~~~~~~^^^^^^^^^^^^^^^^^^^^^^^^^^^^^^^^^^^^^^^^^^^^^^^^^^^^^^^^^^^^^^^^^^^^^^^^^^^^^^^^^^^^^^^^^^^^^^^^^^^^^^^^^^^^^^^^^^^^^^^
  File "C:\Users\Azuri\Desktop\anewBot\.venv\Lib\site-packages\ccxt\async_support\bybit.py", line 9158, in handle_errors
    self.throw_exactly_matched_exception(self.exceptions['exact'], errorCode, feedback)
    ~~~~~~~~~~~~~~~~~~~~~~~~~~~~~~~~~~~~^^^^^^^^^^^^^^^^^^^^^^^^^^^^^^^^^^^^^^^^^^^^^^^
  File "C:\Users\Azuri\Desktop\anewBot\.venv\Lib\site-packages\ccxt\base\exchange.py", line 5435, in throw_exactly_matched_exception
    raise exact[string](message)
ccxt.base.errors.BadRequest: bybit {"retCode":10001,"retMsg":"position idx not match position mode","result":{},"retExtInfo":{},"time":1771885830524}

2026-02-24 09:30:30 | INFO    |   >> LONG PIPPIN/USDT:USDT [EMA_RIB] [HUNTER] conv=75A qty=221.0 entry≈0.735030 SL=0.710190 TP=0.784720 exit=fix2.0 risk=$5.50
2026-02-24 09:30:31 | DEBUG   | Guardian tracking PIPPIN/USDT:USDT long entry=0.73503 sl=0.71019 exit=fix2.0
2026-02-24 09:30:31 | INFO    |   📈 [92mLONG[0m [1mPIPPIN[0m @ 0.73503  SL=0.71019  TP=0.78472  qty=221  risk=$5.50
2026-02-24 09:30:31 | DEBUG   |   Hunter AGLD/USDT:USDT rejected: grade=D (need >=B)
2026-02-24 09:30:32 | INFO    |   >> SHORT BCH/USDT:USDT [EMA_RIB] [HUNTER] conv=79A qty=1.32 entry≈502.000000 SL=506.200000 TP=493.700000 exit=fix2.0 risk=$5.50
2026-02-24 09:30:32 | INFO    | Guardian: PIPPIN/USDT:USDT position gone -- resolving
2026-02-24 09:30:33 | ERROR   | Order BCH/USDT:USDT: bybit {"retCode":110007,"retMsg":"ab not enough for new order","result":{},"retExtInfo":{},"time":1771885833483}
2026-02-24 09:30:33 | DEBUG   | Traceback (most recent call last):
  File "C:\Users\Azuri\Desktop\anewBot\v13pro\bot.py", line 507, in _execute_signal
    order = await ex_mod.place_limit_order(
            ^^^^^^^^^^^^^^^^^^^^^^^^^^^^^^^
        self._ex, symbol, sig.side, qty, entry_price,
        ^^^^^^^^^^^^^^^^^^^^^^^^^^^^^^^^^^^^^^^^^^^^^
        sl_price, tp_price)
        ^^^^^^^^^^^^^^^^^^^
  File "C:\Users\Azuri\Desktop\anewBot\v13pro\exchange.py", line 158, in place_limit_order
    order = await ex.create_order(symbol, "limit", side, qty, price, params=params)
            ^^^^^^^^^^^^^^^^^^^^^^^^^^^^^^^^^^^^^^^^^^^^^^^^^^^^^^^^^^^^^^^^^^^^^^^
  File "C:\Users\Azuri\Desktop\anewBot\.venv\Lib\site-packages\ccxt\async_support\bybit.py", line 3902, in create_order
    response = await self.privatePostV5OrderCreate(orderRequest)
               ^^^^^^^^^^^^^^^^^^^^^^^^^^^^^^^^^^^^^^^^^^^^^^^^^
  File "C:\Users\Azuri\Desktop\anewBot\.venv\Lib\site-packages\ccxt\async_support\base\exchange.py", line 995, in request
    return await self.fetch2(path, api, method, params, headers, body, config)
           ^^^^^^^^^^^^^^^^^^^^^^^^^^^^^^^^^^^^^^^^^^^^^^^^^^^^^^^^^^^^^^^^^^^
  File "C:\Users\Azuri\Desktop\anewBot\.venv\Lib\site-packages\ccxt\async_support\base\exchange.py", line 991, in fetch2
    raise e
  File "C:\Users\Azuri\Desktop\anewBot\.venv\Lib\site-packages\ccxt\async_support\base\exchange.py", line 979, in fetch2
    return await self.fetch(request['url'], request['method'], request['headers'], request['body'])
           ^^^^^^^^^^^^^^^^^^^^^^^^^^^^^^^^^^^^^^^^^^^^^^^^^^^^^^^^^^^^^^^^^^^^^^^^^^^^^^^^^^^^^^^^
  File "C:\Users\Azuri\Desktop\anewBot\.venv\Lib\site-packages\ccxt\async_support\base\exchange.py", line 263, in fetch
    self.handle_errors(http_status_code, http_status_text, url, method, headers, http_response, json_response, request_headers, request_body)
    ~~~~~~~~~~~~~~~~~~^^^^^^^^^^^^^^^^^^^^^^^^^^^^^^^^^^^^^^^^^^^^^^^^^^^^^^^^^^^^^^^^^^^^^^^^^^^^^^^^^^^^^^^^^^^^^^^^^^^^^^^^^^^^^^^^^^^^^^^
  File "C:\Users\Azuri\Desktop\anewBot\.venv\Lib\site-packages\ccxt\async_support\bybit.py", line 9158, in handle_errors
    self.throw_exactly_matched_exception(self.exceptions['exact'], errorCode, feedback)
    ~~~~~~~~~~~~~~~~~~~~~~~~~~~~~~~~~~~~^^^^^^^^^^^^^^^^^^^^^^^^^^^^^^^^^^^^^^^^^^^^^^^
  File "C:\Users\Azuri\Desktop\anewBot\.venv\Lib\site-packages\ccxt\base\exchange.py", line 5435, in throw_exactly_matched_exception
    raise exact[string](message)
ccxt.base.errors.InsufficientFunds: bybit {"retCode":110007,"retMsg":"ab not enough for new order","result":{},"retExtInfo":{},"time":1771885833483}

2026-02-24 09:30:33 | INFO    |   >> LONG BCH/USDT:USDT [BB_FADE] [HUNTER] conv=60B qty=0.66 entry≈502.000000 SL=494.500000 TP=517.100000 exit=fix2.0 risk=$5.00
2026-02-24 09:30:34 | ERROR   | Order BCH/USDT:USDT: bybit {"retCode":110007,"retMsg":"ab not enough for new order","result":{},"retExtInfo":{},"time":1771885834468}
2026-02-24 09:30:34 | DEBUG   | Traceback (most recent call last):
  File "C:\Users\Azuri\Desktop\anewBot\v13pro\bot.py", line 507, in _execute_signal
    order = await ex_mod.place_limit_order(
            ^^^^^^^^^^^^^^^^^^^^^^^^^^^^^^^
        self._ex, symbol, sig.side, qty, entry_price,
        ^^^^^^^^^^^^^^^^^^^^^^^^^^^^^^^^^^^^^^^^^^^^^
        sl_price, tp_price)
        ^^^^^^^^^^^^^^^^^^^
  File "C:\Users\Azuri\Desktop\anewBot\v13pro\exchange.py", line 158, in place_limit_order
    order = await ex.create_order(symbol, "limit", side, qty, price, params=params)
            ^^^^^^^^^^^^^^^^^^^^^^^^^^^^^^^^^^^^^^^^^^^^^^^^^^^^^^^^^^^^^^^^^^^^^^^
  File "C:\Users\Azuri\Desktop\anewBot\.venv\Lib\site-packages\ccxt\async_support\bybit.py", line 3902, in create_order
    response = await self.privatePostV5OrderCreate(orderRequest)
               ^^^^^^^^^^^^^^^^^^^^^^^^^^^^^^^^^^^^^^^^^^^^^^^^^
  File "C:\Users\Azuri\Desktop\anewBot\.venv\Lib\site-packages\ccxt\async_support\base\exchange.py", line 995, in request
    return await self.fetch2(path, api, method, params, headers, body, config)
           ^^^^^^^^^^^^^^^^^^^^^^^^^^^^^^^^^^^^^^^^^^^^^^^^^^^^^^^^^^^^^^^^^^^
  File "C:\Users\Azuri\Desktop\anewBot\.venv\Lib\site-packages\ccxt\async_support\base\exchange.py", line 991, in fetch2
    raise e
  File "C:\Users\Azuri\Desktop\anewBot\.venv\Lib\site-packages\ccxt\async_support\base\exchange.py", line 979, in fetch2
    return await self.fetch(request['url'], request['method'], request['headers'], request['body'])
           ^^^^^^^^^^^^^^^^^^^^^^^^^^^^^^^^^^^^^^^^^^^^^^^^^^^^^^^^^^^^^^^^^^^^^^^^^^^^^^^^^^^^^^^^
  File "C:\Users\Azuri\Desktop\anewBot\.venv\Lib\site-packages\ccxt\async_support\base\exchange.py", line 263, in fetch
    self.handle_errors(http_status_code, http_status_text, url, method, headers, http_response, json_response, request_headers, request_body)
    ~~~~~~~~~~~~~~~~~~^^^^^^^^^^^^^^^^^^^^^^^^^^^^^^^^^^^^^^^^^^^^^^^^^^^^^^^^^^^^^^^^^^^^^^^^^^^^^^^^^^^^^^^^^^^^^^^^^^^^^^^^^^^^^^^^^^^^^^^
  File "C:\Users\Azuri\Desktop\anewBot\.venv\Lib\site-packages\ccxt\async_support\bybit.py", line 9158, in handle_errors
    self.throw_exactly_matched_exception(self.exceptions['exact'], errorCode, feedback)
    ~~~~~~~~~~~~~~~~~~~~~~~~~~~~~~~~~~~~^^^^^^^^^^^^^^^^^^^^^^^^^^^^^^^^^^^^^^^^^^^^^^^
  File "C:\Users\Azuri\Desktop\anewBot\.venv\Lib\site-packages\ccxt\base\exchange.py", line 5435, in throw_exactly_matched_exception
    raise exact[string](message)
ccxt.base.errors.InsufficientFunds: bybit {"retCode":110007,"retMsg":"ab not enough for new order","result":{},"retExtInfo":{},"time":1771885834468}

2026-02-24 09:30:34 | INFO    |   ❌ [1mPIPPIN[0m closed (sl) [91m-1.87R[0m ([91m$-10.28[0m)
2026-02-24 09:30:34 | DEBUG   | Aftermath scheduled: PIPPIN/USDT:USDT (sl) exit=0.488646
2026-02-24 09:30:34 | INFO    |   ❌ PIPPIN/USDT:USDT: -1.87R ($-10.28) [sl] conv=75A | Equity: $500.00 | Phase 2: Growth → $1K
2026-02-24 09:30:34 | INFO    |   >> SHORT ADA/USDT:USDT [EMA_RIB] [HUNTER] conv=55B qty=3414.0 entry≈0.264200 SL=0.265700 TP=0.261300 exit=fix2.0 risk=$5.00
2026-02-24 09:30:35 | ERROR   | Order ADA/USDT:USDT: bybit {"retCode":110007,"retMsg":"ab not enough for new order","result":{},"retExtInfo":{},"time":1771885835984}
2026-02-24 09:30:35 | DEBUG   | Traceback (most recent call last):
  File "C:\Users\Azuri\Desktop\anewBot\v13pro\bot.py", line 507, in _execute_signal
    order = await ex_mod.place_limit_order(
            ^^^^^^^^^^^^^^^^^^^^^^^^^^^^^^^
        self._ex, symbol, sig.side, qty, entry_price,
        ^^^^^^^^^^^^^^^^^^^^^^^^^^^^^^^^^^^^^^^^^^^^^
        sl_price, tp_price)
        ^^^^^^^^^^^^^^^^^^^
  File "C:\Users\Azuri\Desktop\anewBot\v13pro\exchange.py", line 158, in place_limit_order
    order = await ex.create_order(symbol, "limit", side, qty, price, params=params)
            ^^^^^^^^^^^^^^^^^^^^^^^^^^^^^^^^^^^^^^^^^^^^^^^^^^^^^^^^^^^^^^^^^^^^^^^
  File "C:\Users\Azuri\Desktop\anewBot\.venv\Lib\site-packages\ccxt\async_support\bybit.py", line 3902, in create_order
    response = await self.privatePostV5OrderCreate(orderRequest)
               ^^^^^^^^^^^^^^^^^^^^^^^^^^^^^^^^^^^^^^^^^^^^^^^^^
  File "C:\Users\Azuri\Desktop\anewBot\.venv\Lib\site-packages\ccxt\async_support\base\exchange.py", line 995, in request
    return await self.fetch2(path, api, method, params, headers, body, config)
           ^^^^^^^^^^^^^^^^^^^^^^^^^^^^^^^^^^^^^^^^^^^^^^^^^^^^^^^^^^^^^^^^^^^
  File "C:\Users\Azuri\Desktop\anewBot\.venv\Lib\site-packages\ccxt\async_support\base\exchange.py", line 991, in fetch2
    raise e
  File "C:\Users\Azuri\Desktop\anewBot\.venv\Lib\site-packages\ccxt\async_support\base\exchange.py", line 979, in fetch2
    return await self.fetch(request['url'], request['method'], request['headers'], request['body'])
           ^^^^^^^^^^^^^^^^^^^^^^^^^^^^^^^^^^^^^^^^^^^^^^^^^^^^^^^^^^^^^^^^^^^^^^^^^^^^^^^^^^^^^^^^
  File "C:\Users\Azuri\Desktop\anewBot\.venv\Lib\site-packages\ccxt\async_support\base\exchange.py", line 263, in fetch
    self.handle_errors(http_status_code, http_status_text, url, method, headers, http_response, json_response, request_headers, request_body)
    ~~~~~~~~~~~~~~~~~~^^^^^^^^^^^^^^^^^^^^^^^^^^^^^^^^^^^^^^^^^^^^^^^^^^^^^^^^^^^^^^^^^^^^^^^^^^^^^^^^^^^^^^^^^^^^^^^^^^^^^^^^^^^^^^^^^^^^^^^
  File "C:\Users\Azuri\Desktop\anewBot\.venv\Lib\site-packages\ccxt\async_support\bybit.py", line 9158, in handle_errors
    self.throw_exactly_matched_exception(self.exceptions['exact'], errorCode, feedback)
    ~~~~~~~~~~~~~~~~~~~~~~~~~~~~~~~~~~~~^^^^^^^^^^^^^^^^^^^^^^^^^^^^^^^^^^^^^^^^^^^^^^^
  File "C:\Users\Azuri\Desktop\anewBot\.venv\Lib\site-packages\ccxt\base\exchange.py", line 5435, in throw_exactly_matched_exception
    raise exact[string](message)
ccxt.base.errors.InsufficientFunds: bybit {"retCode":110007,"retMsg":"ab not enough for new order","result":{},"retExtInfo":{},"time":1771885835984}

2026-02-24 09:30:36 | INFO    |   >> SHORT ADA/USDT:USDT [TR_PULL] [HUNTER] conv=55B qty=3414.0 entry≈0.264200 SL=0.265700 TP=0.261300 exit=fix2.0 risk=$5.00
2026-02-24 09:30:36 | ERROR   | Order ADA/USDT:USDT: bybit {"retCode":110007,"retMsg":"ab not enough for new order","result":{},"retExtInfo":{},"time":1771885837133}
2026-02-24 09:30:36 | DEBUG   | Traceback (most recent call last):
  File "C:\Users\Azuri\Desktop\anewBot\v13pro\bot.py", line 507, in _execute_signal
    order = await ex_mod.place_limit_order(
            ^^^^^^^^^^^^^^^^^^^^^^^^^^^^^^^
        self._ex, symbol, sig.side, qty, entry_price,
        ^^^^^^^^^^^^^^^^^^^^^^^^^^^^^^^^^^^^^^^^^^^^^
        sl_price, tp_price)
        ^^^^^^^^^^^^^^^^^^^
  File "C:\Users\Azuri\Desktop\anewBot\v13pro\exchange.py", line 158, in place_limit_order
    order = await ex.create_order(symbol, "limit", side, qty, price, params=params)
            ^^^^^^^^^^^^^^^^^^^^^^^^^^^^^^^^^^^^^^^^^^^^^^^^^^^^^^^^^^^^^^^^^^^^^^^
  File "C:\Users\Azuri\Desktop\anewBot\.venv\Lib\site-packages\ccxt\async_support\bybit.py", line 3902, in create_order
    response = await self.privatePostV5OrderCreate(orderRequest)
               ^^^^^^^^^^^^^^^^^^^^^^^^^^^^^^^^^^^^^^^^^^^^^^^^^
  File "C:\Users\Azuri\Desktop\anewBot\.venv\Lib\site-packages\ccxt\async_support\base\exchange.py", line 995, in request
    return await self.fetch2(path, api, method, params, headers, body, config)
           ^^^^^^^^^^^^^^^^^^^^^^^^^^^^^^^^^^^^^^^^^^^^^^^^^^^^^^^^^^^^^^^^^^^
  File "C:\Users\Azuri\Desktop\anewBot\.venv\Lib\site-packages\ccxt\async_support\base\exchange.py", line 991, in fetch2
    raise e
  File "C:\Users\Azuri\Desktop\anewBot\.venv\Lib\site-packages\ccxt\async_support\base\exchange.py", line 979, in fetch2
    return await self.fetch(request['url'], request['method'], request['headers'], request['body'])
           ^^^^^^^^^^^^^^^^^^^^^^^^^^^^^^^^^^^^^^^^^^^^^^^^^^^^^^^^^^^^^^^^^^^^^^^^^^^^^^^^^^^^^^^^
  File "C:\Users\Azuri\Desktop\anewBot\.venv\Lib\site-packages\ccxt\async_support\base\exchange.py", line 263, in fetch
    self.handle_errors(http_status_code, http_status_text, url, method, headers, http_response, json_response, request_headers, request_body)
    ~~~~~~~~~~~~~~~~~~^^^^^^^^^^^^^^^^^^^^^^^^^^^^^^^^^^^^^^^^^^^^^^^^^^^^^^^^^^^^^^^^^^^^^^^^^^^^^^^^^^^^^^^^^^^^^^^^^^^^^^^^^^^^^^^^^^^^^^^
  File "C:\Users\Azuri\Desktop\anewBot\.venv\Lib\site-packages\ccxt\async_support\bybit.py", line 9158, in handle_errors
    self.throw_exactly_matched_exception(self.exceptions['exact'], errorCode, feedback)
    ~~~~~~~~~~~~~~~~~~~~~~~~~~~~~~~~~~~~^^^^^^^^^^^^^^^^^^^^^^^^^^^^^^^^^^^^^^^^^^^^^^^
  File "C:\Users\Azuri\Desktop\anewBot\.venv\Lib\site-packages\ccxt\base\exchange.py", line 5435, in throw_exactly_matched_exception
    raise exact[string](message)
ccxt.base.errors.InsufficientFunds: bybit {"retCode":110007,"retMsg":"ab not enough for new order","result":{},"retExtInfo":{},"time":1771885837133}

2026-02-24 09:30:37 | DEBUG   |   Hunter POWER/USDT:USDT rejected: grade=C (need >=B)
2026-02-24 09:30:37 | INFO    |   >> SHORT ENSO/USDT:USDT [EMA_RIB] [HUNTER] conv=69A qty=244.1 entry≈1.944600 SL=1.967100 TP=1.899500 exit=fix2.0 risk=$5.50
2026-02-24 09:30:38 | ERROR   | Order ENSO/USDT:USDT: bybit {"retCode":110007,"retMsg":"ab not enough for new order","result":{},"retExtInfo":{},"time":1771885838353}
2026-02-24 09:30:38 | DEBUG   | Traceback (most recent call last):
  File "C:\Users\Azuri\Desktop\anewBot\v13pro\bot.py", line 507, in _execute_signal
    order = await ex_mod.place_limit_order(
            ^^^^^^^^^^^^^^^^^^^^^^^^^^^^^^^
        self._ex, symbol, sig.side, qty, entry_price,
        ^^^^^^^^^^^^^^^^^^^^^^^^^^^^^^^^^^^^^^^^^^^^^
        sl_price, tp_price)
        ^^^^^^^^^^^^^^^^^^^
  File "C:\Users\Azuri\Desktop\anewBot\v13pro\exchange.py", line 158, in place_limit_order
    order = await ex.create_order(symbol, "limit", side, qty, price, params=params)
            ^^^^^^^^^^^^^^^^^^^^^^^^^^^^^^^^^^^^^^^^^^^^^^^^^^^^^^^^^^^^^^^^^^^^^^^
  File "C:\Users\Azuri\Desktop\anewBot\.venv\Lib\site-packages\ccxt\async_support\bybit.py", line 3902, in create_order
    response = await self.privatePostV5OrderCreate(orderRequest)
               ^^^^^^^^^^^^^^^^^^^^^^^^^^^^^^^^^^^^^^^^^^^^^^^^^
  File "C:\Users\Azuri\Desktop\anewBot\.venv\Lib\site-packages\ccxt\async_support\base\exchange.py", line 995, in request
    return await self.fetch2(path, api, method, params, headers, body, config)
           ^^^^^^^^^^^^^^^^^^^^^^^^^^^^^^^^^^^^^^^^^^^^^^^^^^^^^^^^^^^^^^^^^^^
  File "C:\Users\Azuri\Desktop\anewBot\.venv\Lib\site-packages\ccxt\async_support\base\exchange.py", line 991, in fetch2
    raise e
  File "C:\Users\Azuri\Desktop\anewBot\.venv\Lib\site-packages\ccxt\async_support\base\exchange.py", line 979, in fetch2
    return await self.fetch(request['url'], request['method'], request['headers'], request['body'])
           ^^^^^^^^^^^^^^^^^^^^^^^^^^^^^^^^^^^^^^^^^^^^^^^^^^^^^^^^^^^^^^^^^^^^^^^^^^^^^^^^^^^^^^^^
  File "C:\Users\Azuri\Desktop\anewBot\.venv\Lib\site-packages\ccxt\async_support\base\exchange.py", line 263, in fetch
    self.handle_errors(http_status_code, http_status_text, url, method, headers, http_response, json_response, request_headers, request_body)
    ~~~~~~~~~~~~~~~~~~^^^^^^^^^^^^^^^^^^^^^^^^^^^^^^^^^^^^^^^^^^^^^^^^^^^^^^^^^^^^^^^^^^^^^^^^^^^^^^^^^^^^^^^^^^^^^^^^^^^^^^^^^^^^^^^^^^^^^^^
  File "C:\Users\Azuri\Desktop\anewBot\.venv\Lib\site-packages\ccxt\async_support\bybit.py", line 9158, in handle_errors
    self.throw_exactly_matched_exception(self.exceptions['exact'], errorCode, feedback)
    ~~~~~~~~~~~~~~~~~~~~~~~~~~~~~~~~~~~~^^^^^^^^^^^^^^^^^^^^^^^^^^^^^^^^^^^^^^^^^^^^^^^
  File "C:\Users\Azuri\Desktop\anewBot\.venv\Lib\site-packages\ccxt\base\exchange.py", line 5435, in throw_exactly_matched_exception
    raise exact[string](message)
ccxt.base.errors.InsufficientFunds: bybit {"retCode":110007,"retMsg":"ab not enough for new order","result":{},"retExtInfo":{},"time":1771885838353}

2026-02-24 09:30:38 | INFO    |   >> SHORT ZEC/USDT:USDT [EMA_RIB] [HUNTER] conv=79A qty=3.71 entry≈239.380000 SL=240.860000 TP=236.420000 exit=fix2.0 risk=$5.50
2026-02-24 09:30:39 | ERROR   | Order ZEC/USDT:USDT: bybit {"retCode":110007,"retMsg":"ab not enough for new order","result":{},"retExtInfo":{},"time":1771885839501}
2026-02-24 09:30:39 | DEBUG   | Traceback (most recent call last):
  File "C:\Users\Azuri\Desktop\anewBot\v13pro\bot.py", line 507, in _execute_signal
    order = await ex_mod.place_limit_order(
            ^^^^^^^^^^^^^^^^^^^^^^^^^^^^^^^
        self._ex, symbol, sig.side, qty, entry_price,
        ^^^^^^^^^^^^^^^^^^^^^^^^^^^^^^^^^^^^^^^^^^^^^
        sl_price, tp_price)
        ^^^^^^^^^^^^^^^^^^^
  File "C:\Users\Azuri\Desktop\anewBot\v13pro\exchange.py", line 158, in place_limit_order
    order = await ex.create_order(symbol, "limit", side, qty, price, params=params)
            ^^^^^^^^^^^^^^^^^^^^^^^^^^^^^^^^^^^^^^^^^^^^^^^^^^^^^^^^^^^^^^^^^^^^^^^
  File "C:\Users\Azuri\Desktop\anewBot\.venv\Lib\site-packages\ccxt\async_support\bybit.py", line 3902, in create_order
    response = await self.privatePostV5OrderCreate(orderRequest)
               ^^^^^^^^^^^^^^^^^^^^^^^^^^^^^^^^^^^^^^^^^^^^^^^^^
  File "C:\Users\Azuri\Desktop\anewBot\.venv\Lib\site-packages\ccxt\async_support\base\exchange.py", line 995, in request
    return await self.fetch2(path, api, method, params, headers, body, config)
           ^^^^^^^^^^^^^^^^^^^^^^^^^^^^^^^^^^^^^^^^^^^^^^^^^^^^^^^^^^^^^^^^^^^
  File "C:\Users\Azuri\Desktop\anewBot\.venv\Lib\site-packages\ccxt\async_support\base\exchange.py", line 991, in fetch2
    raise e
  File "C:\Users\Azuri\Desktop\anewBot\.venv\Lib\site-packages\ccxt\async_support\base\exchange.py", line 979, in fetch2
    return await self.fetch(request['url'], request['method'], request['headers'], request['body'])
           ^^^^^^^^^^^^^^^^^^^^^^^^^^^^^^^^^^^^^^^^^^^^^^^^^^^^^^^^^^^^^^^^^^^^^^^^^^^^^^^^^^^^^^^^
  File "C:\Users\Azuri\Desktop\anewBot\.venv\Lib\site-packages\ccxt\async_support\base\exchange.py", line 263, in fetch
    self.handle_errors(http_status_code, http_status_text, url, method, headers, http_response, json_response, request_headers, request_body)
    ~~~~~~~~~~~~~~~~~~^^^^^^^^^^^^^^^^^^^^^^^^^^^^^^^^^^^^^^^^^^^^^^^^^^^^^^^^^^^^^^^^^^^^^^^^^^^^^^^^^^^^^^^^^^^^^^^^^^^^^^^^^^^^^^^^^^^^^^^
  File "C:\Users\Azuri\Desktop\anewBot\.venv\Lib\site-packages\ccxt\async_support\bybit.py", line 9158, in handle_errors
    self.throw_exactly_matched_exception(self.exceptions['exact'], errorCode, feedback)
    ~~~~~~~~~~~~~~~~~~~~~~~~~~~~~~~~~~~~^^^^^^^^^^^^^^^^^^^^^^^^^^^^^^^^^^^^^^^^^^^^^^^
  File "C:\Users\Azuri\Desktop\anewBot\.venv\Lib\site-packages\ccxt\base\exchange.py", line 5435, in throw_exactly_matched_exception
    raise exact[string](message)
ccxt.base.errors.InsufficientFunds: bybit {"retCode":110007,"retMsg":"ab not enough for new order","result":{},"retExtInfo":{},"time":1771885839501}

2026-02-24 09:30:39 | INFO    |   >> SHORT ZEC/USDT:USDT [TR_PULL] [HUNTER] conv=79A qty=3.71 entry≈239.380000 SL=240.860000 TP=236.420000 exit=fix2.0 risk=$5.50
2026-02-24 09:30:40 | ERROR   | Order ZEC/USDT:USDT: bybit {"retCode":110007,"retMsg":"ab not enough for new order","result":{},"retExtInfo":{},"time":1771885840649}
2026-02-24 09:30:40 | DEBUG   | Traceback (most recent call last):
  File "C:\Users\Azuri\Desktop\anewBot\v13pro\bot.py", line 507, in _execute_signal
    order = await ex_mod.place_limit_order(
            ^^^^^^^^^^^^^^^^^^^^^^^^^^^^^^^
        self._ex, symbol, sig.side, qty, entry_price,
        ^^^^^^^^^^^^^^^^^^^^^^^^^^^^^^^^^^^^^^^^^^^^^
        sl_price, tp_price)
        ^^^^^^^^^^^^^^^^^^^
  File "C:\Users\Azuri\Desktop\anewBot\v13pro\exchange.py", line 158, in place_limit_order
    order = await ex.create_order(symbol, "limit", side, qty, price, params=params)
            ^^^^^^^^^^^^^^^^^^^^^^^^^^^^^^^^^^^^^^^^^^^^^^^^^^^^^^^^^^^^^^^^^^^^^^^
  File "C:\Users\Azuri\Desktop\anewBot\.venv\Lib\site-packages\ccxt\async_support\bybit.py", line 3902, in create_order
    response = await self.privatePostV5OrderCreate(orderRequest)
               ^^^^^^^^^^^^^^^^^^^^^^^^^^^^^^^^^^^^^^^^^^^^^^^^^
  File "C:\Users\Azuri\Desktop\anewBot\.venv\Lib\site-packages\ccxt\async_support\base\exchange.py", line 995, in request
    return await self.fetch2(path, api, method, params, headers, body, config)
           ^^^^^^^^^^^^^^^^^^^^^^^^^^^^^^^^^^^^^^^^^^^^^^^^^^^^^^^^^^^^^^^^^^^
  File "C:\Users\Azuri\Desktop\anewBot\.venv\Lib\site-packages\ccxt\async_support\base\exchange.py", line 991, in fetch2
    raise e
  File "C:\Users\Azuri\Desktop\anewBot\.venv\Lib\site-packages\ccxt\async_support\base\exchange.py", line 979, in fetch2
    return await self.fetch(request['url'], request['method'], request['headers'], request['body'])
           ^^^^^^^^^^^^^^^^^^^^^^^^^^^^^^^^^^^^^^^^^^^^^^^^^^^^^^^^^^^^^^^^^^^^^^^^^^^^^^^^^^^^^^^^
  File "C:\Users\Azuri\Desktop\anewBot\.venv\Lib\site-packages\ccxt\async_support\base\exchange.py", line 263, in fetch
    self.handle_errors(http_status_code, http_status_text, url, method, headers, http_response, json_response, request_headers, request_body)
    ~~~~~~~~~~~~~~~~~~^^^^^^^^^^^^^^^^^^^^^^^^^^^^^^^^^^^^^^^^^^^^^^^^^^^^^^^^^^^^^^^^^^^^^^^^^^^^^^^^^^^^^^^^^^^^^^^^^^^^^^^^^^^^^^^^^^^^^^^
  File "C:\Users\Azuri\Desktop\anewBot\.venv\Lib\site-packages\ccxt\async_support\bybit.py", line 9158, in handle_errors
    self.throw_exactly_matched_exception(self.exceptions['exact'], errorCode, feedback)
    ~~~~~~~~~~~~~~~~~~~~~~~~~~~~~~~~~~~~^^^^^^^^^^^^^^^^^^^^^^^^^^^^^^^^^^^^^^^^^^^^^^^
  File "C:\Users\Azuri\Desktop\anewBot\.venv\Lib\site-packages\ccxt\base\exchange.py", line 5435, in throw_exactly_matched_exception
    raise exact[string](message)
ccxt.base.errors.InsufficientFunds: bybit {"retCode":110007,"retMsg":"ab not enough for new order","result":{},"retExtInfo":{},"time":1771885840649}

2026-02-24 09:30:40 | INFO    |   >> SHORT WLFI/USDT:USDT [PIN_BAR] [HUNTER] conv=66A qty=2475.0 entry≈0.110590 SL=0.112810 TP=0.106150 exit=fix2.0 risk=$5.50
2026-02-24 09:30:41 | DEBUG   | Guardian tracking WLFI/USDT:USDT short entry=0.11059 sl=0.11281 exit=fix2.0
2026-02-24 09:30:41 | INFO    |   📉 [91mSHORT[0m [1mWLFI[0m @ 0.11059  SL=0.11281  TP=0.10615  qty=2475  risk=$5.50
2026-02-24 09:32:32 | WARNING |   Cancel PIPPIN/USDT:USDT: bybit {"retCode":110001,"retMsg":"order not exists or too late to cancel","result":{},"retExtInfo":{},"time":1771885952294}
2026-02-24 09:32:42 | WARNING |   Cancel WLFI/USDT:USDT: bybit {"retCode":110001,"retMsg":"order not exists or too late to cancel","result":{},"retExtInfo":{},"time":1771885962237}
2026-02-24 09:34:59 | INFO    | 
[96m══════════════════════════════════════════════════════════[0m
2026-02-24 09:34:59 | INFO    |   🤖 [1m[97mv13pro LIVE DASHBOARD[0m    [92m🟢 TRADING[0m
2026-02-24 09:34:59 | INFO    |   [2m2026-02-23 22:34:59 UTC[0m   [2mSession: ny[0m
2026-02-24 09:34:59 | INFO    | [96m══════════════════════════════════════════════════════════[0m
2026-02-24 09:34:59 | INFO    |   [1m💰 EQUITY[0m
2026-02-24 09:34:59 | INFO    |      Balance   [93m[1m$499.90[0m               Peak  $500.72
2026-02-24 09:34:59 | INFO    |      Growth    [91m-0.0%[0m                DD    [92m0.2%[0m
2026-02-24 09:34:59 | INFO    |      Target    $5,000       [92m█[2m░░░░░░░░░░░░░░░░░░░[0m 10%
2026-02-24 09:34:59 | INFO    |      [2mPhase 2: Growth → $1K[0m
2026-02-24 09:34:59 | INFO    |   [2m──────────────────────────────────────────────────────[0m
2026-02-24 09:34:59 | INFO    |   [1m📊 TRADING[0m
2026-02-24 09:34:59 | INFO    |      Positions [97m1[0m / 6              Scans   18
2026-02-24 09:34:59 | INFO    |      Signals   0                Trades  2
2026-02-24 09:34:59 | INFO    |      Wins      [92m0[0m                Losses  [91m19[0m
2026-02-24 09:34:59 | INFO    |      Win Rate  [91m0.0%[0m              PnL     [91m-20.09R[0m ([91m$-110.56[0m)
2026-02-24 09:34:59 | INFO    |   [2m──────────────────────────────────────────────────────[0m
2026-02-24 09:34:59 | INFO    |   [1m🧠 INTELLIGENCE[0m
2026-02-24 09:34:59 | INFO    |      🎯 Skill     min=20  eval=262  pass=252  rej=10
2026-02-24 09:34:59 | INFO    |      📚 Learner   5 outcomes tracked
2026-02-24 09:34:59 | INFO    |      🔍 Aftermath 0 done, 1 pending
2026-02-24 09:34:59 | INFO    |      💚 Watchdog  [92mHEALTHY[0m     📡 WS  74 buffers
2026-02-24 09:34:59 | INFO    |      🔭 Hunter    22 non-portfolio signals
2026-02-24 09:34:59 | INFO    |      🧬 DNA       2 records  [2m0 proven clusters[0m
2026-02-24 09:34:59 | INFO    |   [2m──────────────────────────────────────────────────────[0m
2026-02-24 09:34:59 | INFO    |   [1m⚙️  CONFIG[0m
2026-02-24 09:34:59 | INFO    |      Risk       [93m2.0%[0m   Lev  [93m10x[0m   MaxPos [93m6[0m
2026-02-24 09:34:59 | INFO    |      Maker TP   [92mON[0m              Maker Entry  [92mON[0m
2026-02-24 09:34:59 | INFO    |      Combos     48                Pairs  35
2026-02-24 09:34:59 | INFO    |      Uptime     0.1h
2026-02-24 09:34:59 | INFO    | [96m══════════════════════════════════════════════════════════[0m

2026-02-24 09:35:42 | DEBUG   | Hunter: 129 liquid candidates (ex-portfolio)
2026-02-24 09:36:00 | INFO    | Hunter: found 20 signals on non-portfolio pairs
2026-02-24 09:36:00 | INFO    |   >> SHORT SOL/USDT:USDT [TR_PULL] [HUNTER] conv=74A qty=11.9 entry≈78.790000 SL=79.250000 TP=77.870000 exit=fix2.0 risk=$5.50
2026-02-24 09:36:01 | ERROR   | Order SOL/USDT:USDT: bybit {"retCode":110007,"retMsg":"ab not enough for new order","result":{},"retExtInfo":{},"time":1771886161603}
2026-02-24 09:36:01 | DEBUG   | Traceback (most recent call last):
  File "C:\Users\Azuri\Desktop\anewBot\v13pro\bot.py", line 507, in _execute_signal
    order = await ex_mod.place_limit_order(
            ^^^^^^^^^^^^^^^^^^^^^^^^^^^^^^^
        self._ex, symbol, sig.side, qty, entry_price,
        ^^^^^^^^^^^^^^^^^^^^^^^^^^^^^^^^^^^^^^^^^^^^^
        sl_price, tp_price)
        ^^^^^^^^^^^^^^^^^^^
  File "C:\Users\Azuri\Desktop\anewBot\v13pro\exchange.py", line 158, in place_limit_order
    order = await ex.create_order(symbol, "limit", side, qty, price, params=params)
            ^^^^^^^^^^^^^^^^^^^^^^^^^^^^^^^^^^^^^^^^^^^^^^^^^^^^^^^^^^^^^^^^^^^^^^^
  File "C:\Users\Azuri\Desktop\anewBot\.venv\Lib\site-packages\ccxt\async_support\bybit.py", line 3902, in create_order
    response = await self.privatePostV5OrderCreate(orderRequest)
               ^^^^^^^^^^^^^^^^^^^^^^^^^^^^^^^^^^^^^^^^^^^^^^^^^
  File "C:\Users\Azuri\Desktop\anewBot\.venv\Lib\site-packages\ccxt\async_support\base\exchange.py", line 995, in request
    return await self.fetch2(path, api, method, params, headers, body, config)
           ^^^^^^^^^^^^^^^^^^^^^^^^^^^^^^^^^^^^^^^^^^^^^^^^^^^^^^^^^^^^^^^^^^^
  File "C:\Users\Azuri\Desktop\anewBot\.venv\Lib\site-packages\ccxt\async_support\base\exchange.py", line 991, in fetch2
    raise e
  File "C:\Users\Azuri\Desktop\anewBot\.venv\Lib\site-packages\ccxt\async_support\base\exchange.py", line 979, in fetch2
    return await self.fetch(request['url'], request['method'], request['headers'], request['body'])
           ^^^^^^^^^^^^^^^^^^^^^^^^^^^^^^^^^^^^^^^^^^^^^^^^^^^^^^^^^^^^^^^^^^^^^^^^^^^^^^^^^^^^^^^^
  File "C:\Users\Azuri\Desktop\anewBot\.venv\Lib\site-packages\ccxt\async_support\base\exchange.py", line 263, in fetch
    self.handle_errors(http_status_code, http_status_text, url, method, headers, http_response, json_response, request_headers, request_body)
    ~~~~~~~~~~~~~~~~~~^^^^^^^^^^^^^^^^^^^^^^^^^^^^^^^^^^^^^^^^^^^^^^^^^^^^^^^^^^^^^^^^^^^^^^^^^^^^^^^^^^^^^^^^^^^^^^^^^^^^^^^^^^^^^^^^^^^^^^^
  File "C:\Users\Azuri\Desktop\anewBot\.venv\Lib\site-packages\ccxt\async_support\bybit.py", line 9158, in handle_errors
    self.throw_exactly_matched_exception(self.exceptions['exact'], errorCode, feedback)
    ~~~~~~~~~~~~~~~~~~~~~~~~~~~~~~~~~~~~^^^^^^^^^^^^^^^^^^^^^^^^^^^^^^^^^^^^^^^^^^^^^^^
  File "C:\Users\Azuri\Desktop\anewBot\.venv\Lib\site-packages\ccxt\base\exchange.py", line 5435, in throw_exactly_matched_exception
    raise exact[string](message)
ccxt.base.errors.InsufficientFunds: bybit {"retCode":110007,"retMsg":"ab not enough for new order","result":{},"retExtInfo":{},"time":1771886161603}

2026-02-24 09:36:01 | DEBUG   |   Hunter AGLD/USDT:USDT rejected: grade=C (need >=B)
2026-02-24 09:36:01 | DEBUG   |   Hunter AGLD/USDT:USDT rejected: grade=D (need >=B)
2026-02-24 09:36:02 | INFO    |   >> SHORT FARTCOIN/USDT:USDT [EMA_RIB] [HUNTER] conv=63B qty=3460.0 entry≈0.147230 SL=0.148670 TP=0.144340 exit=fix2.0 risk=$5.00
2026-02-24 09:36:03 | ERROR   | Order FARTCOIN/USDT:USDT: bybit {"retCode":110007,"retMsg":"ab not enough for new order","result":{},"retExtInfo":{},"time":1771886163204}
2026-02-24 09:36:03 | DEBUG   | Traceback (most recent call last):
  File "C:\Users\Azuri\Desktop\anewBot\v13pro\bot.py", line 507, in _execute_signal
    order = await ex_mod.place_limit_order(
            ^^^^^^^^^^^^^^^^^^^^^^^^^^^^^^^
        self._ex, symbol, sig.side, qty, entry_price,
        ^^^^^^^^^^^^^^^^^^^^^^^^^^^^^^^^^^^^^^^^^^^^^
        sl_price, tp_price)
        ^^^^^^^^^^^^^^^^^^^
  File "C:\Users\Azuri\Desktop\anewBot\v13pro\exchange.py", line 158, in place_limit_order
    order = await ex.create_order(symbol, "limit", side, qty, price, params=params)
            ^^^^^^^^^^^^^^^^^^^^^^^^^^^^^^^^^^^^^^^^^^^^^^^^^^^^^^^^^^^^^^^^^^^^^^^
  File "C:\Users\Azuri\Desktop\anewBot\.venv\Lib\site-packages\ccxt\async_support\bybit.py", line 3902, in create_order
    response = await self.privatePostV5OrderCreate(orderRequest)
               ^^^^^^^^^^^^^^^^^^^^^^^^^^^^^^^^^^^^^^^^^^^^^^^^^
  File "C:\Users\Azuri\Desktop\anewBot\.venv\Lib\site-packages\ccxt\async_support\base\exchange.py", line 995, in request
    return await self.fetch2(path, api, method, params, headers, body, config)
           ^^^^^^^^^^^^^^^^^^^^^^^^^^^^^^^^^^^^^^^^^^^^^^^^^^^^^^^^^^^^^^^^^^^
  File "C:\Users\Azuri\Desktop\anewBot\.venv\Lib\site-packages\ccxt\async_support\base\exchange.py", line 991, in fetch2
    raise e
  File "C:\Users\Azuri\Desktop\anewBot\.venv\Lib\site-packages\ccxt\async_support\base\exchange.py", line 979, in fetch2
    return await self.fetch(request['url'], request['method'], request['headers'], request['body'])
           ^^^^^^^^^^^^^^^^^^^^^^^^^^^^^^^^^^^^^^^^^^^^^^^^^^^^^^^^^^^^^^^^^^^^^^^^^^^^^^^^^^^^^^^^
  File "C:\Users\Azuri\Desktop\anewBot\.venv\Lib\site-packages\ccxt\async_support\base\exchange.py", line 263, in fetch
    self.handle_errors(http_status_code, http_status_text, url, method, headers, http_response, json_response, request_headers, request_body)
    ~~~~~~~~~~~~~~~~~~^^^^^^^^^^^^^^^^^^^^^^^^^^^^^^^^^^^^^^^^^^^^^^^^^^^^^^^^^^^^^^^^^^^^^^^^^^^^^^^^^^^^^^^^^^^^^^^^^^^^^^^^^^^^^^^^^^^^^^^
  File "C:\Users\Azuri\Desktop\anewBot\.venv\Lib\site-packages\ccxt\async_support\bybit.py", line 9158, in handle_errors
    self.throw_exactly_matched_exception(self.exceptions['exact'], errorCode, feedback)
    ~~~~~~~~~~~~~~~~~~~~~~~~~~~~~~~~~~~~^^^^^^^^^^^^^^^^^^^^^^^^^^^^^^^^^^^^^^^^^^^^^^^
  File "C:\Users\Azuri\Desktop\anewBot\.venv\Lib\site-packages\ccxt\base\exchange.py", line 5435, in throw_exactly_matched_exception
    raise exact[string](message)
ccxt.base.errors.InsufficientFunds: bybit {"retCode":110007,"retMsg":"ab not enough for new order","result":{},"retExtInfo":{},"time":1771886163204}

2026-02-24 09:36:03 | DEBUG   |   Hunter FARTCOIN/USDT:USDT rejected: grade=C (need >=B)
2026-02-24 09:36:03 | INFO    |   >> SHORT BCH/USDT:USDT [EMA_RIB] [HUNTER] conv=78A qty=1.26 entry≈500.700000 SL=505.100000 TP=492.000000 exit=fix2.0 risk=$5.50
2026-02-24 09:36:04 | ERROR   | Order BCH/USDT:USDT: bybit {"retCode":110007,"retMsg":"ab not enough for new order","result":{},"retExtInfo":{},"time":1771886164411}
2026-02-24 09:36:04 | DEBUG   | Traceback (most recent call last):
  File "C:\Users\Azuri\Desktop\anewBot\v13pro\bot.py", line 507, in _execute_signal
    order = await ex_mod.place_limit_order(
            ^^^^^^^^^^^^^^^^^^^^^^^^^^^^^^^
        self._ex, symbol, sig.side, qty, entry_price,
        ^^^^^^^^^^^^^^^^^^^^^^^^^^^^^^^^^^^^^^^^^^^^^
        sl_price, tp_price)
        ^^^^^^^^^^^^^^^^^^^
  File "C:\Users\Azuri\Desktop\anewBot\v13pro\exchange.py", line 158, in place_limit_order
    order = await ex.create_order(symbol, "limit", side, qty, price, params=params)
            ^^^^^^^^^^^^^^^^^^^^^^^^^^^^^^^^^^^^^^^^^^^^^^^^^^^^^^^^^^^^^^^^^^^^^^^
  File "C:\Users\Azuri\Desktop\anewBot\.venv\Lib\site-packages\ccxt\async_support\bybit.py", line 3902, in create_order
    response = await self.privatePostV5OrderCreate(orderRequest)
               ^^^^^^^^^^^^^^^^^^^^^^^^^^^^^^^^^^^^^^^^^^^^^^^^^
  File "C:\Users\Azuri\Desktop\anewBot\.venv\Lib\site-packages\ccxt\async_support\base\exchange.py", line 995, in request
    return await self.fetch2(path, api, method, params, headers, body, config)
           ^^^^^^^^^^^^^^^^^^^^^^^^^^^^^^^^^^^^^^^^^^^^^^^^^^^^^^^^^^^^^^^^^^^
  File "C:\Users\Azuri\Desktop\anewBot\.venv\Lib\site-packages\ccxt\async_support\base\exchange.py", line 991, in fetch2
    raise e
  File "C:\Users\Azuri\Desktop\anewBot\.venv\Lib\site-packages\ccxt\async_support\base\exchange.py", line 979, in fetch2
    return await self.fetch(request['url'], request['method'], request['headers'], request['body'])
           ^^^^^^^^^^^^^^^^^^^^^^^^^^^^^^^^^^^^^^^^^^^^^^^^^^^^^^^^^^^^^^^^^^^^^^^^^^^^^^^^^^^^^^^^
  File "C:\Users\Azuri\Desktop\anewBot\.venv\Lib\site-packages\ccxt\async_support\base\exchange.py", line 263, in fetch
    self.handle_errors(http_status_code, http_status_text, url, method, headers, http_response, json_response, request_headers, request_body)
    ~~~~~~~~~~~~~~~~~~^^^^^^^^^^^^^^^^^^^^^^^^^^^^^^^^^^^^^^^^^^^^^^^^^^^^^^^^^^^^^^^^^^^^^^^^^^^^^^^^^^^^^^^^^^^^^^^^^^^^^^^^^^^^^^^^^^^^^^^
  File "C:\Users\Azuri\Desktop\anewBot\.venv\Lib\site-packages\ccxt\async_support\bybit.py", line 9158, in handle_errors
    self.throw_exactly_matched_exception(self.exceptions['exact'], errorCode, feedback)
    ~~~~~~~~~~~~~~~~~~~~~~~~~~~~~~~~~~~~^^^^^^^^^^^^^^^^^^^^^^^^^^^^^^^^^^^^^^^^^^^^^^^
  File "C:\Users\Azuri\Desktop\anewBot\.venv\Lib\site-packages\ccxt\base\exchange.py", line 5435, in throw_exactly_matched_exception
    raise exact[string](message)
ccxt.base.errors.InsufficientFunds: bybit {"retCode":110007,"retMsg":"ab not enough for new order","result":{},"retExtInfo":{},"time":1771886164411}

2026-02-24 09:36:04 | INFO    |   >> LONG BCH/USDT:USDT [BB_FADE] [HUNTER] conv=58B qty=0.65 entry≈500.500000 SL=492.900000 TP=515.700000 exit=fix2.0 risk=$5.00
2026-02-24 09:36:05 | ERROR   | Order BCH/USDT:USDT: bybit {"retCode":110007,"retMsg":"ab not enough for new order","result":{},"retExtInfo":{},"time":1771886165371}
2026-02-24 09:36:05 | DEBUG   | Traceback (most recent call last):
  File "C:\Users\Azuri\Desktop\anewBot\v13pro\bot.py", line 507, in _execute_signal
    order = await ex_mod.place_limit_order(
            ^^^^^^^^^^^^^^^^^^^^^^^^^^^^^^^
        self._ex, symbol, sig.side, qty, entry_price,
        ^^^^^^^^^^^^^^^^^^^^^^^^^^^^^^^^^^^^^^^^^^^^^
        sl_price, tp_price)
        ^^^^^^^^^^^^^^^^^^^
  File "C:\Users\Azuri\Desktop\anewBot\v13pro\exchange.py", line 158, in place_limit_order
    order = await ex.create_order(symbol, "limit", side, qty, price, params=params)
            ^^^^^^^^^^^^^^^^^^^^^^^^^^^^^^^^^^^^^^^^^^^^^^^^^^^^^^^^^^^^^^^^^^^^^^^
  File "C:\Users\Azuri\Desktop\anewBot\.venv\Lib\site-packages\ccxt\async_support\bybit.py", line 3902, in create_order
    response = await self.privatePostV5OrderCreate(orderRequest)
               ^^^^^^^^^^^^^^^^^^^^^^^^^^^^^^^^^^^^^^^^^^^^^^^^^
  File "C:\Users\Azuri\Desktop\anewBot\.venv\Lib\site-packages\ccxt\async_support\base\exchange.py", line 995, in request
    return await self.fetch2(path, api, method, params, headers, body, config)
           ^^^^^^^^^^^^^^^^^^^^^^^^^^^^^^^^^^^^^^^^^^^^^^^^^^^^^^^^^^^^^^^^^^^
  File "C:\Users\Azuri\Desktop\anewBot\.venv\Lib\site-packages\ccxt\async_support\base\exchange.py", line 991, in fetch2
    raise e
  File "C:\Users\Azuri\Desktop\anewBot\.venv\Lib\site-packages\ccxt\async_support\base\exchange.py", line 979, in fetch2
    return await self.fetch(request['url'], request['method'], request['headers'], request['body'])
           ^^^^^^^^^^^^^^^^^^^^^^^^^^^^^^^^^^^^^^^^^^^^^^^^^^^^^^^^^^^^^^^^^^^^^^^^^^^^^^^^^^^^^^^^
  File "C:\Users\Azuri\Desktop\anewBot\.venv\Lib\site-packages\ccxt\async_support\base\exchange.py", line 263, in fetch
    self.handle_errors(http_status_code, http_status_text, url, method, headers, http_response, json_response, request_headers, request_body)
    ~~~~~~~~~~~~~~~~~~^^^^^^^^^^^^^^^^^^^^^^^^^^^^^^^^^^^^^^^^^^^^^^^^^^^^^^^^^^^^^^^^^^^^^^^^^^^^^^^^^^^^^^^^^^^^^^^^^^^^^^^^^^^^^^^^^^^^^^^
  File "C:\Users\Azuri\Desktop\anewBot\.venv\Lib\site-packages\ccxt\async_support\bybit.py", line 9158, in handle_errors
    self.throw_exactly_matched_exception(self.exceptions['exact'], errorCode, feedback)
    ~~~~~~~~~~~~~~~~~~~~~~~~~~~~~~~~~~~~^^^^^^^^^^^^^^^^^^^^^^^^^^^^^^^^^^^^^^^^^^^^^^^
  File "C:\Users\Azuri\Desktop\anewBot\.venv\Lib\site-packages\ccxt\base\exchange.py", line 5435, in throw_exactly_matched_exception
    raise exact[string](message)
ccxt.base.errors.InsufficientFunds: bybit {"retCode":110007,"retMsg":"ab not enough for new order","result":{},"retExtInfo":{},"time":1771886165371}

2026-02-24 09:36:05 | DEBUG   |   Hunter POWER/USDT:USDT rejected: grade=C (need >=B)
2026-02-24 09:36:05 | INFO    |   >> SHORT LA/USDT:USDT [EMA_RIB] [HUNTER] conv=60B qty=1495.1 entry≈0.227640 SL=0.230980 TP=0.220950 exit=fix2.0 risk=$5.00
2026-02-24 09:36:06 | ERROR   | Order LA/USDT:USDT: bybit {"retCode":110007,"retMsg":"ab not enough for new order","result":{},"retExtInfo":{},"time":1771886166583}
2026-02-24 09:36:06 | DEBUG   | Traceback (most recent call last):
  File "C:\Users\Azuri\Desktop\anewBot\v13pro\bot.py", line 507, in _execute_signal
    order = await ex_mod.place_limit_order(
            ^^^^^^^^^^^^^^^^^^^^^^^^^^^^^^^
        self._ex, symbol, sig.side, qty, entry_price,
        ^^^^^^^^^^^^^^^^^^^^^^^^^^^^^^^^^^^^^^^^^^^^^
        sl_price, tp_price)
        ^^^^^^^^^^^^^^^^^^^
  File "C:\Users\Azuri\Desktop\anewBot\v13pro\exchange.py", line 158, in place_limit_order
    order = await ex.create_order(symbol, "limit", side, qty, price, params=params)
            ^^^^^^^^^^^^^^^^^^^^^^^^^^^^^^^^^^^^^^^^^^^^^^^^^^^^^^^^^^^^^^^^^^^^^^^
  File "C:\Users\Azuri\Desktop\anewBot\.venv\Lib\site-packages\ccxt\async_support\bybit.py", line 3902, in create_order
    response = await self.privatePostV5OrderCreate(orderRequest)
               ^^^^^^^^^^^^^^^^^^^^^^^^^^^^^^^^^^^^^^^^^^^^^^^^^
  File "C:\Users\Azuri\Desktop\anewBot\.venv\Lib\site-packages\ccxt\async_support\base\exchange.py", line 995, in request
    return await self.fetch2(path, api, method, params, headers, body, config)
           ^^^^^^^^^^^^^^^^^^^^^^^^^^^^^^^^^^^^^^^^^^^^^^^^^^^^^^^^^^^^^^^^^^^
  File "C:\Users\Azuri\Desktop\anewBot\.venv\Lib\site-packages\ccxt\async_support\base\exchange.py", line 991, in fetch2
    raise e
  File "C:\Users\Azuri\Desktop\anewBot\.venv\Lib\site-packages\ccxt\async_support\base\exchange.py", line 979, in fetch2
    return await self.fetch(request['url'], request['method'], request['headers'], request['body'])
           ^^^^^^^^^^^^^^^^^^^^^^^^^^^^^^^^^^^^^^^^^^^^^^^^^^^^^^^^^^^^^^^^^^^^^^^^^^^^^^^^^^^^^^^^
  File "C:\Users\Azuri\Desktop\anewBot\.venv\Lib\site-packages\ccxt\async_support\base\exchange.py", line 263, in fetch
    self.handle_errors(http_status_code, http_status_text, url, method, headers, http_response, json_response, request_headers, request_body)
    ~~~~~~~~~~~~~~~~~~^^^^^^^^^^^^^^^^^^^^^^^^^^^^^^^^^^^^^^^^^^^^^^^^^^^^^^^^^^^^^^^^^^^^^^^^^^^^^^^^^^^^^^^^^^^^^^^^^^^^^^^^^^^^^^^^^^^^^^^
  File "C:\Users\Azuri\Desktop\anewBot\.venv\Lib\site-packages\ccxt\async_support\bybit.py", line 9158, in handle_errors
    self.throw_exactly_matched_exception(self.exceptions['exact'], errorCode, feedback)
    ~~~~~~~~~~~~~~~~~~~~~~~~~~~~~~~~~~~~^^^^^^^^^^^^^^^^^^^^^^^^^^^^^^^^^^^^^^^^^^^^^^^
  File "C:\Users\Azuri\Desktop\anewBot\.venv\Lib\site-packages\ccxt\base\exchange.py", line 5435, in throw_exactly_matched_exception
    raise exact[string](message)
ccxt.base.errors.InsufficientFunds: bybit {"retCode":110007,"retMsg":"ab not enough for new order","result":{},"retExtInfo":{},"time":1771886166583}

2026-02-24 09:36:06 | INFO    |   >> SHORT LA/USDT:USDT [DONCHIAN] [HUNTER] conv=60B qty=1495.1 entry≈0.227640 SL=0.230980 TP=0.220950 exit=fix2.0 risk=$5.00
2026-02-24 09:36:07 | ERROR   | Order LA/USDT:USDT: bybit {"retCode":110007,"retMsg":"ab not enough for new order","result":{},"retExtInfo":{},"time":1771886167520}
2026-02-24 09:36:07 | DEBUG   | Traceback (most recent call last):
  File "C:\Users\Azuri\Desktop\anewBot\v13pro\bot.py", line 507, in _execute_signal
    order = await ex_mod.place_limit_order(
            ^^^^^^^^^^^^^^^^^^^^^^^^^^^^^^^
        self._ex, symbol, sig.side, qty, entry_price,
        ^^^^^^^^^^^^^^^^^^^^^^^^^^^^^^^^^^^^^^^^^^^^^
        sl_price, tp_price)
        ^^^^^^^^^^^^^^^^^^^
  File "C:\Users\Azuri\Desktop\anewBot\v13pro\exchange.py", line 158, in place_limit_order
    order = await ex.create_order(symbol, "limit", side, qty, price, params=params)
            ^^^^^^^^^^^^^^^^^^^^^^^^^^^^^^^^^^^^^^^^^^^^^^^^^^^^^^^^^^^^^^^^^^^^^^^
  File "C:\Users\Azuri\Desktop\anewBot\.venv\Lib\site-packages\ccxt\async_support\bybit.py", line 3902, in create_order
    response = await self.privatePostV5OrderCreate(orderRequest)
               ^^^^^^^^^^^^^^^^^^^^^^^^^^^^^^^^^^^^^^^^^^^^^^^^^
  File "C:\Users\Azuri\Desktop\anewBot\.venv\Lib\site-packages\ccxt\async_support\base\exchange.py", line 995, in request
    return await self.fetch2(path, api, method, params, headers, body, config)
           ^^^^^^^^^^^^^^^^^^^^^^^^^^^^^^^^^^^^^^^^^^^^^^^^^^^^^^^^^^^^^^^^^^^
  File "C:\Users\Azuri\Desktop\anewBot\.venv\Lib\site-packages\ccxt\async_support\base\exchange.py", line 991, in fetch2
    raise e
  File "C:\Users\Azuri\Desktop\anewBot\.venv\Lib\site-packages\ccxt\async_support\base\exchange.py", line 979, in fetch2
    return await self.fetch(request['url'], request['method'], request['headers'], request['body'])
           ^^^^^^^^^^^^^^^^^^^^^^^^^^^^^^^^^^^^^^^^^^^^^^^^^^^^^^^^^^^^^^^^^^^^^^^^^^^^^^^^^^^^^^^^
  File "C:\Users\Azuri\Desktop\anewBot\.venv\Lib\site-packages\ccxt\async_support\base\exchange.py", line 263, in fetch
    self.handle_errors(http_status_code, http_status_text, url, method, headers, http_response, json_response, request_headers, request_body)
    ~~~~~~~~~~~~~~~~~~^^^^^^^^^^^^^^^^^^^^^^^^^^^^^^^^^^^^^^^^^^^^^^^^^^^^^^^^^^^^^^^^^^^^^^^^^^^^^^^^^^^^^^^^^^^^^^^^^^^^^^^^^^^^^^^^^^^^^^^
  File "C:\Users\Azuri\Desktop\anewBot\.venv\Lib\site-packages\ccxt\async_support\bybit.py", line 9158, in handle_errors
    self.throw_exactly_matched_exception(self.exceptions['exact'], errorCode, feedback)
    ~~~~~~~~~~~~~~~~~~~~~~~~~~~~~~~~~~~~^^^^^^^^^^^^^^^^^^^^^^^^^^^^^^^^^^^^^^^^^^^^^^^
  File "C:\Users\Azuri\Desktop\anewBot\.venv\Lib\site-packages\ccxt\base\exchange.py", line 5435, in throw_exactly_matched_exception
    raise exact[string](message)
ccxt.base.errors.InsufficientFunds: bybit {"retCode":110007,"retMsg":"ab not enough for new order","result":{},"retExtInfo":{},"time":1771886167520}

2026-02-24 09:36:07 | DEBUG   |   Hunter LA/USDT:USDT rejected: grade=C (need >=B)
2026-02-24 09:36:07 | INFO    |   >> SHORT ZEC/USDT:USDT [EMA_RIB] [HUNTER] conv=73A qty=3.64 entry≈239.400000 SL=240.910000 TP=236.390000 exit=fix2.0 risk=$5.50
2026-02-24 09:36:08 | ERROR   | Order ZEC/USDT:USDT: bybit {"retCode":110007,"retMsg":"ab not enough for new order","result":{},"retExtInfo":{},"time":1771886168744}
2026-02-24 09:36:08 | DEBUG   | Traceback (most recent call last):
  File "C:\Users\Azuri\Desktop\anewBot\v13pro\bot.py", line 507, in _execute_signal
    order = await ex_mod.place_limit_order(
            ^^^^^^^^^^^^^^^^^^^^^^^^^^^^^^^
        self._ex, symbol, sig.side, qty, entry_price,
        ^^^^^^^^^^^^^^^^^^^^^^^^^^^^^^^^^^^^^^^^^^^^^
        sl_price, tp_price)
        ^^^^^^^^^^^^^^^^^^^
  File "C:\Users\Azuri\Desktop\anewBot\v13pro\exchange.py", line 158, in place_limit_order
    order = await ex.create_order(symbol, "limit", side, qty, price, params=params)
            ^^^^^^^^^^^^^^^^^^^^^^^^^^^^^^^^^^^^^^^^^^^^^^^^^^^^^^^^^^^^^^^^^^^^^^^
  File "C:\Users\Azuri\Desktop\anewBot\.venv\Lib\site-packages\ccxt\async_support\bybit.py", line 3902, in create_order
    response = await self.privatePostV5OrderCreate(orderRequest)
               ^^^^^^^^^^^^^^^^^^^^^^^^^^^^^^^^^^^^^^^^^^^^^^^^^
  File "C:\Users\Azuri\Desktop\anewBot\.venv\Lib\site-packages\ccxt\async_support\base\exchange.py", line 995, in request
    return await self.fetch2(path, api, method, params, headers, body, config)
           ^^^^^^^^^^^^^^^^^^^^^^^^^^^^^^^^^^^^^^^^^^^^^^^^^^^^^^^^^^^^^^^^^^^
  File "C:\Users\Azuri\Desktop\anewBot\.venv\Lib\site-packages\ccxt\async_support\base\exchange.py", line 991, in fetch2
    raise e
  File "C:\Users\Azuri\Desktop\anewBot\.venv\Lib\site-packages\ccxt\async_support\base\exchange.py", line 979, in fetch2
    return await self.fetch(request['url'], request['method'], request['headers'], request['body'])
           ^^^^^^^^^^^^^^^^^^^^^^^^^^^^^^^^^^^^^^^^^^^^^^^^^^^^^^^^^^^^^^^^^^^^^^^^^^^^^^^^^^^^^^^^
  File "C:\Users\Azuri\Desktop\anewBot\.venv\Lib\site-packages\ccxt\async_support\base\exchange.py", line 263, in fetch
    self.handle_errors(http_status_code, http_status_text, url, method, headers, http_response, json_response, request_headers, request_body)
    ~~~~~~~~~~~~~~~~~~^^^^^^^^^^^^^^^^^^^^^^^^^^^^^^^^^^^^^^^^^^^^^^^^^^^^^^^^^^^^^^^^^^^^^^^^^^^^^^^^^^^^^^^^^^^^^^^^^^^^^^^^^^^^^^^^^^^^^^^
  File "C:\Users\Azuri\Desktop\anewBot\.venv\Lib\site-packages\ccxt\async_support\bybit.py", line 9158, in handle_errors
    self.throw_exactly_matched_exception(self.exceptions['exact'], errorCode, feedback)
    ~~~~~~~~~~~~~~~~~~~~~~~~~~~~~~~~~~~~^^^^^^^^^^^^^^^^^^^^^^^^^^^^^^^^^^^^^^^^^^^^^^^
  File "C:\Users\Azuri\Desktop\anewBot\.venv\Lib\site-packages\ccxt\base\exchange.py", line 5435, in throw_exactly_matched_exception
    raise exact[string](message)
ccxt.base.errors.InsufficientFunds: bybit {"retCode":110007,"retMsg":"ab not enough for new order","result":{},"retExtInfo":{},"time":1771886168744}

2026-02-24 09:36:08 | INFO    |   >> SHORT ZEC/USDT:USDT [TR_PULL] [HUNTER] conv=73A qty=3.64 entry≈239.400000 SL=240.910000 TP=236.390000 exit=fix2.0 risk=$5.50
2026-02-24 09:36:09 | ERROR   | Order ZEC/USDT:USDT: bybit {"retCode":110007,"retMsg":"ab not enough for new order","result":{},"retExtInfo":{},"time":1771886169683}
2026-02-24 09:36:09 | DEBUG   | Traceback (most recent call last):
  File "C:\Users\Azuri\Desktop\anewBot\v13pro\bot.py", line 507, in _execute_signal
    order = await ex_mod.place_limit_order(
            ^^^^^^^^^^^^^^^^^^^^^^^^^^^^^^^
        self._ex, symbol, sig.side, qty, entry_price,
        ^^^^^^^^^^^^^^^^^^^^^^^^^^^^^^^^^^^^^^^^^^^^^
        sl_price, tp_price)
        ^^^^^^^^^^^^^^^^^^^
  File "C:\Users\Azuri\Desktop\anewBot\v13pro\exchange.py", line 158, in place_limit_order
    order = await ex.create_order(symbol, "limit", side, qty, price, params=params)
            ^^^^^^^^^^^^^^^^^^^^^^^^^^^^^^^^^^^^^^^^^^^^^^^^^^^^^^^^^^^^^^^^^^^^^^^
  File "C:\Users\Azuri\Desktop\anewBot\.venv\Lib\site-packages\ccxt\async_support\bybit.py", line 3902, in create_order
    response = await self.privatePostV5OrderCreate(orderRequest)
               ^^^^^^^^^^^^^^^^^^^^^^^^^^^^^^^^^^^^^^^^^^^^^^^^^
  File "C:\Users\Azuri\Desktop\anewBot\.venv\Lib\site-packages\ccxt\async_support\base\exchange.py", line 995, in request
    return await self.fetch2(path, api, method, params, headers, body, config)
           ^^^^^^^^^^^^^^^^^^^^^^^^^^^^^^^^^^^^^^^^^^^^^^^^^^^^^^^^^^^^^^^^^^^
  File "C:\Users\Azuri\Desktop\anewBot\.venv\Lib\site-packages\ccxt\async_support\base\exchange.py", line 991, in fetch2
    raise e
  File "C:\Users\Azuri\Desktop\anewBot\.venv\Lib\site-packages\ccxt\async_support\base\exchange.py", line 979, in fetch2
    return await self.fetch(request['url'], request['method'], request['headers'], request['body'])
           ^^^^^^^^^^^^^^^^^^^^^^^^^^^^^^^^^^^^^^^^^^^^^^^^^^^^^^^^^^^^^^^^^^^^^^^^^^^^^^^^^^^^^^^^
  File "C:\Users\Azuri\Desktop\anewBot\.venv\Lib\site-packages\ccxt\async_support\base\exchange.py", line 263, in fetch
    self.handle_errors(http_status_code, http_status_text, url, method, headers, http_response, json_response, request_headers, request_body)
    ~~~~~~~~~~~~~~~~~~^^^^^^^^^^^^^^^^^^^^^^^^^^^^^^^^^^^^^^^^^^^^^^^^^^^^^^^^^^^^^^^^^^^^^^^^^^^^^^^^^^^^^^^^^^^^^^^^^^^^^^^^^^^^^^^^^^^^^^^
  File "C:\Users\Azuri\Desktop\anewBot\.venv\Lib\site-packages\ccxt\async_support\bybit.py", line 9158, in handle_errors
    self.throw_exactly_matched_exception(self.exceptions['exact'], errorCode, feedback)
    ~~~~~~~~~~~~~~~~~~~~~~~~~~~~~~~~~~~~^^^^^^^^^^^^^^^^^^^^^^^^^^^^^^^^^^^^^^^^^^^^^^^
  File "C:\Users\Azuri\Desktop\anewBot\.venv\Lib\site-packages\ccxt\base\exchange.py", line 5435, in throw_exactly_matched_exception
    raise exact[string](message)
ccxt.base.errors.InsufficientFunds: bybit {"retCode":110007,"retMsg":"ab not enough for new order","result":{},"retExtInfo":{},"time":1771886169683}

2026-02-24 09:39:59 | INFO    | 
[96m══════════════════════════════════════════════════════════[0m
2026-02-24 09:39:59 | INFO    |   🤖 [1m[97mv13pro LIVE DASHBOARD[0m    [92m🟢 TRADING[0m
2026-02-24 09:39:59 | INFO    |   [2m2026-02-23 22:39:59 UTC[0m   [2mSession: ny[0m
2026-02-24 09:39:59 | INFO    | [96m══════════════════════════════════════════════════════════[0m
2026-02-24 09:39:59 | INFO    |   [1m💰 EQUITY[0m
2026-02-24 09:39:59 | INFO    |      Balance   [93m[1m$499.90[0m               Peak  $500.72
2026-02-24 09:39:59 | INFO    |      Growth    [91m-0.0%[0m                DD    [92m0.2%[0m
2026-02-24 09:39:59 | INFO    |      Target    $5,000       [92m█[2m░░░░░░░░░░░░░░░░░░░[0m 10%
2026-02-24 09:39:59 | INFO    |      [2mPhase 2: Growth → $1K[0m
2026-02-24 09:39:59 | INFO    |   [2m──────────────────────────────────────────────────────[0m
2026-02-24 09:39:59 | INFO    |   [1m📊 TRADING[0m
2026-02-24 09:39:59 | INFO    |      Positions [97m1[0m / 6              Scans   18
2026-02-24 09:39:59 | INFO    |      Signals   0                Trades  2
2026-02-24 09:39:59 | INFO    |      Wins      [92m0[0m                Losses  [91m19[0m
2026-02-24 09:39:59 | INFO    |      Win Rate  [91m0.0%[0m              PnL     [91m-20.09R[0m ([91m$-110.56[0m)
2026-02-24 09:39:59 | INFO    |   [2m──────────────────────────────────────────────────────[0m
2026-02-24 09:39:59 | INFO    |   [1m🧠 INTELLIGENCE[0m
2026-02-24 09:39:59 | INFO    |      🎯 Skill     min=20  eval=275  pass=265  rej=10
2026-02-24 09:39:59 | INFO    |      📚 Learner   5 outcomes tracked
2026-02-24 09:39:59 | INFO    |      🔍 Aftermath 0 done, 1 pending
2026-02-24 09:39:59 | INFO    |      💚 Watchdog  [92mHEALTHY[0m     📡 WS  74 buffers
2026-02-24 09:39:59 | INFO    |      🔭 Hunter    42 non-portfolio signals
2026-02-24 09:39:59 | INFO    |      🧬 DNA       2 records  [2m0 proven clusters[0m
2026-02-24 09:39:59 | INFO    |   [2m──────────────────────────────────────────────────────[0m
2026-02-24 09:39:59 | INFO    |   [1m⚙️  CONFIG[0m
2026-02-24 09:39:59 | INFO    |      Risk       [93m2.0%[0m   Lev  [93m10x[0m   MaxPos [93m6[0m
2026-02-24 09:39:59 | INFO    |      Maker TP   [92mON[0m              Maker Entry  [92mON[0m
2026-02-24 09:39:59 | INFO    |      Combos     48                Pairs  35
2026-02-24 09:39:59 | INFO    |      Uptime     0.2h
2026-02-24 09:39:59 | INFO    | [96m══════════════════════════════════════════════════════════[0m

2026-02-24 09:41:10 | DEBUG   | Hunter: 127 liquid candidates (ex-portfolio)
2026-02-24 09:41:29 | INFO    | Hunter: found 34 signals on non-portfolio pairs
2026-02-24 09:41:29 | INFO    |   >> SHORT ETH/USDT:USDT [EMA_RIB] [HUNTER] conv=78A qty=0.56 entry≈1861.920000 SL=1871.630000 TP=1842.500000 exit=fix2.0 risk=$5.50
2026-02-24 09:41:30 | ERROR   | Order ETH/USDT:USDT: bybit {"retCode":110007,"retMsg":"ab not enough for new order","result":{},"retExtInfo":{},"time":1771886490224}
2026-02-24 09:41:30 | DEBUG   | Traceback (most recent call last):
  File "C:\Users\Azuri\Desktop\anewBot\v13pro\bot.py", line 507, in _execute_signal
    order = await ex_mod.place_limit_order(
            ^^^^^^^^^^^^^^^^^^^^^^^^^^^^^^^
        self._ex, symbol, sig.side, qty, entry_price,
        ^^^^^^^^^^^^^^^^^^^^^^^^^^^^^^^^^^^^^^^^^^^^^
        sl_price, tp_price)
        ^^^^^^^^^^^^^^^^^^^
  File "C:\Users\Azuri\Desktop\anewBot\v13pro\exchange.py", line 158, in place_limit_order
    order = await ex.create_order(symbol, "limit", side, qty, price, params=params)
            ^^^^^^^^^^^^^^^^^^^^^^^^^^^^^^^^^^^^^^^^^^^^^^^^^^^^^^^^^^^^^^^^^^^^^^^
  File "C:\Users\Azuri\Desktop\anewBot\.venv\Lib\site-packages\ccxt\async_support\bybit.py", line 3902, in create_order
    response = await self.privatePostV5OrderCreate(orderRequest)
               ^^^^^^^^^^^^^^^^^^^^^^^^^^^^^^^^^^^^^^^^^^^^^^^^^
  File "C:\Users\Azuri\Desktop\anewBot\.venv\Lib\site-packages\ccxt\async_support\base\exchange.py", line 995, in request
    return await self.fetch2(path, api, method, params, headers, body, config)
           ^^^^^^^^^^^^^^^^^^^^^^^^^^^^^^^^^^^^^^^^^^^^^^^^^^^^^^^^^^^^^^^^^^^
  File "C:\Users\Azuri\Desktop\anewBot\.venv\Lib\site-packages\ccxt\async_support\base\exchange.py", line 991, in fetch2
    raise e
  File "C:\Users\Azuri\Desktop\anewBot\.venv\Lib\site-packages\ccxt\async_support\base\exchange.py", line 979, in fetch2
    return await self.fetch(request['url'], request['method'], request['headers'], request['body'])
           ^^^^^^^^^^^^^^^^^^^^^^^^^^^^^^^^^^^^^^^^^^^^^^^^^^^^^^^^^^^^^^^^^^^^^^^^^^^^^^^^^^^^^^^^
  File "C:\Users\Azuri\Desktop\anewBot\.venv\Lib\site-packages\ccxt\async_support\base\exchange.py", line 263, in fetch
    self.handle_errors(http_status_code, http_status_text, url, method, headers, http_response, json_response, request_headers, request_body)
    ~~~~~~~~~~~~~~~~~~^^^^^^^^^^^^^^^^^^^^^^^^^^^^^^^^^^^^^^^^^^^^^^^^^^^^^^^^^^^^^^^^^^^^^^^^^^^^^^^^^^^^^^^^^^^^^^^^^^^^^^^^^^^^^^^^^^^^^^^
  File "C:\Users\Azuri\Desktop\anewBot\.venv\Lib\site-packages\ccxt\async_support\bybit.py", line 9158, in handle_errors
    self.throw_exactly_matched_exception(self.exceptions['exact'], errorCode, feedback)
    ~~~~~~~~~~~~~~~~~~~~~~~~~~~~~~~~~~~~^^^^^^^^^^^^^^^^^^^^^^^^^^^^^^^^^^^^^^^^^^^^^^^
  File "C:\Users\Azuri\Desktop\anewBot\.venv\Lib\site-packages\ccxt\base\exchange.py", line 5435, in throw_exactly_matched_exception
    raise exact[string](message)
ccxt.base.errors.InsufficientFunds: bybit {"retCode":110007,"retMsg":"ab not enough for new order","result":{},"retExtInfo":{},"time":1771886490224}

2026-02-24 09:41:30 | INFO    |   >> SHORT ETH/USDT:USDT [IB_BREAK] [HUNTER] conv=78A qty=0.56 entry≈1861.920000 SL=1871.630000 TP=1842.500000 exit=fix2.0 risk=$5.50
2026-02-24 09:41:30 | ERROR   | Order ETH/USDT:USDT: bybit {"retCode":110007,"retMsg":"ab not enough for new order","result":{},"retExtInfo":{},"time":1771886491173}
2026-02-24 09:41:30 | DEBUG   | Traceback (most recent call last):
  File "C:\Users\Azuri\Desktop\anewBot\v13pro\bot.py", line 507, in _execute_signal
    order = await ex_mod.place_limit_order(
            ^^^^^^^^^^^^^^^^^^^^^^^^^^^^^^^
        self._ex, symbol, sig.side, qty, entry_price,
        ^^^^^^^^^^^^^^^^^^^^^^^^^^^^^^^^^^^^^^^^^^^^^
        sl_price, tp_price)
        ^^^^^^^^^^^^^^^^^^^
  File "C:\Users\Azuri\Desktop\anewBot\v13pro\exchange.py", line 158, in place_limit_order
    order = await ex.create_order(symbol, "limit", side, qty, price, params=params)
            ^^^^^^^^^^^^^^^^^^^^^^^^^^^^^^^^^^^^^^^^^^^^^^^^^^^^^^^^^^^^^^^^^^^^^^^
  File "C:\Users\Azuri\Desktop\anewBot\.venv\Lib\site-packages\ccxt\async_support\bybit.py", line 3902, in create_order
    response = await self.privatePostV5OrderCreate(orderRequest)
               ^^^^^^^^^^^^^^^^^^^^^^^^^^^^^^^^^^^^^^^^^^^^^^^^^
  File "C:\Users\Azuri\Desktop\anewBot\.venv\Lib\site-packages\ccxt\async_support\base\exchange.py", line 995, in request
    return await self.fetch2(path, api, method, params, headers, body, config)
           ^^^^^^^^^^^^^^^^^^^^^^^^^^^^^^^^^^^^^^^^^^^^^^^^^^^^^^^^^^^^^^^^^^^
  File "C:\Users\Azuri\Desktop\anewBot\.venv\Lib\site-packages\ccxt\async_support\base\exchange.py", line 991, in fetch2
    raise e
  File "C:\Users\Azuri\Desktop\anewBot\.venv\Lib\site-packages\ccxt\async_support\base\exchange.py", line 979, in fetch2
    return await self.fetch(request['url'], request['method'], request['headers'], request['body'])
           ^^^^^^^^^^^^^^^^^^^^^^^^^^^^^^^^^^^^^^^^^^^^^^^^^^^^^^^^^^^^^^^^^^^^^^^^^^^^^^^^^^^^^^^^
  File "C:\Users\Azuri\Desktop\anewBot\.venv\Lib\site-packages\ccxt\async_support\base\exchange.py", line 263, in fetch
    self.handle_errors(http_status_code, http_status_text, url, method, headers, http_response, json_response, request_headers, request_body)
    ~~~~~~~~~~~~~~~~~~^^^^^^^^^^^^^^^^^^^^^^^^^^^^^^^^^^^^^^^^^^^^^^^^^^^^^^^^^^^^^^^^^^^^^^^^^^^^^^^^^^^^^^^^^^^^^^^^^^^^^^^^^^^^^^^^^^^^^^^
  File "C:\Users\Azuri\Desktop\anewBot\.venv\Lib\site-packages\ccxt\async_support\bybit.py", line 9158, in handle_errors
    self.throw_exactly_matched_exception(self.exceptions['exact'], errorCode, feedback)
    ~~~~~~~~~~~~~~~~~~~~~~~~~~~~~~~~~~~~^^^^^^^^^^^^^^^^^^^^^^^^^^^^^^^^^^^^^^^^^^^^^^^
  File "C:\Users\Azuri\Desktop\anewBot\.venv\Lib\site-packages\ccxt\base\exchange.py", line 5435, in throw_exactly_matched_exception
    raise exact[string](message)
ccxt.base.errors.InsufficientFunds: bybit {"retCode":110007,"retMsg":"ab not enough for new order","result":{},"retExtInfo":{},"time":1771886491173}

2026-02-24 09:41:31 | INFO    |   >> SHORT ETH/USDT:USDT [TR_PULL] [HUNTER] conv=78A qty=0.56 entry≈1861.920000 SL=1871.630000 TP=1842.500000 exit=fix2.0 risk=$5.50
2026-02-24 09:41:31 | ERROR   | Order ETH/USDT:USDT: bybit {"retCode":110007,"retMsg":"ab not enough for new order","result":{},"retExtInfo":{},"time":1771886492124}
2026-02-24 09:41:31 | DEBUG   | Traceback (most recent call last):
  File "C:\Users\Azuri\Desktop\anewBot\v13pro\bot.py", line 507, in _execute_signal
    order = await ex_mod.place_limit_order(
            ^^^^^^^^^^^^^^^^^^^^^^^^^^^^^^^
        self._ex, symbol, sig.side, qty, entry_price,
        ^^^^^^^^^^^^^^^^^^^^^^^^^^^^^^^^^^^^^^^^^^^^^
        sl_price, tp_price)
        ^^^^^^^^^^^^^^^^^^^
  File "C:\Users\Azuri\Desktop\anewBot\v13pro\exchange.py", line 158, in place_limit_order
    order = await ex.create_order(symbol, "limit", side, qty, price, params=params)
            ^^^^^^^^^^^^^^^^^^^^^^^^^^^^^^^^^^^^^^^^^^^^^^^^^^^^^^^^^^^^^^^^^^^^^^^
  File "C:\Users\Azuri\Desktop\anewBot\.venv\Lib\site-packages\ccxt\async_support\bybit.py", line 3902, in create_order
    response = await self.privatePostV5OrderCreate(orderRequest)
               ^^^^^^^^^^^^^^^^^^^^^^^^^^^^^^^^^^^^^^^^^^^^^^^^^
  File "C:\Users\Azuri\Desktop\anewBot\.venv\Lib\site-packages\ccxt\async_support\base\exchange.py", line 995, in request
    return await self.fetch2(path, api, method, params, headers, body, config)
           ^^^^^^^^^^^^^^^^^^^^^^^^^^^^^^^^^^^^^^^^^^^^^^^^^^^^^^^^^^^^^^^^^^^
  File "C:\Users\Azuri\Desktop\anewBot\.venv\Lib\site-packages\ccxt\async_support\base\exchange.py", line 991, in fetch2
    raise e
  File "C:\Users\Azuri\Desktop\anewBot\.venv\Lib\site-packages\ccxt\async_support\base\exchange.py", line 979, in fetch2
    return await self.fetch(request['url'], request['method'], request['headers'], request['body'])
           ^^^^^^^^^^^^^^^^^^^^^^^^^^^^^^^^^^^^^^^^^^^^^^^^^^^^^^^^^^^^^^^^^^^^^^^^^^^^^^^^^^^^^^^^
  File "C:\Users\Azuri\Desktop\anewBot\.venv\Lib\site-packages\ccxt\async_support\base\exchange.py", line 263, in fetch
    self.handle_errors(http_status_code, http_status_text, url, method, headers, http_response, json_response, request_headers, request_body)
    ~~~~~~~~~~~~~~~~~~^^^^^^^^^^^^^^^^^^^^^^^^^^^^^^^^^^^^^^^^^^^^^^^^^^^^^^^^^^^^^^^^^^^^^^^^^^^^^^^^^^^^^^^^^^^^^^^^^^^^^^^^^^^^^^^^^^^^^^^
  File "C:\Users\Azuri\Desktop\anewBot\.venv\Lib\site-packages\ccxt\async_support\bybit.py", line 9158, in handle_errors
    self.throw_exactly_matched_exception(self.exceptions['exact'], errorCode, feedback)
    ~~~~~~~~~~~~~~~~~~~~~~~~~~~~~~~~~~~~^^^^^^^^^^^^^^^^^^^^^^^^^^^^^^^^^^^^^^^^^^^^^^^
  File "C:\Users\Azuri\Desktop\anewBot\.venv\Lib\site-packages\ccxt\base\exchange.py", line 5435, in throw_exactly_matched_exception
    raise exact[string](message)
ccxt.base.errors.InsufficientFunds: bybit {"retCode":110007,"retMsg":"ab not enough for new order","result":{},"retExtInfo":{},"time":1771886492124}

2026-02-24 09:41:32 | INFO    |   >> SHORT SOL/USDT:USDT [EMA_RIB] [HUNTER] conv=77A qty=11.7 entry≈78.720000 SL=79.190000 TP=77.790000 exit=fix2.0 risk=$5.50
2026-02-24 09:41:33 | ERROR   | Order SOL/USDT:USDT: bybit {"retCode":110007,"retMsg":"ab not enough for new order","result":{},"retExtInfo":{},"time":1771886493272}
2026-02-24 09:41:33 | DEBUG   | Traceback (most recent call last):
  File "C:\Users\Azuri\Desktop\anewBot\v13pro\bot.py", line 507, in _execute_signal
    order = await ex_mod.place_limit_order(
            ^^^^^^^^^^^^^^^^^^^^^^^^^^^^^^^
        self._ex, symbol, sig.side, qty, entry_price,
        ^^^^^^^^^^^^^^^^^^^^^^^^^^^^^^^^^^^^^^^^^^^^^
        sl_price, tp_price)
        ^^^^^^^^^^^^^^^^^^^
  File "C:\Users\Azuri\Desktop\anewBot\v13pro\exchange.py", line 158, in place_limit_order
    order = await ex.create_order(symbol, "limit", side, qty, price, params=params)
            ^^^^^^^^^^^^^^^^^^^^^^^^^^^^^^^^^^^^^^^^^^^^^^^^^^^^^^^^^^^^^^^^^^^^^^^
  File "C:\Users\Azuri\Desktop\anewBot\.venv\Lib\site-packages\ccxt\async_support\bybit.py", line 3902, in create_order
    response = await self.privatePostV5OrderCreate(orderRequest)
               ^^^^^^^^^^^^^^^^^^^^^^^^^^^^^^^^^^^^^^^^^^^^^^^^^
  File "C:\Users\Azuri\Desktop\anewBot\.venv\Lib\site-packages\ccxt\async_support\base\exchange.py", line 995, in request
    return await self.fetch2(path, api, method, params, headers, body, config)
           ^^^^^^^^^^^^^^^^^^^^^^^^^^^^^^^^^^^^^^^^^^^^^^^^^^^^^^^^^^^^^^^^^^^
  File "C:\Users\Azuri\Desktop\anewBot\.venv\Lib\site-packages\ccxt\async_support\base\exchange.py", line 991, in fetch2
    raise e
  File "C:\Users\Azuri\Desktop\anewBot\.venv\Lib\site-packages\ccxt\async_support\base\exchange.py", line 979, in fetch2
    return await self.fetch(request['url'], request['method'], request['headers'], request['body'])
           ^^^^^^^^^^^^^^^^^^^^^^^^^^^^^^^^^^^^^^^^^^^^^^^^^^^^^^^^^^^^^^^^^^^^^^^^^^^^^^^^^^^^^^^^
  File "C:\Users\Azuri\Desktop\anewBot\.venv\Lib\site-packages\ccxt\async_support\base\exchange.py", line 263, in fetch
    self.handle_errors(http_status_code, http_status_text, url, method, headers, http_response, json_response, request_headers, request_body)
    ~~~~~~~~~~~~~~~~~~^^^^^^^^^^^^^^^^^^^^^^^^^^^^^^^^^^^^^^^^^^^^^^^^^^^^^^^^^^^^^^^^^^^^^^^^^^^^^^^^^^^^^^^^^^^^^^^^^^^^^^^^^^^^^^^^^^^^^^^
  File "C:\Users\Azuri\Desktop\anewBot\.venv\Lib\site-packages\ccxt\async_support\bybit.py", line 9158, in handle_errors
    self.throw_exactly_matched_exception(self.exceptions['exact'], errorCode, feedback)
    ~~~~~~~~~~~~~~~~~~~~~~~~~~~~~~~~~~~~^^^^^^^^^^^^^^^^^^^^^^^^^^^^^^^^^^^^^^^^^^^^^^^
  File "C:\Users\Azuri\Desktop\anewBot\.venv\Lib\site-packages\ccxt\base\exchange.py", line 5435, in throw_exactly_matched_exception
    raise exact[string](message)
ccxt.base.errors.InsufficientFunds: bybit {"retCode":110007,"retMsg":"ab not enough for new order","result":{},"retExtInfo":{},"time":1771886493272}

2026-02-24 09:41:33 | INFO    |   >> SHORT SOL/USDT:USDT [TR_PULL] [HUNTER] conv=77A qty=11.7 entry≈78.720000 SL=79.190000 TP=77.790000 exit=fix2.0 risk=$5.50
2026-02-24 09:41:34 | ERROR   | Order SOL/USDT:USDT: bybit {"retCode":110007,"retMsg":"ab not enough for new order","result":{},"retExtInfo":{},"time":1771886494228}
2026-02-24 09:41:34 | DEBUG   | Traceback (most recent call last):
  File "C:\Users\Azuri\Desktop\anewBot\v13pro\bot.py", line 507, in _execute_signal
    order = await ex_mod.place_limit_order(
            ^^^^^^^^^^^^^^^^^^^^^^^^^^^^^^^
        self._ex, symbol, sig.side, qty, entry_price,
        ^^^^^^^^^^^^^^^^^^^^^^^^^^^^^^^^^^^^^^^^^^^^^
        sl_price, tp_price)
        ^^^^^^^^^^^^^^^^^^^
  File "C:\Users\Azuri\Desktop\anewBot\v13pro\exchange.py", line 158, in place_limit_order
    order = await ex.create_order(symbol, "limit", side, qty, price, params=params)
            ^^^^^^^^^^^^^^^^^^^^^^^^^^^^^^^^^^^^^^^^^^^^^^^^^^^^^^^^^^^^^^^^^^^^^^^
  File "C:\Users\Azuri\Desktop\anewBot\.venv\Lib\site-packages\ccxt\async_support\bybit.py", line 3902, in create_order
    response = await self.privatePostV5OrderCreate(orderRequest)
               ^^^^^^^^^^^^^^^^^^^^^^^^^^^^^^^^^^^^^^^^^^^^^^^^^
  File "C:\Users\Azuri\Desktop\anewBot\.venv\Lib\site-packages\ccxt\async_support\base\exchange.py", line 995, in request
    return await self.fetch2(path, api, method, params, headers, body, config)
           ^^^^^^^^^^^^^^^^^^^^^^^^^^^^^^^^^^^^^^^^^^^^^^^^^^^^^^^^^^^^^^^^^^^
  File "C:\Users\Azuri\Desktop\anewBot\.venv\Lib\site-packages\ccxt\async_support\base\exchange.py", line 991, in fetch2
    raise e
  File "C:\Users\Azuri\Desktop\anewBot\.venv\Lib\site-packages\ccxt\async_support\base\exchange.py", line 979, in fetch2
    return await self.fetch(request['url'], request['method'], request['headers'], request['body'])
           ^^^^^^^^^^^^^^^^^^^^^^^^^^^^^^^^^^^^^^^^^^^^^^^^^^^^^^^^^^^^^^^^^^^^^^^^^^^^^^^^^^^^^^^^
  File "C:\Users\Azuri\Desktop\anewBot\.venv\Lib\site-packages\ccxt\async_support\base\exchange.py", line 263, in fetch
    self.handle_errors(http_status_code, http_status_text, url, method, headers, http_response, json_response, request_headers, request_body)
    ~~~~~~~~~~~~~~~~~~^^^^^^^^^^^^^^^^^^^^^^^^^^^^^^^^^^^^^^^^^^^^^^^^^^^^^^^^^^^^^^^^^^^^^^^^^^^^^^^^^^^^^^^^^^^^^^^^^^^^^^^^^^^^^^^^^^^^^^^
  File "C:\Users\Azuri\Desktop\anewBot\.venv\Lib\site-packages\ccxt\async_support\bybit.py", line 9158, in handle_errors
    self.throw_exactly_matched_exception(self.exceptions['exact'], errorCode, feedback)
    ~~~~~~~~~~~~~~~~~~~~~~~~~~~~~~~~~~~~^^^^^^^^^^^^^^^^^^^^^^^^^^^^^^^^^^^^^^^^^^^^^^^
  File "C:\Users\Azuri\Desktop\anewBot\.venv\Lib\site-packages\ccxt\base\exchange.py", line 5435, in throw_exactly_matched_exception
    raise exact[string](message)
ccxt.base.errors.InsufficientFunds: bybit {"retCode":110007,"retMsg":"ab not enough for new order","result":{},"retExtInfo":{},"time":1771886494228}

2026-02-24 09:41:34 | INFO    |   >> SHORT XRP/USDT:USDT [EMA_RIB] [HUNTER] conv=72A qty=711.3 entry≈1.361000 SL=1.368700 TP=1.345500 exit=fix2.0 risk=$5.50
2026-02-24 09:41:34 | ERROR   | Order XRP/USDT:USDT: bybit {"retCode":10001,"retMsg":"position idx not match position mode","result":{},"retExtInfo":{},"time":1771886495184}
2026-02-24 09:41:34 | DEBUG   | Traceback (most recent call last):
  File "C:\Users\Azuri\Desktop\anewBot\v13pro\bot.py", line 507, in _execute_signal
    order = await ex_mod.place_limit_order(
            ^^^^^^^^^^^^^^^^^^^^^^^^^^^^^^^
        self._ex, symbol, sig.side, qty, entry_price,
        ^^^^^^^^^^^^^^^^^^^^^^^^^^^^^^^^^^^^^^^^^^^^^
        sl_price, tp_price)
        ^^^^^^^^^^^^^^^^^^^
  File "C:\Users\Azuri\Desktop\anewBot\v13pro\exchange.py", line 158, in place_limit_order
    order = await ex.create_order(symbol, "limit", side, qty, price, params=params)
            ^^^^^^^^^^^^^^^^^^^^^^^^^^^^^^^^^^^^^^^^^^^^^^^^^^^^^^^^^^^^^^^^^^^^^^^
  File "C:\Users\Azuri\Desktop\anewBot\.venv\Lib\site-packages\ccxt\async_support\bybit.py", line 3902, in create_order
    response = await self.privatePostV5OrderCreate(orderRequest)
               ^^^^^^^^^^^^^^^^^^^^^^^^^^^^^^^^^^^^^^^^^^^^^^^^^
  File "C:\Users\Azuri\Desktop\anewBot\.venv\Lib\site-packages\ccxt\async_support\base\exchange.py", line 995, in request
    return await self.fetch2(path, api, method, params, headers, body, config)
           ^^^^^^^^^^^^^^^^^^^^^^^^^^^^^^^^^^^^^^^^^^^^^^^^^^^^^^^^^^^^^^^^^^^
  File "C:\Users\Azuri\Desktop\anewBot\.venv\Lib\site-packages\ccxt\async_support\base\exchange.py", line 991, in fetch2
    raise e
  File "C:\Users\Azuri\Desktop\anewBot\.venv\Lib\site-packages\ccxt\async_support\base\exchange.py", line 979, in fetch2
    return await self.fetch(request['url'], request['method'], request['headers'], request['body'])
           ^^^^^^^^^^^^^^^^^^^^^^^^^^^^^^^^^^^^^^^^^^^^^^^^^^^^^^^^^^^^^^^^^^^^^^^^^^^^^^^^^^^^^^^^
  File "C:\Users\Azuri\Desktop\anewBot\.venv\Lib\site-packages\ccxt\async_support\base\exchange.py", line 263, in fetch
    self.handle_errors(http_status_code, http_status_text, url, method, headers, http_response, json_response, request_headers, request_body)
    ~~~~~~~~~~~~~~~~~~^^^^^^^^^^^^^^^^^^^^^^^^^^^^^^^^^^^^^^^^^^^^^^^^^^^^^^^^^^^^^^^^^^^^^^^^^^^^^^^^^^^^^^^^^^^^^^^^^^^^^^^^^^^^^^^^^^^^^^^
  File "C:\Users\Azuri\Desktop\anewBot\.venv\Lib\site-packages\ccxt\async_support\bybit.py", line 9158, in handle_errors
    self.throw_exactly_matched_exception(self.exceptions['exact'], errorCode, feedback)
    ~~~~~~~~~~~~~~~~~~~~~~~~~~~~~~~~~~~~^^^^^^^^^^^^^^^^^^^^^^^^^^^^^^^^^^^^^^^^^^^^^^^
  File "C:\Users\Azuri\Desktop\anewBot\.venv\Lib\site-packages\ccxt\base\exchange.py", line 5435, in throw_exactly_matched_exception
    raise exact[string](message)
ccxt.base.errors.BadRequest: bybit {"retCode":10001,"retMsg":"position idx not match position mode","result":{},"retExtInfo":{},"time":1771886495184}

2026-02-24 09:41:35 | INFO    |   >> SHORT XRP/USDT:USDT [IB_BREAK] [HUNTER] conv=73A qty=711.3 entry≈1.361000 SL=1.368700 TP=1.345500 exit=fix2.0 risk=$5.50
2026-02-24 09:41:35 | ERROR   | Order XRP/USDT:USDT: bybit {"retCode":10001,"retMsg":"position idx not match position mode","result":{},"retExtInfo":{},"time":1771886496153}
2026-02-24 09:41:35 | DEBUG   | Traceback (most recent call last):
  File "C:\Users\Azuri\Desktop\anewBot\v13pro\bot.py", line 507, in _execute_signal
    order = await ex_mod.place_limit_order(
            ^^^^^^^^^^^^^^^^^^^^^^^^^^^^^^^
        self._ex, symbol, sig.side, qty, entry_price,
        ^^^^^^^^^^^^^^^^^^^^^^^^^^^^^^^^^^^^^^^^^^^^^
        sl_price, tp_price)
        ^^^^^^^^^^^^^^^^^^^
  File "C:\Users\Azuri\Desktop\anewBot\v13pro\exchange.py", line 158, in place_limit_order
    order = await ex.create_order(symbol, "limit", side, qty, price, params=params)
            ^^^^^^^^^^^^^^^^^^^^^^^^^^^^^^^^^^^^^^^^^^^^^^^^^^^^^^^^^^^^^^^^^^^^^^^
  File "C:\Users\Azuri\Desktop\anewBot\.venv\Lib\site-packages\ccxt\async_support\bybit.py", line 3902, in create_order
    response = await self.privatePostV5OrderCreate(orderRequest)
               ^^^^^^^^^^^^^^^^^^^^^^^^^^^^^^^^^^^^^^^^^^^^^^^^^
  File "C:\Users\Azuri\Desktop\anewBot\.venv\Lib\site-packages\ccxt\async_support\base\exchange.py", line 995, in request
    return await self.fetch2(path, api, method, params, headers, body, config)
           ^^^^^^^^^^^^^^^^^^^^^^^^^^^^^^^^^^^^^^^^^^^^^^^^^^^^^^^^^^^^^^^^^^^
  File "C:\Users\Azuri\Desktop\anewBot\.venv\Lib\site-packages\ccxt\async_support\base\exchange.py", line 991, in fetch2
    raise e
  File "C:\Users\Azuri\Desktop\anewBot\.venv\Lib\site-packages\ccxt\async_support\base\exchange.py", line 979, in fetch2
    return await self.fetch(request['url'], request['method'], request['headers'], request['body'])
           ^^^^^^^^^^^^^^^^^^^^^^^^^^^^^^^^^^^^^^^^^^^^^^^^^^^^^^^^^^^^^^^^^^^^^^^^^^^^^^^^^^^^^^^^
  File "C:\Users\Azuri\Desktop\anewBot\.venv\Lib\site-packages\ccxt\async_support\base\exchange.py", line 263, in fetch
    self.handle_errors(http_status_code, http_status_text, url, method, headers, http_response, json_response, request_headers, request_body)
    ~~~~~~~~~~~~~~~~~~^^^^^^^^^^^^^^^^^^^^^^^^^^^^^^^^^^^^^^^^^^^^^^^^^^^^^^^^^^^^^^^^^^^^^^^^^^^^^^^^^^^^^^^^^^^^^^^^^^^^^^^^^^^^^^^^^^^^^^^
  File "C:\Users\Azuri\Desktop\anewBot\.venv\Lib\site-packages\ccxt\async_support\bybit.py", line 9158, in handle_errors
    self.throw_exactly_matched_exception(self.exceptions['exact'], errorCode, feedback)
    ~~~~~~~~~~~~~~~~~~~~~~~~~~~~~~~~~~~~^^^^^^^^^^^^^^^^^^^^^^^^^^^^^^^^^^^^^^^^^^^^^^^
  File "C:\Users\Azuri\Desktop\anewBot\.venv\Lib\site-packages\ccxt\base\exchange.py", line 5435, in throw_exactly_matched_exception
    raise exact[string](message)
ccxt.base.errors.BadRequest: bybit {"retCode":10001,"retMsg":"position idx not match position mode","result":{},"retExtInfo":{},"time":1771886496153}

2026-02-24 09:41:36 | INFO    |   >> SHORT XRP/USDT:USDT [TR_PULL] [HUNTER] conv=73A qty=711.3 entry≈1.361000 SL=1.368700 TP=1.345500 exit=fix2.0 risk=$5.50
2026-02-24 09:41:36 | ERROR   | Order XRP/USDT:USDT: bybit {"retCode":10001,"retMsg":"position idx not match position mode","result":{},"retExtInfo":{},"time":1771886497114}
2026-02-24 09:41:36 | DEBUG   | Traceback (most recent call last):
  File "C:\Users\Azuri\Desktop\anewBot\v13pro\bot.py", line 507, in _execute_signal
    order = await ex_mod.place_limit_order(
            ^^^^^^^^^^^^^^^^^^^^^^^^^^^^^^^
        self._ex, symbol, sig.side, qty, entry_price,
        ^^^^^^^^^^^^^^^^^^^^^^^^^^^^^^^^^^^^^^^^^^^^^
        sl_price, tp_price)
        ^^^^^^^^^^^^^^^^^^^
  File "C:\Users\Azuri\Desktop\anewBot\v13pro\exchange.py", line 158, in place_limit_order
    order = await ex.create_order(symbol, "limit", side, qty, price, params=params)
            ^^^^^^^^^^^^^^^^^^^^^^^^^^^^^^^^^^^^^^^^^^^^^^^^^^^^^^^^^^^^^^^^^^^^^^^
  File "C:\Users\Azuri\Desktop\anewBot\.venv\Lib\site-packages\ccxt\async_support\bybit.py", line 3902, in create_order
    response = await self.privatePostV5OrderCreate(orderRequest)
               ^^^^^^^^^^^^^^^^^^^^^^^^^^^^^^^^^^^^^^^^^^^^^^^^^
  File "C:\Users\Azuri\Desktop\anewBot\.venv\Lib\site-packages\ccxt\async_support\base\exchange.py", line 995, in request
    return await self.fetch2(path, api, method, params, headers, body, config)
           ^^^^^^^^^^^^^^^^^^^^^^^^^^^^^^^^^^^^^^^^^^^^^^^^^^^^^^^^^^^^^^^^^^^
  File "C:\Users\Azuri\Desktop\anewBot\.venv\Lib\site-packages\ccxt\async_support\base\exchange.py", line 991, in fetch2
    raise e
  File "C:\Users\Azuri\Desktop\anewBot\.venv\Lib\site-packages\ccxt\async_support\base\exchange.py", line 979, in fetch2
    return await self.fetch(request['url'], request['method'], request['headers'], request['body'])
           ^^^^^^^^^^^^^^^^^^^^^^^^^^^^^^^^^^^^^^^^^^^^^^^^^^^^^^^^^^^^^^^^^^^^^^^^^^^^^^^^^^^^^^^^
  File "C:\Users\Azuri\Desktop\anewBot\.venv\Lib\site-packages\ccxt\async_support\base\exchange.py", line 263, in fetch
    self.handle_errors(http_status_code, http_status_text, url, method, headers, http_response, json_response, request_headers, request_body)
    ~~~~~~~~~~~~~~~~~~^^^^^^^^^^^^^^^^^^^^^^^^^^^^^^^^^^^^^^^^^^^^^^^^^^^^^^^^^^^^^^^^^^^^^^^^^^^^^^^^^^^^^^^^^^^^^^^^^^^^^^^^^^^^^^^^^^^^^^^
  File "C:\Users\Azuri\Desktop\anewBot\.venv\Lib\site-packages\ccxt\async_support\bybit.py", line 9158, in handle_errors
    self.throw_exactly_matched_exception(self.exceptions['exact'], errorCode, feedback)
    ~~~~~~~~~~~~~~~~~~~~~~~~~~~~~~~~~~~~^^^^^^^^^^^^^^^^^^^^^^^^^^^^^^^^^^^^^^^^^^^^^^^
  File "C:\Users\Azuri\Desktop\anewBot\.venv\Lib\site-packages\ccxt\base\exchange.py", line 5435, in throw_exactly_matched_exception
    raise exact[string](message)
ccxt.base.errors.BadRequest: bybit {"retCode":10001,"retMsg":"position idx not match position mode","result":{},"retExtInfo":{},"time":1771886497114}

2026-02-24 09:41:37 | DEBUG   |   Hunter AGLD/USDT:USDT rejected: grade=C (need >=B)
2026-02-24 09:41:37 | DEBUG   |   Hunter AGLD/USDT:USDT rejected: grade=C (need >=B)
2026-02-24 09:41:37 | INFO    |   >> SHORT FARTCOIN/USDT:USDT [EMA_RIB] [HUNTER] conv=62B qty=3343.0 entry≈0.146570 SL=0.148070 TP=0.143580 exit=fix2.0 risk=$5.00
2026-02-24 09:41:38 | ERROR   | Order FARTCOIN/USDT:USDT: bybit {"retCode":110007,"retMsg":"ab not enough for new order","result":{},"retExtInfo":{},"time":1771886498571}
2026-02-24 09:41:38 | DEBUG   | Traceback (most recent call last):
  File "C:\Users\Azuri\Desktop\anewBot\v13pro\bot.py", line 507, in _execute_signal
    order = await ex_mod.place_limit_order(
            ^^^^^^^^^^^^^^^^^^^^^^^^^^^^^^^
        self._ex, symbol, sig.side, qty, entry_price,
        ^^^^^^^^^^^^^^^^^^^^^^^^^^^^^^^^^^^^^^^^^^^^^
        sl_price, tp_price)
        ^^^^^^^^^^^^^^^^^^^
  File "C:\Users\Azuri\Desktop\anewBot\v13pro\exchange.py", line 158, in place_limit_order
    order = await ex.create_order(symbol, "limit", side, qty, price, params=params)
            ^^^^^^^^^^^^^^^^^^^^^^^^^^^^^^^^^^^^^^^^^^^^^^^^^^^^^^^^^^^^^^^^^^^^^^^
  File "C:\Users\Azuri\Desktop\anewBot\.venv\Lib\site-packages\ccxt\async_support\bybit.py", line 3902, in create_order
    response = await self.privatePostV5OrderCreate(orderRequest)
               ^^^^^^^^^^^^^^^^^^^^^^^^^^^^^^^^^^^^^^^^^^^^^^^^^
  File "C:\Users\Azuri\Desktop\anewBot\.venv\Lib\site-packages\ccxt\async_support\base\exchange.py", line 995, in request
    return await self.fetch2(path, api, method, params, headers, body, config)
           ^^^^^^^^^^^^^^^^^^^^^^^^^^^^^^^^^^^^^^^^^^^^^^^^^^^^^^^^^^^^^^^^^^^
  File "C:\Users\Azuri\Desktop\anewBot\.venv\Lib\site-packages\ccxt\async_support\base\exchange.py", line 991, in fetch2
    raise e
  File "C:\Users\Azuri\Desktop\anewBot\.venv\Lib\site-packages\ccxt\async_support\base\exchange.py", line 979, in fetch2
    return await self.fetch(request['url'], request['method'], request['headers'], request['body'])
           ^^^^^^^^^^^^^^^^^^^^^^^^^^^^^^^^^^^^^^^^^^^^^^^^^^^^^^^^^^^^^^^^^^^^^^^^^^^^^^^^^^^^^^^^
  File "C:\Users\Azuri\Desktop\anewBot\.venv\Lib\site-packages\ccxt\async_support\base\exchange.py", line 263, in fetch
    self.handle_errors(http_status_code, http_status_text, url, method, headers, http_response, json_response, request_headers, request_body)
    ~~~~~~~~~~~~~~~~~~^^^^^^^^^^^^^^^^^^^^^^^^^^^^^^^^^^^^^^^^^^^^^^^^^^^^^^^^^^^^^^^^^^^^^^^^^^^^^^^^^^^^^^^^^^^^^^^^^^^^^^^^^^^^^^^^^^^^^^^
  File "C:\Users\Azuri\Desktop\anewBot\.venv\Lib\site-packages\ccxt\async_support\bybit.py", line 9158, in handle_errors
    self.throw_exactly_matched_exception(self.exceptions['exact'], errorCode, feedback)
    ~~~~~~~~~~~~~~~~~~~~~~~~~~~~~~~~~~~~^^^^^^^^^^^^^^^^^^^^^^^^^^^^^^^^^^^^^^^^^^^^^^^
  File "C:\Users\Azuri\Desktop\anewBot\.venv\Lib\site-packages\ccxt\base\exchange.py", line 5435, in throw_exactly_matched_exception
    raise exact[string](message)
ccxt.base.errors.InsufficientFunds: bybit {"retCode":110007,"retMsg":"ab not enough for new order","result":{},"retExtInfo":{},"time":1771886498571}

2026-02-24 09:41:38 | INFO    |   >> SHORT FARTCOIN/USDT:USDT [BB_BREAK] [HUNTER] conv=62B qty=3343.0 entry≈0.146570 SL=0.148070 TP=0.143580 exit=fix2.0 risk=$5.00
2026-02-24 09:41:39 | ERROR   | Order FARTCOIN/USDT:USDT: bybit {"retCode":110007,"retMsg":"ab not enough for new order","result":{},"retExtInfo":{},"time":1771886499514}
2026-02-24 09:41:39 | DEBUG   | Traceback (most recent call last):
  File "C:\Users\Azuri\Desktop\anewBot\v13pro\bot.py", line 507, in _execute_signal
    order = await ex_mod.place_limit_order(
            ^^^^^^^^^^^^^^^^^^^^^^^^^^^^^^^
        self._ex, symbol, sig.side, qty, entry_price,
        ^^^^^^^^^^^^^^^^^^^^^^^^^^^^^^^^^^^^^^^^^^^^^
        sl_price, tp_price)
        ^^^^^^^^^^^^^^^^^^^
  File "C:\Users\Azuri\Desktop\anewBot\v13pro\exchange.py", line 158, in place_limit_order
    order = await ex.create_order(symbol, "limit", side, qty, price, params=params)
            ^^^^^^^^^^^^^^^^^^^^^^^^^^^^^^^^^^^^^^^^^^^^^^^^^^^^^^^^^^^^^^^^^^^^^^^
  File "C:\Users\Azuri\Desktop\anewBot\.venv\Lib\site-packages\ccxt\async_support\bybit.py", line 3902, in create_order
    response = await self.privatePostV5OrderCreate(orderRequest)
               ^^^^^^^^^^^^^^^^^^^^^^^^^^^^^^^^^^^^^^^^^^^^^^^^^
  File "C:\Users\Azuri\Desktop\anewBot\.venv\Lib\site-packages\ccxt\async_support\base\exchange.py", line 995, in request
    return await self.fetch2(path, api, method, params, headers, body, config)
           ^^^^^^^^^^^^^^^^^^^^^^^^^^^^^^^^^^^^^^^^^^^^^^^^^^^^^^^^^^^^^^^^^^^
  File "C:\Users\Azuri\Desktop\anewBot\.venv\Lib\site-packages\ccxt\async_support\base\exchange.py", line 991, in fetch2
    raise e
  File "C:\Users\Azuri\Desktop\anewBot\.venv\Lib\site-packages\ccxt\async_support\base\exchange.py", line 979, in fetch2
    return await self.fetch(request['url'], request['method'], request['headers'], request['body'])
           ^^^^^^^^^^^^^^^^^^^^^^^^^^^^^^^^^^^^^^^^^^^^^^^^^^^^^^^^^^^^^^^^^^^^^^^^^^^^^^^^^^^^^^^^
  File "C:\Users\Azuri\Desktop\anewBot\.venv\Lib\site-packages\ccxt\async_support\base\exchange.py", line 263, in fetch
    self.handle_errors(http_status_code, http_status_text, url, method, headers, http_response, json_response, request_headers, request_body)
    ~~~~~~~~~~~~~~~~~~^^^^^^^^^^^^^^^^^^^^^^^^^^^^^^^^^^^^^^^^^^^^^^^^^^^^^^^^^^^^^^^^^^^^^^^^^^^^^^^^^^^^^^^^^^^^^^^^^^^^^^^^^^^^^^^^^^^^^^^
  File "C:\Users\Azuri\Desktop\anewBot\.venv\Lib\site-packages\ccxt\async_support\bybit.py", line 9158, in handle_errors
    self.throw_exactly_matched_exception(self.exceptions['exact'], errorCode, feedback)
    ~~~~~~~~~~~~~~~~~~~~~~~~~~~~~~~~~~~~^^^^^^^^^^^^^^^^^^^^^^^^^^^^^^^^^^^^^^^^^^^^^^^
  File "C:\Users\Azuri\Desktop\anewBot\.venv\Lib\site-packages\ccxt\base\exchange.py", line 5435, in throw_exactly_matched_exception
    raise exact[string](message)
ccxt.base.errors.InsufficientFunds: bybit {"retCode":110007,"retMsg":"ab not enough for new order","result":{},"retExtInfo":{},"time":1771886499514}

2026-02-24 09:41:39 | INFO    |   >> SHORT FARTCOIN/USDT:USDT [EMA_RIB] [HUNTER] conv=51B qty=1584.0 entry≈0.146570 SL=0.149720 TP=0.140260 exit=fix2.0 risk=$5.00
2026-02-24 09:41:40 | ERROR   | Order FARTCOIN/USDT:USDT: bybit {"retCode":110007,"retMsg":"ab not enough for new order","result":{},"retExtInfo":{},"time":1771886500544}
2026-02-24 09:41:40 | DEBUG   | Traceback (most recent call last):
  File "C:\Users\Azuri\Desktop\anewBot\v13pro\bot.py", line 507, in _execute_signal
    order = await ex_mod.place_limit_order(
            ^^^^^^^^^^^^^^^^^^^^^^^^^^^^^^^
        self._ex, symbol, sig.side, qty, entry_price,
        ^^^^^^^^^^^^^^^^^^^^^^^^^^^^^^^^^^^^^^^^^^^^^
        sl_price, tp_price)
        ^^^^^^^^^^^^^^^^^^^
  File "C:\Users\Azuri\Desktop\anewBot\v13pro\exchange.py", line 158, in place_limit_order
    order = await ex.create_order(symbol, "limit", side, qty, price, params=params)
            ^^^^^^^^^^^^^^^^^^^^^^^^^^^^^^^^^^^^^^^^^^^^^^^^^^^^^^^^^^^^^^^^^^^^^^^
  File "C:\Users\Azuri\Desktop\anewBot\.venv\Lib\site-packages\ccxt\async_support\bybit.py", line 3902, in create_order
    response = await self.privatePostV5OrderCreate(orderRequest)
               ^^^^^^^^^^^^^^^^^^^^^^^^^^^^^^^^^^^^^^^^^^^^^^^^^
  File "C:\Users\Azuri\Desktop\anewBot\.venv\Lib\site-packages\ccxt\async_support\base\exchange.py", line 995, in request
    return await self.fetch2(path, api, method, params, headers, body, config)
           ^^^^^^^^^^^^^^^^^^^^^^^^^^^^^^^^^^^^^^^^^^^^^^^^^^^^^^^^^^^^^^^^^^^
  File "C:\Users\Azuri\Desktop\anewBot\.venv\Lib\site-packages\ccxt\async_support\base\exchange.py", line 991, in fetch2
    raise e
  File "C:\Users\Azuri\Desktop\anewBot\.venv\Lib\site-packages\ccxt\async_support\base\exchange.py", line 979, in fetch2
    return await self.fetch(request['url'], request['method'], request['headers'], request['body'])
           ^^^^^^^^^^^^^^^^^^^^^^^^^^^^^^^^^^^^^^^^^^^^^^^^^^^^^^^^^^^^^^^^^^^^^^^^^^^^^^^^^^^^^^^^
  File "C:\Users\Azuri\Desktop\anewBot\.venv\Lib\site-packages\ccxt\async_support\base\exchange.py", line 263, in fetch
    self.handle_errors(http_status_code, http_status_text, url, method, headers, http_response, json_response, request_headers, request_body)
    ~~~~~~~~~~~~~~~~~~^^^^^^^^^^^^^^^^^^^^^^^^^^^^^^^^^^^^^^^^^^^^^^^^^^^^^^^^^^^^^^^^^^^^^^^^^^^^^^^^^^^^^^^^^^^^^^^^^^^^^^^^^^^^^^^^^^^^^^^
  File "C:\Users\Azuri\Desktop\anewBot\.venv\Lib\site-packages\ccxt\async_support\bybit.py", line 9158, in handle_errors
    self.throw_exactly_matched_exception(self.exceptions['exact'], errorCode, feedback)
    ~~~~~~~~~~~~~~~~~~~~~~~~~~~~~~~~~~~~^^^^^^^^^^^^^^^^^^^^^^^^^^^^^^^^^^^^^^^^^^^^^^^
  File "C:\Users\Azuri\Desktop\anewBot\.venv\Lib\site-packages\ccxt\base\exchange.py", line 5435, in throw_exactly_matched_exception
    raise exact[string](message)
ccxt.base.errors.InsufficientFunds: bybit {"retCode":110007,"retMsg":"ab not enough for new order","result":{},"retExtInfo":{},"time":1771886500544}

2026-02-24 09:41:40 | INFO    |   >> SHORT BCH/USDT:USDT [EMA_RIB] [HUNTER] conv=78A qty=1.26 entry≈500.000000 SL=504.400000 TP=491.300000 exit=fix2.0 risk=$5.50
2026-02-24 09:41:41 | ERROR   | Order BCH/USDT:USDT: bybit {"retCode":110007,"retMsg":"ab not enough for new order","result":{},"retExtInfo":{},"time":1771886501483}
2026-02-24 09:41:41 | DEBUG   | Traceback (most recent call last):
  File "C:\Users\Azuri\Desktop\anewBot\v13pro\bot.py", line 507, in _execute_signal
    order = await ex_mod.place_limit_order(
            ^^^^^^^^^^^^^^^^^^^^^^^^^^^^^^^
        self._ex, symbol, sig.side, qty, entry_price,
        ^^^^^^^^^^^^^^^^^^^^^^^^^^^^^^^^^^^^^^^^^^^^^
        sl_price, tp_price)
        ^^^^^^^^^^^^^^^^^^^
  File "C:\Users\Azuri\Desktop\anewBot\v13pro\exchange.py", line 158, in place_limit_order
    order = await ex.create_order(symbol, "limit", side, qty, price, params=params)
            ^^^^^^^^^^^^^^^^^^^^^^^^^^^^^^^^^^^^^^^^^^^^^^^^^^^^^^^^^^^^^^^^^^^^^^^
  File "C:\Users\Azuri\Desktop\anewBot\.venv\Lib\site-packages\ccxt\async_support\bybit.py", line 3902, in create_order
    response = await self.privatePostV5OrderCreate(orderRequest)
               ^^^^^^^^^^^^^^^^^^^^^^^^^^^^^^^^^^^^^^^^^^^^^^^^^
  File "C:\Users\Azuri\Desktop\anewBot\.venv\Lib\site-packages\ccxt\async_support\base\exchange.py", line 995, in request
    return await self.fetch2(path, api, method, params, headers, body, config)
           ^^^^^^^^^^^^^^^^^^^^^^^^^^^^^^^^^^^^^^^^^^^^^^^^^^^^^^^^^^^^^^^^^^^
  File "C:\Users\Azuri\Desktop\anewBot\.venv\Lib\site-packages\ccxt\async_support\base\exchange.py", line 991, in fetch2
    raise e
  File "C:\Users\Azuri\Desktop\anewBot\.venv\Lib\site-packages\ccxt\async_support\base\exchange.py", line 979, in fetch2
    return await self.fetch(request['url'], request['method'], request['headers'], request['body'])
           ^^^^^^^^^^^^^^^^^^^^^^^^^^^^^^^^^^^^^^^^^^^^^^^^^^^^^^^^^^^^^^^^^^^^^^^^^^^^^^^^^^^^^^^^
  File "C:\Users\Azuri\Desktop\anewBot\.venv\Lib\site-packages\ccxt\async_support\base\exchange.py", line 263, in fetch
    self.handle_errors(http_status_code, http_status_text, url, method, headers, http_response, json_response, request_headers, request_body)
    ~~~~~~~~~~~~~~~~~~^^^^^^^^^^^^^^^^^^^^^^^^^^^^^^^^^^^^^^^^^^^^^^^^^^^^^^^^^^^^^^^^^^^^^^^^^^^^^^^^^^^^^^^^^^^^^^^^^^^^^^^^^^^^^^^^^^^^^^^
  File "C:\Users\Azuri\Desktop\anewBot\.venv\Lib\site-packages\ccxt\async_support\bybit.py", line 9158, in handle_errors
    self.throw_exactly_matched_exception(self.exceptions['exact'], errorCode, feedback)
    ~~~~~~~~~~~~~~~~~~~~~~~~~~~~~~~~~~~~^^^^^^^^^^^^^^^^^^^^^^^^^^^^^^^^^^^^^^^^^^^^^^^
  File "C:\Users\Azuri\Desktop\anewBot\.venv\Lib\site-packages\ccxt\base\exchange.py", line 5435, in throw_exactly_matched_exception
    raise exact[string](message)
ccxt.base.errors.InsufficientFunds: bybit {"retCode":110007,"retMsg":"ab not enough for new order","result":{},"retExtInfo":{},"time":1771886501483}

2026-02-24 09:41:41 | INFO    |   >> SHORT BNB/USDT:USDT [TR_PULL] [HUNTER] conv=70A qty=2.19 entry≈597.600000 SL=600.100000 TP=592.600000 exit=fix2.0 risk=$5.50
2026-02-24 09:41:42 | ERROR   | Order BNB/USDT:USDT: bybit {"retCode":110007,"retMsg":"ab not enough for new order","result":{},"retExtInfo":{},"time":1771886502444}
2026-02-24 09:41:42 | DEBUG   | Traceback (most recent call last):
  File "C:\Users\Azuri\Desktop\anewBot\v13pro\bot.py", line 507, in _execute_signal
    order = await ex_mod.place_limit_order(
            ^^^^^^^^^^^^^^^^^^^^^^^^^^^^^^^
        self._ex, symbol, sig.side, qty, entry_price,
        ^^^^^^^^^^^^^^^^^^^^^^^^^^^^^^^^^^^^^^^^^^^^^
        sl_price, tp_price)
        ^^^^^^^^^^^^^^^^^^^
  File "C:\Users\Azuri\Desktop\anewBot\v13pro\exchange.py", line 158, in place_limit_order
    order = await ex.create_order(symbol, "limit", side, qty, price, params=params)
            ^^^^^^^^^^^^^^^^^^^^^^^^^^^^^^^^^^^^^^^^^^^^^^^^^^^^^^^^^^^^^^^^^^^^^^^
  File "C:\Users\Azuri\Desktop\anewBot\.venv\Lib\site-packages\ccxt\async_support\bybit.py", line 3902, in create_order
    response = await self.privatePostV5OrderCreate(orderRequest)
               ^^^^^^^^^^^^^^^^^^^^^^^^^^^^^^^^^^^^^^^^^^^^^^^^^
  File "C:\Users\Azuri\Desktop\anewBot\.venv\Lib\site-packages\ccxt\async_support\base\exchange.py", line 995, in request
    return await self.fetch2(path, api, method, params, headers, body, config)
           ^^^^^^^^^^^^^^^^^^^^^^^^^^^^^^^^^^^^^^^^^^^^^^^^^^^^^^^^^^^^^^^^^^^
  File "C:\Users\Azuri\Desktop\anewBot\.venv\Lib\site-packages\ccxt\async_support\base\exchange.py", line 991, in fetch2
    raise e
  File "C:\Users\Azuri\Desktop\anewBot\.venv\Lib\site-packages\ccxt\async_support\base\exchange.py", line 979, in fetch2
    return await self.fetch(request['url'], request['method'], request['headers'], request['body'])
           ^^^^^^^^^^^^^^^^^^^^^^^^^^^^^^^^^^^^^^^^^^^^^^^^^^^^^^^^^^^^^^^^^^^^^^^^^^^^^^^^^^^^^^^^
  File "C:\Users\Azuri\Desktop\anewBot\.venv\Lib\site-packages\ccxt\async_support\base\exchange.py", line 263, in fetch
    self.handle_errors(http_status_code, http_status_text, url, method, headers, http_response, json_response, request_headers, request_body)
    ~~~~~~~~~~~~~~~~~~^^^^^^^^^^^^^^^^^^^^^^^^^^^^^^^^^^^^^^^^^^^^^^^^^^^^^^^^^^^^^^^^^^^^^^^^^^^^^^^^^^^^^^^^^^^^^^^^^^^^^^^^^^^^^^^^^^^^^^^
  File "C:\Users\Azuri\Desktop\anewBot\.venv\Lib\site-packages\ccxt\async_support\bybit.py", line 9158, in handle_errors
    self.throw_exactly_matched_exception(self.exceptions['exact'], errorCode, feedback)
    ~~~~~~~~~~~~~~~~~~~~~~~~~~~~~~~~~~~~^^^^^^^^^^^^^^^^^^^^^^^^^^^^^^^^^^^^^^^^^^^^^^^
  File "C:\Users\Azuri\Desktop\anewBot\.venv\Lib\site-packages\ccxt\base\exchange.py", line 5435, in throw_exactly_matched_exception
    raise exact[string](message)
ccxt.base.errors.InsufficientFunds: bybit {"retCode":110007,"retMsg":"ab not enough for new order","result":{},"retExtInfo":{},"time":1771886502444}

2026-02-24 09:41:42 | INFO    |   >> SHORT ADA/USDT:USDT [EMA_RIB] [HUNTER] conv=63B qty=3301.0 entry≈0.264100 SL=0.265600 TP=0.261100 exit=fix2.0 risk=$5.00
2026-02-24 09:41:43 | ERROR   | Order ADA/USDT:USDT: bybit {"retCode":110007,"retMsg":"ab not enough for new order","result":{},"retExtInfo":{},"time":1771886503404}
2026-02-24 09:41:43 | DEBUG   | Traceback (most recent call last):
  File "C:\Users\Azuri\Desktop\anewBot\v13pro\bot.py", line 507, in _execute_signal
    order = await ex_mod.place_limit_order(
            ^^^^^^^^^^^^^^^^^^^^^^^^^^^^^^^
        self._ex, symbol, sig.side, qty, entry_price,
        ^^^^^^^^^^^^^^^^^^^^^^^^^^^^^^^^^^^^^^^^^^^^^
        sl_price, tp_price)
        ^^^^^^^^^^^^^^^^^^^
  File "C:\Users\Azuri\Desktop\anewBot\v13pro\exchange.py", line 158, in place_limit_order
    order = await ex.create_order(symbol, "limit", side, qty, price, params=params)
            ^^^^^^^^^^^^^^^^^^^^^^^^^^^^^^^^^^^^^^^^^^^^^^^^^^^^^^^^^^^^^^^^^^^^^^^
  File "C:\Users\Azuri\Desktop\anewBot\.venv\Lib\site-packages\ccxt\async_support\bybit.py", line 3902, in create_order
    response = await self.privatePostV5OrderCreate(orderRequest)
               ^^^^^^^^^^^^^^^^^^^^^^^^^^^^^^^^^^^^^^^^^^^^^^^^^
  File "C:\Users\Azuri\Desktop\anewBot\.venv\Lib\site-packages\ccxt\async_support\base\exchange.py", line 995, in request
    return await self.fetch2(path, api, method, params, headers, body, config)
           ^^^^^^^^^^^^^^^^^^^^^^^^^^^^^^^^^^^^^^^^^^^^^^^^^^^^^^^^^^^^^^^^^^^
  File "C:\Users\Azuri\Desktop\anewBot\.venv\Lib\site-packages\ccxt\async_support\base\exchange.py", line 991, in fetch2
    raise e
  File "C:\Users\Azuri\Desktop\anewBot\.venv\Lib\site-packages\ccxt\async_support\base\exchange.py", line 979, in fetch2
    return await self.fetch(request['url'], request['method'], request['headers'], request['body'])
           ^^^^^^^^^^^^^^^^^^^^^^^^^^^^^^^^^^^^^^^^^^^^^^^^^^^^^^^^^^^^^^^^^^^^^^^^^^^^^^^^^^^^^^^^
  File "C:\Users\Azuri\Desktop\anewBot\.venv\Lib\site-packages\ccxt\async_support\base\exchange.py", line 263, in fetch
    self.handle_errors(http_status_code, http_status_text, url, method, headers, http_response, json_response, request_headers, request_body)
    ~~~~~~~~~~~~~~~~~~^^^^^^^^^^^^^^^^^^^^^^^^^^^^^^^^^^^^^^^^^^^^^^^^^^^^^^^^^^^^^^^^^^^^^^^^^^^^^^^^^^^^^^^^^^^^^^^^^^^^^^^^^^^^^^^^^^^^^^^
  File "C:\Users\Azuri\Desktop\anewBot\.venv\Lib\site-packages\ccxt\async_support\bybit.py", line 9158, in handle_errors
    self.throw_exactly_matched_exception(self.exceptions['exact'], errorCode, feedback)
    ~~~~~~~~~~~~~~~~~~~~~~~~~~~~~~~~~~~~^^^^^^^^^^^^^^^^^^^^^^^^^^^^^^^^^^^^^^^^^^^^^^^
  File "C:\Users\Azuri\Desktop\anewBot\.venv\Lib\site-packages\ccxt\base\exchange.py", line 5435, in throw_exactly_matched_exception
    raise exact[string](message)
ccxt.base.errors.InsufficientFunds: bybit {"retCode":110007,"retMsg":"ab not enough for new order","result":{},"retExtInfo":{},"time":1771886503404}

2026-02-24 09:41:43 | INFO    |   >> SHORT ADA/USDT:USDT [TR_PULL] [HUNTER] conv=63B qty=3301.0 entry≈0.264100 SL=0.265600 TP=0.261100 exit=fix2.0 risk=$5.00
2026-02-24 09:41:44 | ERROR   | Order ADA/USDT:USDT: bybit {"retCode":110007,"retMsg":"ab not enough for new order","result":{},"retExtInfo":{},"time":1771886504403}
2026-02-24 09:41:44 | DEBUG   | Traceback (most recent call last):
  File "C:\Users\Azuri\Desktop\anewBot\v13pro\bot.py", line 507, in _execute_signal
    order = await ex_mod.place_limit_order(
            ^^^^^^^^^^^^^^^^^^^^^^^^^^^^^^^
        self._ex, symbol, sig.side, qty, entry_price,
        ^^^^^^^^^^^^^^^^^^^^^^^^^^^^^^^^^^^^^^^^^^^^^
        sl_price, tp_price)
        ^^^^^^^^^^^^^^^^^^^
  File "C:\Users\Azuri\Desktop\anewBot\v13pro\exchange.py", line 158, in place_limit_order
    order = await ex.create_order(symbol, "limit", side, qty, price, params=params)
            ^^^^^^^^^^^^^^^^^^^^^^^^^^^^^^^^^^^^^^^^^^^^^^^^^^^^^^^^^^^^^^^^^^^^^^^
  File "C:\Users\Azuri\Desktop\anewBot\.venv\Lib\site-packages\ccxt\async_support\bybit.py", line 3902, in create_order
    response = await self.privatePostV5OrderCreate(orderRequest)
               ^^^^^^^^^^^^^^^^^^^^^^^^^^^^^^^^^^^^^^^^^^^^^^^^^
  File "C:\Users\Azuri\Desktop\anewBot\.venv\Lib\site-packages\ccxt\async_support\base\exchange.py", line 995, in request
    return await self.fetch2(path, api, method, params, headers, body, config)
           ^^^^^^^^^^^^^^^^^^^^^^^^^^^^^^^^^^^^^^^^^^^^^^^^^^^^^^^^^^^^^^^^^^^
  File "C:\Users\Azuri\Desktop\anewBot\.venv\Lib\site-packages\ccxt\async_support\base\exchange.py", line 991, in fetch2
    raise e
  File "C:\Users\Azuri\Desktop\anewBot\.venv\Lib\site-packages\ccxt\async_support\base\exchange.py", line 979, in fetch2
    return await self.fetch(request['url'], request['method'], request['headers'], request['body'])
           ^^^^^^^^^^^^^^^^^^^^^^^^^^^^^^^^^^^^^^^^^^^^^^^^^^^^^^^^^^^^^^^^^^^^^^^^^^^^^^^^^^^^^^^^
  File "C:\Users\Azuri\Desktop\anewBot\.venv\Lib\site-packages\ccxt\async_support\base\exchange.py", line 263, in fetch
    self.handle_errors(http_status_code, http_status_text, url, method, headers, http_response, json_response, request_headers, request_body)
    ~~~~~~~~~~~~~~~~~~^^^^^^^^^^^^^^^^^^^^^^^^^^^^^^^^^^^^^^^^^^^^^^^^^^^^^^^^^^^^^^^^^^^^^^^^^^^^^^^^^^^^^^^^^^^^^^^^^^^^^^^^^^^^^^^^^^^^^^^
  File "C:\Users\Azuri\Desktop\anewBot\.venv\Lib\site-packages\ccxt\async_support\bybit.py", line 9158, in handle_errors
    self.throw_exactly_matched_exception(self.exceptions['exact'], errorCode, feedback)
    ~~~~~~~~~~~~~~~~~~~~~~~~~~~~~~~~~~~~^^^^^^^^^^^^^^^^^^^^^^^^^^^^^^^^^^^^^^^^^^^^^^^
  File "C:\Users\Azuri\Desktop\anewBot\.venv\Lib\site-packages\ccxt\base\exchange.py", line 5435, in throw_exactly_matched_exception
    raise exact[string](message)
ccxt.base.errors.InsufficientFunds: bybit {"retCode":110007,"retMsg":"ab not enough for new order","result":{},"retExtInfo":{},"time":1771886504403}

2026-02-24 09:41:44 | INFO    |   >> SHORT SUI/USDT:USDT [IB_BREAK] [HUNTER] conv=57B qty=870.0 entry≈0.884100 SL=0.889800 TP=0.872600 exit=fix2.0 risk=$5.00
2026-02-24 09:41:45 | ERROR   | Order SUI/USDT:USDT: bybit {"retCode":110007,"retMsg":"ab not enough for new order","result":{},"retExtInfo":{},"time":1771886505374}
2026-02-24 09:41:45 | DEBUG   | Traceback (most recent call last):
  File "C:\Users\Azuri\Desktop\anewBot\v13pro\bot.py", line 507, in _execute_signal
    order = await ex_mod.place_limit_order(
            ^^^^^^^^^^^^^^^^^^^^^^^^^^^^^^^
        self._ex, symbol, sig.side, qty, entry_price,
        ^^^^^^^^^^^^^^^^^^^^^^^^^^^^^^^^^^^^^^^^^^^^^
        sl_price, tp_price)
        ^^^^^^^^^^^^^^^^^^^
  File "C:\Users\Azuri\Desktop\anewBot\v13pro\exchange.py", line 158, in place_limit_order
    order = await ex.create_order(symbol, "limit", side, qty, price, params=params)
            ^^^^^^^^^^^^^^^^^^^^^^^^^^^^^^^^^^^^^^^^^^^^^^^^^^^^^^^^^^^^^^^^^^^^^^^
  File "C:\Users\Azuri\Desktop\anewBot\.venv\Lib\site-packages\ccxt\async_support\bybit.py", line 3902, in create_order
    response = await self.privatePostV5OrderCreate(orderRequest)
               ^^^^^^^^^^^^^^^^^^^^^^^^^^^^^^^^^^^^^^^^^^^^^^^^^
  File "C:\Users\Azuri\Desktop\anewBot\.venv\Lib\site-packages\ccxt\async_support\base\exchange.py", line 995, in request
    return await self.fetch2(path, api, method, params, headers, body, config)
           ^^^^^^^^^^^^^^^^^^^^^^^^^^^^^^^^^^^^^^^^^^^^^^^^^^^^^^^^^^^^^^^^^^^
  File "C:\Users\Azuri\Desktop\anewBot\.venv\Lib\site-packages\ccxt\async_support\base\exchange.py", line 991, in fetch2
    raise e
  File "C:\Users\Azuri\Desktop\anewBot\.venv\Lib\site-packages\ccxt\async_support\base\exchange.py", line 979, in fetch2
    return await self.fetch(request['url'], request['method'], request['headers'], request['body'])
           ^^^^^^^^^^^^^^^^^^^^^^^^^^^^^^^^^^^^^^^^^^^^^^^^^^^^^^^^^^^^^^^^^^^^^^^^^^^^^^^^^^^^^^^^
  File "C:\Users\Azuri\Desktop\anewBot\.venv\Lib\site-packages\ccxt\async_support\base\exchange.py", line 263, in fetch
    self.handle_errors(http_status_code, http_status_text, url, method, headers, http_response, json_response, request_headers, request_body)
    ~~~~~~~~~~~~~~~~~~^^^^^^^^^^^^^^^^^^^^^^^^^^^^^^^^^^^^^^^^^^^^^^^^^^^^^^^^^^^^^^^^^^^^^^^^^^^^^^^^^^^^^^^^^^^^^^^^^^^^^^^^^^^^^^^^^^^^^^^
  File "C:\Users\Azuri\Desktop\anewBot\.venv\Lib\site-packages\ccxt\async_support\bybit.py", line 9158, in handle_errors
    self.throw_exactly_matched_exception(self.exceptions['exact'], errorCode, feedback)
    ~~~~~~~~~~~~~~~~~~~~~~~~~~~~~~~~~~~~^^^^^^^^^^^^^^^^^^^^^^^^^^^^^^^^^^^^^^^^^^^^^^^
  File "C:\Users\Azuri\Desktop\anewBot\.venv\Lib\site-packages\ccxt\base\exchange.py", line 5435, in throw_exactly_matched_exception
    raise exact[string](message)
ccxt.base.errors.InsufficientFunds: bybit {"retCode":110007,"retMsg":"ab not enough for new order","result":{},"retExtInfo":{},"time":1771886505374}

2026-02-24 09:41:45 | INFO    |   >> SHORT SUI/USDT:USDT [TR_PULL] [HUNTER] conv=57B qty=870.0 entry≈0.884100 SL=0.889800 TP=0.872600 exit=fix2.0 risk=$5.00
2026-02-24 09:41:46 | ERROR   | Order SUI/USDT:USDT: bybit {"retCode":110007,"retMsg":"ab not enough for new order","result":{},"retExtInfo":{},"time":1771886506343}
2026-02-24 09:41:46 | DEBUG   | Traceback (most recent call last):
  File "C:\Users\Azuri\Desktop\anewBot\v13pro\bot.py", line 507, in _execute_signal
    order = await ex_mod.place_limit_order(
            ^^^^^^^^^^^^^^^^^^^^^^^^^^^^^^^
        self._ex, symbol, sig.side, qty, entry_price,
        ^^^^^^^^^^^^^^^^^^^^^^^^^^^^^^^^^^^^^^^^^^^^^
        sl_price, tp_price)
        ^^^^^^^^^^^^^^^^^^^
  File "C:\Users\Azuri\Desktop\anewBot\v13pro\exchange.py", line 158, in place_limit_order
    order = await ex.create_order(symbol, "limit", side, qty, price, params=params)
            ^^^^^^^^^^^^^^^^^^^^^^^^^^^^^^^^^^^^^^^^^^^^^^^^^^^^^^^^^^^^^^^^^^^^^^^
  File "C:\Users\Azuri\Desktop\anewBot\.venv\Lib\site-packages\ccxt\async_support\bybit.py", line 3902, in create_order
    response = await self.privatePostV5OrderCreate(orderRequest)
               ^^^^^^^^^^^^^^^^^^^^^^^^^^^^^^^^^^^^^^^^^^^^^^^^^
  File "C:\Users\Azuri\Desktop\anewBot\.venv\Lib\site-packages\ccxt\async_support\base\exchange.py", line 995, in request
    return await self.fetch2(path, api, method, params, headers, body, config)
           ^^^^^^^^^^^^^^^^^^^^^^^^^^^^^^^^^^^^^^^^^^^^^^^^^^^^^^^^^^^^^^^^^^^
  File "C:\Users\Azuri\Desktop\anewBot\.venv\Lib\site-packages\ccxt\async_support\base\exchange.py", line 991, in fetch2
    raise e
  File "C:\Users\Azuri\Desktop\anewBot\.venv\Lib\site-packages\ccxt\async_support\base\exchange.py", line 979, in fetch2
    return await self.fetch(request['url'], request['method'], request['headers'], request['body'])
           ^^^^^^^^^^^^^^^^^^^^^^^^^^^^^^^^^^^^^^^^^^^^^^^^^^^^^^^^^^^^^^^^^^^^^^^^^^^^^^^^^^^^^^^^
  File "C:\Users\Azuri\Desktop\anewBot\.venv\Lib\site-packages\ccxt\async_support\base\exchange.py", line 263, in fetch
    self.handle_errors(http_status_code, http_status_text, url, method, headers, http_response, json_response, request_headers, request_body)
    ~~~~~~~~~~~~~~~~~~^^^^^^^^^^^^^^^^^^^^^^^^^^^^^^^^^^^^^^^^^^^^^^^^^^^^^^^^^^^^^^^^^^^^^^^^^^^^^^^^^^^^^^^^^^^^^^^^^^^^^^^^^^^^^^^^^^^^^^^
  File "C:\Users\Azuri\Desktop\anewBot\.venv\Lib\site-packages\ccxt\async_support\bybit.py", line 9158, in handle_errors
    self.throw_exactly_matched_exception(self.exceptions['exact'], errorCode, feedback)
    ~~~~~~~~~~~~~~~~~~~~~~~~~~~~~~~~~~~~^^^^^^^^^^^^^^^^^^^^^^^^^^^^^^^^^^^^^^^^^^^^^^^
  File "C:\Users\Azuri\Desktop\anewBot\.venv\Lib\site-packages\ccxt\base\exchange.py", line 5435, in throw_exactly_matched_exception
    raise exact[string](message)
ccxt.base.errors.InsufficientFunds: bybit {"retCode":110007,"retMsg":"ab not enough for new order","result":{},"retExtInfo":{},"time":1771886506343}

2026-02-24 09:41:46 | DEBUG   |   Hunter POWER/USDT:USDT rejected: grade=C (need >=B)
2026-02-24 09:41:46 | INFO    |   >> LONG ENSO/USDT:USDT [TR_PULL] [HUNTER] conv=54B qty=84.2 entry≈1.958800 SL=1.899500 TP=2.077400 exit=fix2.0 risk=$5.00
2026-02-24 09:41:47 | ERROR   | Order ENSO/USDT:USDT: bybit {"retCode":110007,"retMsg":"ab not enough for new order","result":{},"retExtInfo":{},"time":1771886507534}
2026-02-24 09:41:47 | DEBUG   | Traceback (most recent call last):
  File "C:\Users\Azuri\Desktop\anewBot\v13pro\bot.py", line 507, in _execute_signal
    order = await ex_mod.place_limit_order(
            ^^^^^^^^^^^^^^^^^^^^^^^^^^^^^^^
        self._ex, symbol, sig.side, qty, entry_price,
        ^^^^^^^^^^^^^^^^^^^^^^^^^^^^^^^^^^^^^^^^^^^^^
        sl_price, tp_price)
        ^^^^^^^^^^^^^^^^^^^
  File "C:\Users\Azuri\Desktop\anewBot\v13pro\exchange.py", line 158, in place_limit_order
    order = await ex.create_order(symbol, "limit", side, qty, price, params=params)
            ^^^^^^^^^^^^^^^^^^^^^^^^^^^^^^^^^^^^^^^^^^^^^^^^^^^^^^^^^^^^^^^^^^^^^^^
  File "C:\Users\Azuri\Desktop\anewBot\.venv\Lib\site-packages\ccxt\async_support\bybit.py", line 3902, in create_order
    response = await self.privatePostV5OrderCreate(orderRequest)
               ^^^^^^^^^^^^^^^^^^^^^^^^^^^^^^^^^^^^^^^^^^^^^^^^^
  File "C:\Users\Azuri\Desktop\anewBot\.venv\Lib\site-packages\ccxt\async_support\base\exchange.py", line 995, in request
    return await self.fetch2(path, api, method, params, headers, body, config)
           ^^^^^^^^^^^^^^^^^^^^^^^^^^^^^^^^^^^^^^^^^^^^^^^^^^^^^^^^^^^^^^^^^^^
  File "C:\Users\Azuri\Desktop\anewBot\.venv\Lib\site-packages\ccxt\async_support\base\exchange.py", line 991, in fetch2
    raise e
  File "C:\Users\Azuri\Desktop\anewBot\.venv\Lib\site-packages\ccxt\async_support\base\exchange.py", line 979, in fetch2
    return await self.fetch(request['url'], request['method'], request['headers'], request['body'])
           ^^^^^^^^^^^^^^^^^^^^^^^^^^^^^^^^^^^^^^^^^^^^^^^^^^^^^^^^^^^^^^^^^^^^^^^^^^^^^^^^^^^^^^^^
  File "C:\Users\Azuri\Desktop\anewBot\.venv\Lib\site-packages\ccxt\async_support\base\exchange.py", line 263, in fetch
    self.handle_errors(http_status_code, http_status_text, url, method, headers, http_response, json_response, request_headers, request_body)
    ~~~~~~~~~~~~~~~~~~^^^^^^^^^^^^^^^^^^^^^^^^^^^^^^^^^^^^^^^^^^^^^^^^^^^^^^^^^^^^^^^^^^^^^^^^^^^^^^^^^^^^^^^^^^^^^^^^^^^^^^^^^^^^^^^^^^^^^^^
  File "C:\Users\Azuri\Desktop\anewBot\.venv\Lib\site-packages\ccxt\async_support\bybit.py", line 9158, in handle_errors
    self.throw_exactly_matched_exception(self.exceptions['exact'], errorCode, feedback)
    ~~~~~~~~~~~~~~~~~~~~~~~~~~~~~~~~~~~~^^^^^^^^^^^^^^^^^^^^^^^^^^^^^^^^^^^^^^^^^^^^^^^
  File "C:\Users\Azuri\Desktop\anewBot\.venv\Lib\site-packages\ccxt\base\exchange.py", line 5435, in throw_exactly_matched_exception
    raise exact[string](message)
ccxt.base.errors.InsufficientFunds: bybit {"retCode":110007,"retMsg":"ab not enough for new order","result":{},"retExtInfo":{},"time":1771886507534}

2026-02-24 09:41:47 | INFO    |   >> SHORT LA/USDT:USDT [EMA_RIB] [HUNTER] conv=78A qty=1623.4 entry≈0.226760 SL=0.230150 TP=0.219990 exit=fix2.0 risk=$5.50
2026-02-24 09:41:48 | ERROR   | Order LA/USDT:USDT: bybit {"retCode":110007,"retMsg":"ab not enough for new order","result":{},"retExtInfo":{},"time":1771886508504}
2026-02-24 09:41:48 | DEBUG   | Traceback (most recent call last):
  File "C:\Users\Azuri\Desktop\anewBot\v13pro\bot.py", line 507, in _execute_signal
    order = await ex_mod.place_limit_order(
            ^^^^^^^^^^^^^^^^^^^^^^^^^^^^^^^
        self._ex, symbol, sig.side, qty, entry_price,
        ^^^^^^^^^^^^^^^^^^^^^^^^^^^^^^^^^^^^^^^^^^^^^
        sl_price, tp_price)
        ^^^^^^^^^^^^^^^^^^^
  File "C:\Users\Azuri\Desktop\anewBot\v13pro\exchange.py", line 158, in place_limit_order
    order = await ex.create_order(symbol, "limit", side, qty, price, params=params)
            ^^^^^^^^^^^^^^^^^^^^^^^^^^^^^^^^^^^^^^^^^^^^^^^^^^^^^^^^^^^^^^^^^^^^^^^
  File "C:\Users\Azuri\Desktop\anewBot\.venv\Lib\site-packages\ccxt\async_support\bybit.py", line 3902, in create_order
    response = await self.privatePostV5OrderCreate(orderRequest)
               ^^^^^^^^^^^^^^^^^^^^^^^^^^^^^^^^^^^^^^^^^^^^^^^^^
  File "C:\Users\Azuri\Desktop\anewBot\.venv\Lib\site-packages\ccxt\async_support\base\exchange.py", line 995, in request
    return await self.fetch2(path, api, method, params, headers, body, config)
           ^^^^^^^^^^^^^^^^^^^^^^^^^^^^^^^^^^^^^^^^^^^^^^^^^^^^^^^^^^^^^^^^^^^
  File "C:\Users\Azuri\Desktop\anewBot\.venv\Lib\site-packages\ccxt\async_support\base\exchange.py", line 991, in fetch2
    raise e
  File "C:\Users\Azuri\Desktop\anewBot\.venv\Lib\site-packages\ccxt\async_support\base\exchange.py", line 979, in fetch2
    return await self.fetch(request['url'], request['method'], request['headers'], request['body'])
           ^^^^^^^^^^^^^^^^^^^^^^^^^^^^^^^^^^^^^^^^^^^^^^^^^^^^^^^^^^^^^^^^^^^^^^^^^^^^^^^^^^^^^^^^
  File "C:\Users\Azuri\Desktop\anewBot\.venv\Lib\site-packages\ccxt\async_support\base\exchange.py", line 263, in fetch
    self.handle_errors(http_status_code, http_status_text, url, method, headers, http_response, json_response, request_headers, request_body)
    ~~~~~~~~~~~~~~~~~~^^^^^^^^^^^^^^^^^^^^^^^^^^^^^^^^^^^^^^^^^^^^^^^^^^^^^^^^^^^^^^^^^^^^^^^^^^^^^^^^^^^^^^^^^^^^^^^^^^^^^^^^^^^^^^^^^^^^^^^
  File "C:\Users\Azuri\Desktop\anewBot\.venv\Lib\site-packages\ccxt\async_support\bybit.py", line 9158, in handle_errors
    self.throw_exactly_matched_exception(self.exceptions['exact'], errorCode, feedback)
    ~~~~~~~~~~~~~~~~~~~~~~~~~~~~~~~~~~~~^^^^^^^^^^^^^^^^^^^^^^^^^^^^^^^^^^^^^^^^^^^^^^^
  File "C:\Users\Azuri\Desktop\anewBot\.venv\Lib\site-packages\ccxt\base\exchange.py", line 5435, in throw_exactly_matched_exception
    raise exact[string](message)
ccxt.base.errors.InsufficientFunds: bybit {"retCode":110007,"retMsg":"ab not enough for new order","result":{},"retExtInfo":{},"time":1771886508504}

2026-02-24 09:41:48 | INFO    |   >> SHORT LA/USDT:USDT [DONCHIAN] [HUNTER] conv=78A qty=1623.4 entry≈0.226760 SL=0.230150 TP=0.219990 exit=fix2.0 risk=$5.50
2026-02-24 09:41:49 | ERROR   | Order LA/USDT:USDT: bybit {"retCode":110007,"retMsg":"ab not enough for new order","result":{},"retExtInfo":{},"time":1771886509451}
2026-02-24 09:41:49 | DEBUG   | Traceback (most recent call last):
  File "C:\Users\Azuri\Desktop\anewBot\v13pro\bot.py", line 507, in _execute_signal
    order = await ex_mod.place_limit_order(
            ^^^^^^^^^^^^^^^^^^^^^^^^^^^^^^^
        self._ex, symbol, sig.side, qty, entry_price,
        ^^^^^^^^^^^^^^^^^^^^^^^^^^^^^^^^^^^^^^^^^^^^^
        sl_price, tp_price)
        ^^^^^^^^^^^^^^^^^^^
  File "C:\Users\Azuri\Desktop\anewBot\v13pro\exchange.py", line 158, in place_limit_order
    order = await ex.create_order(symbol, "limit", side, qty, price, params=params)
            ^^^^^^^^^^^^^^^^^^^^^^^^^^^^^^^^^^^^^^^^^^^^^^^^^^^^^^^^^^^^^^^^^^^^^^^
  File "C:\Users\Azuri\Desktop\anewBot\.venv\Lib\site-packages\ccxt\async_support\bybit.py", line 3902, in create_order
    response = await self.privatePostV5OrderCreate(orderRequest)
               ^^^^^^^^^^^^^^^^^^^^^^^^^^^^^^^^^^^^^^^^^^^^^^^^^
  File "C:\Users\Azuri\Desktop\anewBot\.venv\Lib\site-packages\ccxt\async_support\base\exchange.py", line 995, in request
    return await self.fetch2(path, api, method, params, headers, body, config)
           ^^^^^^^^^^^^^^^^^^^^^^^^^^^^^^^^^^^^^^^^^^^^^^^^^^^^^^^^^^^^^^^^^^^
  File "C:\Users\Azuri\Desktop\anewBot\.venv\Lib\site-packages\ccxt\async_support\base\exchange.py", line 991, in fetch2
    raise e
  File "C:\Users\Azuri\Desktop\anewBot\.venv\Lib\site-packages\ccxt\async_support\base\exchange.py", line 979, in fetch2
    return await self.fetch(request['url'], request['method'], request['headers'], request['body'])
           ^^^^^^^^^^^^^^^^^^^^^^^^^^^^^^^^^^^^^^^^^^^^^^^^^^^^^^^^^^^^^^^^^^^^^^^^^^^^^^^^^^^^^^^^
  File "C:\Users\Azuri\Desktop\anewBot\.venv\Lib\site-packages\ccxt\async_support\base\exchange.py", line 263, in fetch
    self.handle_errors(http_status_code, http_status_text, url, method, headers, http_response, json_response, request_headers, request_body)
    ~~~~~~~~~~~~~~~~~~^^^^^^^^^^^^^^^^^^^^^^^^^^^^^^^^^^^^^^^^^^^^^^^^^^^^^^^^^^^^^^^^^^^^^^^^^^^^^^^^^^^^^^^^^^^^^^^^^^^^^^^^^^^^^^^^^^^^^^^
  File "C:\Users\Azuri\Desktop\anewBot\.venv\Lib\site-packages\ccxt\async_support\bybit.py", line 9158, in handle_errors
    self.throw_exactly_matched_exception(self.exceptions['exact'], errorCode, feedback)
    ~~~~~~~~~~~~~~~~~~~~~~~~~~~~~~~~~~~~^^^^^^^^^^^^^^^^^^^^^^^^^^^^^^^^^^^^^^^^^^^^^^^
  File "C:\Users\Azuri\Desktop\anewBot\.venv\Lib\site-packages\ccxt\base\exchange.py", line 5435, in throw_exactly_matched_exception
    raise exact[string](message)
ccxt.base.errors.InsufficientFunds: bybit {"retCode":110007,"retMsg":"ab not enough for new order","result":{},"retExtInfo":{},"time":1771886509451}

2026-02-24 09:41:49 | INFO    |   >> SHORT LA/USDT:USDT [DONCHIAN] [HUNTER] conv=59B qty=616.1 entry≈0.226760 SL=0.234870 TP=0.210530 exit=fix2.0 risk=$5.00
2026-02-24 09:41:50 | ERROR   | Order LA/USDT:USDT: bybit {"retCode":110007,"retMsg":"ab not enough for new order","result":{},"retExtInfo":{},"time":1771886510420}
2026-02-24 09:41:50 | DEBUG   | Traceback (most recent call last):
  File "C:\Users\Azuri\Desktop\anewBot\v13pro\bot.py", line 507, in _execute_signal
    order = await ex_mod.place_limit_order(
            ^^^^^^^^^^^^^^^^^^^^^^^^^^^^^^^
        self._ex, symbol, sig.side, qty, entry_price,
        ^^^^^^^^^^^^^^^^^^^^^^^^^^^^^^^^^^^^^^^^^^^^^
        sl_price, tp_price)
        ^^^^^^^^^^^^^^^^^^^
  File "C:\Users\Azuri\Desktop\anewBot\v13pro\exchange.py", line 158, in place_limit_order
    order = await ex.create_order(symbol, "limit", side, qty, price, params=params)
            ^^^^^^^^^^^^^^^^^^^^^^^^^^^^^^^^^^^^^^^^^^^^^^^^^^^^^^^^^^^^^^^^^^^^^^^
  File "C:\Users\Azuri\Desktop\anewBot\.venv\Lib\site-packages\ccxt\async_support\bybit.py", line 3902, in create_order
    response = await self.privatePostV5OrderCreate(orderRequest)
               ^^^^^^^^^^^^^^^^^^^^^^^^^^^^^^^^^^^^^^^^^^^^^^^^^
  File "C:\Users\Azuri\Desktop\anewBot\.venv\Lib\site-packages\ccxt\async_support\base\exchange.py", line 995, in request
    return await self.fetch2(path, api, method, params, headers, body, config)
           ^^^^^^^^^^^^^^^^^^^^^^^^^^^^^^^^^^^^^^^^^^^^^^^^^^^^^^^^^^^^^^^^^^^
  File "C:\Users\Azuri\Desktop\anewBot\.venv\Lib\site-packages\ccxt\async_support\base\exchange.py", line 991, in fetch2
    raise e
  File "C:\Users\Azuri\Desktop\anewBot\.venv\Lib\site-packages\ccxt\async_support\base\exchange.py", line 979, in fetch2
    return await self.fetch(request['url'], request['method'], request['headers'], request['body'])
           ^^^^^^^^^^^^^^^^^^^^^^^^^^^^^^^^^^^^^^^^^^^^^^^^^^^^^^^^^^^^^^^^^^^^^^^^^^^^^^^^^^^^^^^^
  File "C:\Users\Azuri\Desktop\anewBot\.venv\Lib\site-packages\ccxt\async_support\base\exchange.py", line 263, in fetch
    self.handle_errors(http_status_code, http_status_text, url, method, headers, http_response, json_response, request_headers, request_body)
    ~~~~~~~~~~~~~~~~~~^^^^^^^^^^^^^^^^^^^^^^^^^^^^^^^^^^^^^^^^^^^^^^^^^^^^^^^^^^^^^^^^^^^^^^^^^^^^^^^^^^^^^^^^^^^^^^^^^^^^^^^^^^^^^^^^^^^^^^^
  File "C:\Users\Azuri\Desktop\anewBot\.venv\Lib\site-packages\ccxt\async_support\bybit.py", line 9158, in handle_errors
    self.throw_exactly_matched_exception(self.exceptions['exact'], errorCode, feedback)
    ~~~~~~~~~~~~~~~~~~~~~~~~~~~~~~~~~~~~^^^^^^^^^^^^^^^^^^^^^^^^^^^^^^^^^^^^^^^^^^^^^^^
  File "C:\Users\Azuri\Desktop\anewBot\.venv\Lib\site-packages\ccxt\base\exchange.py", line 5435, in throw_exactly_matched_exception
    raise exact[string](message)
ccxt.base.errors.InsufficientFunds: bybit {"retCode":110007,"retMsg":"ab not enough for new order","result":{},"retExtInfo":{},"time":1771886510420}

2026-02-24 09:41:50 | INFO    |   >> SHORT AVAX/USDT:USDT [EMA_RIB] [HUNTER] conv=74A qty=112.9 entry≈8.419000 SL=8.468000 TP=8.322000 exit=fix2.0 risk=$5.50
2026-02-24 09:41:51 | ERROR   | Order AVAX/USDT:USDT: bybit {"retCode":110007,"retMsg":"ab not enough for new order","result":{},"retExtInfo":{},"time":1771886511362}
2026-02-24 09:41:51 | DEBUG   | Traceback (most recent call last):
  File "C:\Users\Azuri\Desktop\anewBot\v13pro\bot.py", line 507, in _execute_signal
    order = await ex_mod.place_limit_order(
            ^^^^^^^^^^^^^^^^^^^^^^^^^^^^^^^
        self._ex, symbol, sig.side, qty, entry_price,
        ^^^^^^^^^^^^^^^^^^^^^^^^^^^^^^^^^^^^^^^^^^^^^
        sl_price, tp_price)
        ^^^^^^^^^^^^^^^^^^^
  File "C:\Users\Azuri\Desktop\anewBot\v13pro\exchange.py", line 158, in place_limit_order
    order = await ex.create_order(symbol, "limit", side, qty, price, params=params)
            ^^^^^^^^^^^^^^^^^^^^^^^^^^^^^^^^^^^^^^^^^^^^^^^^^^^^^^^^^^^^^^^^^^^^^^^
  File "C:\Users\Azuri\Desktop\anewBot\.venv\Lib\site-packages\ccxt\async_support\bybit.py", line 3902, in create_order
    response = await self.privatePostV5OrderCreate(orderRequest)
               ^^^^^^^^^^^^^^^^^^^^^^^^^^^^^^^^^^^^^^^^^^^^^^^^^
  File "C:\Users\Azuri\Desktop\anewBot\.venv\Lib\site-packages\ccxt\async_support\base\exchange.py", line 995, in request
    return await self.fetch2(path, api, method, params, headers, body, config)
           ^^^^^^^^^^^^^^^^^^^^^^^^^^^^^^^^^^^^^^^^^^^^^^^^^^^^^^^^^^^^^^^^^^^
  File "C:\Users\Azuri\Desktop\anewBot\.venv\Lib\site-packages\ccxt\async_support\base\exchange.py", line 991, in fetch2
    raise e
  File "C:\Users\Azuri\Desktop\anewBot\.venv\Lib\site-packages\ccxt\async_support\base\exchange.py", line 979, in fetch2
    return await self.fetch(request['url'], request['method'], request['headers'], request['body'])
           ^^^^^^^^^^^^^^^^^^^^^^^^^^^^^^^^^^^^^^^^^^^^^^^^^^^^^^^^^^^^^^^^^^^^^^^^^^^^^^^^^^^^^^^^
  File "C:\Users\Azuri\Desktop\anewBot\.venv\Lib\site-packages\ccxt\async_support\base\exchange.py", line 263, in fetch
    self.handle_errors(http_status_code, http_status_text, url, method, headers, http_response, json_response, request_headers, request_body)
    ~~~~~~~~~~~~~~~~~~^^^^^^^^^^^^^^^^^^^^^^^^^^^^^^^^^^^^^^^^^^^^^^^^^^^^^^^^^^^^^^^^^^^^^^^^^^^^^^^^^^^^^^^^^^^^^^^^^^^^^^^^^^^^^^^^^^^^^^^
  File "C:\Users\Azuri\Desktop\anewBot\.venv\Lib\site-packages\ccxt\async_support\bybit.py", line 9158, in handle_errors
    self.throw_exactly_matched_exception(self.exceptions['exact'], errorCode, feedback)
    ~~~~~~~~~~~~~~~~~~~~~~~~~~~~~~~~~~~~^^^^^^^^^^^^^^^^^^^^^^^^^^^^^^^^^^^^^^^^^^^^^^^
  File "C:\Users\Azuri\Desktop\anewBot\.venv\Lib\site-packages\ccxt\base\exchange.py", line 5435, in throw_exactly_matched_exception
    raise exact[string](message)
ccxt.base.errors.InsufficientFunds: bybit {"retCode":110007,"retMsg":"ab not enough for new order","result":{},"retExtInfo":{},"time":1771886511362}

2026-02-24 09:41:51 | INFO    |   >> SHORT AVAX/USDT:USDT [TR_PULL] [HUNTER] conv=74A qty=112.9 entry≈8.419000 SL=8.468000 TP=8.322000 exit=fix2.0 risk=$5.50
2026-02-24 09:41:52 | ERROR   | Order AVAX/USDT:USDT: bybit {"retCode":110007,"retMsg":"ab not enough for new order","result":{},"retExtInfo":{},"time":1771886512334}
2026-02-24 09:41:52 | DEBUG   | Traceback (most recent call last):
  File "C:\Users\Azuri\Desktop\anewBot\v13pro\bot.py", line 507, in _execute_signal
    order = await ex_mod.place_limit_order(
            ^^^^^^^^^^^^^^^^^^^^^^^^^^^^^^^
        self._ex, symbol, sig.side, qty, entry_price,
        ^^^^^^^^^^^^^^^^^^^^^^^^^^^^^^^^^^^^^^^^^^^^^
        sl_price, tp_price)
        ^^^^^^^^^^^^^^^^^^^
  File "C:\Users\Azuri\Desktop\anewBot\v13pro\exchange.py", line 158, in place_limit_order
    order = await ex.create_order(symbol, "limit", side, qty, price, params=params)
            ^^^^^^^^^^^^^^^^^^^^^^^^^^^^^^^^^^^^^^^^^^^^^^^^^^^^^^^^^^^^^^^^^^^^^^^
  File "C:\Users\Azuri\Desktop\anewBot\.venv\Lib\site-packages\ccxt\async_support\bybit.py", line 3902, in create_order
    response = await self.privatePostV5OrderCreate(orderRequest)
               ^^^^^^^^^^^^^^^^^^^^^^^^^^^^^^^^^^^^^^^^^^^^^^^^^
  File "C:\Users\Azuri\Desktop\anewBot\.venv\Lib\site-packages\ccxt\async_support\base\exchange.py", line 995, in request
    return await self.fetch2(path, api, method, params, headers, body, config)
           ^^^^^^^^^^^^^^^^^^^^^^^^^^^^^^^^^^^^^^^^^^^^^^^^^^^^^^^^^^^^^^^^^^^
  File "C:\Users\Azuri\Desktop\anewBot\.venv\Lib\site-packages\ccxt\async_support\base\exchange.py", line 991, in fetch2
    raise e
  File "C:\Users\Azuri\Desktop\anewBot\.venv\Lib\site-packages\ccxt\async_support\base\exchange.py", line 979, in fetch2
    return await self.fetch(request['url'], request['method'], request['headers'], request['body'])
           ^^^^^^^^^^^^^^^^^^^^^^^^^^^^^^^^^^^^^^^^^^^^^^^^^^^^^^^^^^^^^^^^^^^^^^^^^^^^^^^^^^^^^^^^
  File "C:\Users\Azuri\Desktop\anewBot\.venv\Lib\site-packages\ccxt\async_support\base\exchange.py", line 263, in fetch
    self.handle_errors(http_status_code, http_status_text, url, method, headers, http_response, json_response, request_headers, request_body)
    ~~~~~~~~~~~~~~~~~~^^^^^^^^^^^^^^^^^^^^^^^^^^^^^^^^^^^^^^^^^^^^^^^^^^^^^^^^^^^^^^^^^^^^^^^^^^^^^^^^^^^^^^^^^^^^^^^^^^^^^^^^^^^^^^^^^^^^^^^
  File "C:\Users\Azuri\Desktop\anewBot\.venv\Lib\site-packages\ccxt\async_support\bybit.py", line 9158, in handle_errors
    self.throw_exactly_matched_exception(self.exceptions['exact'], errorCode, feedback)
    ~~~~~~~~~~~~~~~~~~~~~~~~~~~~~~~~~~~~^^^^^^^^^^^^^^^^^^^^^^^^^^^^^^^^^^^^^^^^^^^^^^^
  File "C:\Users\Azuri\Desktop\anewBot\.venv\Lib\site-packages\ccxt\base\exchange.py", line 5435, in throw_exactly_matched_exception
    raise exact[string](message)
ccxt.base.errors.InsufficientFunds: bybit {"retCode":110007,"retMsg":"ab not enough for new order","result":{},"retExtInfo":{},"time":1771886512334}

2026-02-24 09:44:59 | INFO    | 
[96m══════════════════════════════════════════════════════════[0m
2026-02-24 09:44:59 | INFO    |   🤖 [1m[97mv13pro LIVE DASHBOARD[0m    [92m🟢 TRADING[0m
2026-02-24 09:44:59 | INFO    |   [2m2026-02-23 22:44:59 UTC[0m   [2mSession: ny[0m
2026-02-24 09:44:59 | INFO    | [96m══════════════════════════════════════════════════════════[0m
2026-02-24 09:44:59 | INFO    |   [1m💰 EQUITY[0m
2026-02-24 09:44:59 | INFO    |      Balance   [93m[1m$499.90[0m               Peak  $500.72
2026-02-24 09:44:59 | INFO    |      Growth    [91m-0.0%[0m                DD    [92m0.2%[0m
2026-02-24 09:44:59 | INFO    |      Target    $5,000       [92m█[2m░░░░░░░░░░░░░░░░░░░[0m 10%
2026-02-24 09:44:59 | INFO    |      [2mPhase 2: Growth → $1K[0m
2026-02-24 09:44:59 | INFO    |   [2m──────────────────────────────────────────────────────[0m
2026-02-24 09:44:59 | INFO    |   [1m📊 TRADING[0m
2026-02-24 09:44:59 | INFO    |      Positions [97m1[0m / 6              Scans   19
2026-02-24 09:44:59 | INFO    |      Signals   0                Trades  2
2026-02-24 09:44:59 | INFO    |      Wins      [92m0[0m                Losses  [91m19[0m
2026-02-24 09:44:59 | INFO    |      Win Rate  [91m0.0%[0m              PnL     [91m-20.09R[0m ([91m$-110.56[0m)
2026-02-24 09:44:59 | INFO    |   [2m──────────────────────────────────────────────────────[0m
2026-02-24 09:44:59 | INFO    |   [1m🧠 INTELLIGENCE[0m
2026-02-24 09:44:59 | INFO    |      🎯 Skill     min=20  eval=301  pass=291  rej=10
2026-02-24 09:44:59 | INFO    |      📚 Learner   5 outcomes tracked
2026-02-24 09:44:59 | INFO    |      🔍 Aftermath 0 done, 1 pending
2026-02-24 09:44:59 | INFO    |      💚 Watchdog  [92mHEALTHY[0m     📡 WS  74 buffers
2026-02-24 09:44:59 | INFO    |      🔭 Hunter    76 non-portfolio signals
2026-02-24 09:44:59 | INFO    |      🧬 DNA       2 records  [2m0 proven clusters[0m
2026-02-24 09:44:59 | INFO    |   [2m──────────────────────────────────────────────────────[0m
2026-02-24 09:44:59 | INFO    |   [1m⚙️  CONFIG[0m
2026-02-24 09:44:59 | INFO    |      Risk       [93m2.0%[0m   Lev  [93m10x[0m   MaxPos [93m6[0m
2026-02-24 09:44:59 | INFO    |      Maker TP   [92mON[0m              Maker Entry  [92mON[0m
2026-02-24 09:44:59 | INFO    |      Combos     48                Pairs  35
2026-02-24 09:44:59 | INFO    |      Uptime     0.3h
2026-02-24 09:44:59 | INFO    | [96m══════════════════════════════════════════════════════════[0m

2026-02-24 09:46:52 | DEBUG   | Hunter: 129 liquid candidates (ex-portfolio)
2026-02-24 09:47:10 | INFO    | Hunter: found 12 signals on non-portfolio pairs
2026-02-24 09:47:11 | INFO    |   >> SHORT ETH/USDT:USDT [PIN_BAR] [HUNTER] conv=71A qty=0.59 entry≈1864.030000 SL=1873.240000 TP=1845.620000 exit=fix2.0 risk=$5.50
2026-02-24 09:47:11 | ERROR   | Order ETH/USDT:USDT: bybit {"retCode":110007,"retMsg":"ab not enough for new order","result":{},"retExtInfo":{},"time":1771886832135}
2026-02-24 09:47:11 | DEBUG   | Traceback (most recent call last):
  File "C:\Users\Azuri\Desktop\anewBot\v13pro\bot.py", line 507, in _execute_signal
    order = await ex_mod.place_limit_order(
            ^^^^^^^^^^^^^^^^^^^^^^^^^^^^^^^
        self._ex, symbol, sig.side, qty, entry_price,
        ^^^^^^^^^^^^^^^^^^^^^^^^^^^^^^^^^^^^^^^^^^^^^
        sl_price, tp_price)
        ^^^^^^^^^^^^^^^^^^^
  File "C:\Users\Azuri\Desktop\anewBot\v13pro\exchange.py", line 158, in place_limit_order
    order = await ex.create_order(symbol, "limit", side, qty, price, params=params)
            ^^^^^^^^^^^^^^^^^^^^^^^^^^^^^^^^^^^^^^^^^^^^^^^^^^^^^^^^^^^^^^^^^^^^^^^
  File "C:\Users\Azuri\Desktop\anewBot\.venv\Lib\site-packages\ccxt\async_support\bybit.py", line 3902, in create_order
    response = await self.privatePostV5OrderCreate(orderRequest)
               ^^^^^^^^^^^^^^^^^^^^^^^^^^^^^^^^^^^^^^^^^^^^^^^^^
  File "C:\Users\Azuri\Desktop\anewBot\.venv\Lib\site-packages\ccxt\async_support\base\exchange.py", line 995, in request
    return await self.fetch2(path, api, method, params, headers, body, config)
           ^^^^^^^^^^^^^^^^^^^^^^^^^^^^^^^^^^^^^^^^^^^^^^^^^^^^^^^^^^^^^^^^^^^
  File "C:\Users\Azuri\Desktop\anewBot\.venv\Lib\site-packages\ccxt\async_support\base\exchange.py", line 991, in fetch2
    raise e
  File "C:\Users\Azuri\Desktop\anewBot\.venv\Lib\site-packages\ccxt\async_support\base\exchange.py", line 979, in fetch2
    return await self.fetch(request['url'], request['method'], request['headers'], request['body'])
           ^^^^^^^^^^^^^^^^^^^^^^^^^^^^^^^^^^^^^^^^^^^^^^^^^^^^^^^^^^^^^^^^^^^^^^^^^^^^^^^^^^^^^^^^
  File "C:\Users\Azuri\Desktop\anewBot\.venv\Lib\site-packages\ccxt\async_support\base\exchange.py", line 263, in fetch
    self.handle_errors(http_status_code, http_status_text, url, method, headers, http_response, json_response, request_headers, request_body)
    ~~~~~~~~~~~~~~~~~~^^^^^^^^^^^^^^^^^^^^^^^^^^^^^^^^^^^^^^^^^^^^^^^^^^^^^^^^^^^^^^^^^^^^^^^^^^^^^^^^^^^^^^^^^^^^^^^^^^^^^^^^^^^^^^^^^^^^^^^
  File "C:\Users\Azuri\Desktop\anewBot\.venv\Lib\site-packages\ccxt\async_support\bybit.py", line 9158, in handle_errors
    self.throw_exactly_matched_exception(self.exceptions['exact'], errorCode, feedback)
    ~~~~~~~~~~~~~~~~~~~~~~~~~~~~~~~~~~~~^^^^^^^^^^^^^^^^^^^^^^^^^^^^^^^^^^^^^^^^^^^^^^^
  File "C:\Users\Azuri\Desktop\anewBot\.venv\Lib\site-packages\ccxt\base\exchange.py", line 5435, in throw_exactly_matched_exception
    raise exact[string](message)
ccxt.base.errors.InsufficientFunds: bybit {"retCode":110007,"retMsg":"ab not enough for new order","result":{},"retExtInfo":{},"time":1771886832135}

2026-02-24 09:47:12 | INFO    |   >> SHORT ETH/USDT:USDT [TR_PULL] [HUNTER] conv=71A qty=0.59 entry≈1864.030000 SL=1873.240000 TP=1845.620000 exit=fix2.0 risk=$5.50
2026-02-24 09:47:12 | ERROR   | Order ETH/USDT:USDT: bybit {"retCode":110007,"retMsg":"ab not enough for new order","result":{},"retExtInfo":{},"time":1771886833084}
2026-02-24 09:47:12 | DEBUG   | Traceback (most recent call last):
  File "C:\Users\Azuri\Desktop\anewBot\v13pro\bot.py", line 507, in _execute_signal
    order = await ex_mod.place_limit_order(
            ^^^^^^^^^^^^^^^^^^^^^^^^^^^^^^^
        self._ex, symbol, sig.side, qty, entry_price,
        ^^^^^^^^^^^^^^^^^^^^^^^^^^^^^^^^^^^^^^^^^^^^^
        sl_price, tp_price)
        ^^^^^^^^^^^^^^^^^^^
  File "C:\Users\Azuri\Desktop\anewBot\v13pro\exchange.py", line 158, in place_limit_order
    order = await ex.create_order(symbol, "limit", side, qty, price, params=params)
            ^^^^^^^^^^^^^^^^^^^^^^^^^^^^^^^^^^^^^^^^^^^^^^^^^^^^^^^^^^^^^^^^^^^^^^^
  File "C:\Users\Azuri\Desktop\anewBot\.venv\Lib\site-packages\ccxt\async_support\bybit.py", line 3902, in create_order
    response = await self.privatePostV5OrderCreate(orderRequest)
               ^^^^^^^^^^^^^^^^^^^^^^^^^^^^^^^^^^^^^^^^^^^^^^^^^
  File "C:\Users\Azuri\Desktop\anewBot\.venv\Lib\site-packages\ccxt\async_support\base\exchange.py", line 995, in request
    return await self.fetch2(path, api, method, params, headers, body, config)
           ^^^^^^^^^^^^^^^^^^^^^^^^^^^^^^^^^^^^^^^^^^^^^^^^^^^^^^^^^^^^^^^^^^^
  File "C:\Users\Azuri\Desktop\anewBot\.venv\Lib\site-packages\ccxt\async_support\base\exchange.py", line 991, in fetch2
    raise e
  File "C:\Users\Azuri\Desktop\anewBot\.venv\Lib\site-packages\ccxt\async_support\base\exchange.py", line 979, in fetch2
    return await self.fetch(request['url'], request['method'], request['headers'], request['body'])
           ^^^^^^^^^^^^^^^^^^^^^^^^^^^^^^^^^^^^^^^^^^^^^^^^^^^^^^^^^^^^^^^^^^^^^^^^^^^^^^^^^^^^^^^^
  File "C:\Users\Azuri\Desktop\anewBot\.venv\Lib\site-packages\ccxt\async_support\base\exchange.py", line 263, in fetch
    self.handle_errors(http_status_code, http_status_text, url, method, headers, http_response, json_response, request_headers, request_body)
    ~~~~~~~~~~~~~~~~~~^^^^^^^^^^^^^^^^^^^^^^^^^^^^^^^^^^^^^^^^^^^^^^^^^^^^^^^^^^^^^^^^^^^^^^^^^^^^^^^^^^^^^^^^^^^^^^^^^^^^^^^^^^^^^^^^^^^^^^^
  File "C:\Users\Azuri\Desktop\anewBot\.venv\Lib\site-packages\ccxt\async_support\bybit.py", line 9158, in handle_errors
    self.throw_exactly_matched_exception(self.exceptions['exact'], errorCode, feedback)
    ~~~~~~~~~~~~~~~~~~~~~~~~~~~~~~~~~~~~^^^^^^^^^^^^^^^^^^^^^^^^^^^^^^^^^^^^^^^^^^^^^^^
  File "C:\Users\Azuri\Desktop\anewBot\.venv\Lib\site-packages\ccxt\base\exchange.py", line 5435, in throw_exactly_matched_exception
    raise exact[string](message)
ccxt.base.errors.InsufficientFunds: bybit {"retCode":110007,"retMsg":"ab not enough for new order","result":{},"retExtInfo":{},"time":1771886833084}

2026-02-24 09:47:13 | DEBUG   |   Hunter AGLD/USDT:USDT rejected: grade=D (need >=B)
2026-02-24 09:47:13 | DEBUG   |   Hunter FARTCOIN/USDT:USDT rejected: grade=C (need >=B)
2026-02-24 09:47:13 | INFO    |   >> SHORT BCH/USDT:USDT [EMA_RIB] [HUNTER] conv=77A qty=1.32 entry≈499.700000 SL=503.800000 TP=491.400000 exit=fix2.0 risk=$5.50
2026-02-24 09:47:14 | ERROR   | Order BCH/USDT:USDT: bybit {"retCode":110007,"retMsg":"ab not enough for new order","result":{},"retExtInfo":{},"time":1771886834551}
2026-02-24 09:47:14 | DEBUG   | Traceback (most recent call last):
  File "C:\Users\Azuri\Desktop\anewBot\v13pro\bot.py", line 507, in _execute_signal
    order = await ex_mod.place_limit_order(
            ^^^^^^^^^^^^^^^^^^^^^^^^^^^^^^^
        self._ex, symbol, sig.side, qty, entry_price,
        ^^^^^^^^^^^^^^^^^^^^^^^^^^^^^^^^^^^^^^^^^^^^^
        sl_price, tp_price)
        ^^^^^^^^^^^^^^^^^^^
  File "C:\Users\Azuri\Desktop\anewBot\v13pro\exchange.py", line 158, in place_limit_order
    order = await ex.create_order(symbol, "limit", side, qty, price, params=params)
            ^^^^^^^^^^^^^^^^^^^^^^^^^^^^^^^^^^^^^^^^^^^^^^^^^^^^^^^^^^^^^^^^^^^^^^^
  File "C:\Users\Azuri\Desktop\anewBot\.venv\Lib\site-packages\ccxt\async_support\bybit.py", line 3902, in create_order
    response = await self.privatePostV5OrderCreate(orderRequest)
               ^^^^^^^^^^^^^^^^^^^^^^^^^^^^^^^^^^^^^^^^^^^^^^^^^
  File "C:\Users\Azuri\Desktop\anewBot\.venv\Lib\site-packages\ccxt\async_support\base\exchange.py", line 995, in request
    return await self.fetch2(path, api, method, params, headers, body, config)
           ^^^^^^^^^^^^^^^^^^^^^^^^^^^^^^^^^^^^^^^^^^^^^^^^^^^^^^^^^^^^^^^^^^^
  File "C:\Users\Azuri\Desktop\anewBot\.venv\Lib\site-packages\ccxt\async_support\base\exchange.py", line 991, in fetch2
    raise e
  File "C:\Users\Azuri\Desktop\anewBot\.venv\Lib\site-packages\ccxt\async_support\base\exchange.py", line 979, in fetch2
    return await self.fetch(request['url'], request['method'], request['headers'], request['body'])
           ^^^^^^^^^^^^^^^^^^^^^^^^^^^^^^^^^^^^^^^^^^^^^^^^^^^^^^^^^^^^^^^^^^^^^^^^^^^^^^^^^^^^^^^^
  File "C:\Users\Azuri\Desktop\anewBot\.venv\Lib\site-packages\ccxt\async_support\base\exchange.py", line 263, in fetch
    self.handle_errors(http_status_code, http_status_text, url, method, headers, http_response, json_response, request_headers, request_body)
    ~~~~~~~~~~~~~~~~~~^^^^^^^^^^^^^^^^^^^^^^^^^^^^^^^^^^^^^^^^^^^^^^^^^^^^^^^^^^^^^^^^^^^^^^^^^^^^^^^^^^^^^^^^^^^^^^^^^^^^^^^^^^^^^^^^^^^^^^^
  File "C:\Users\Azuri\Desktop\anewBot\.venv\Lib\site-packages\ccxt\async_support\bybit.py", line 9158, in handle_errors
    self.throw_exactly_matched_exception(self.exceptions['exact'], errorCode, feedback)
    ~~~~~~~~~~~~~~~~~~~~~~~~~~~~~~~~~~~~^^^^^^^^^^^^^^^^^^^^^^^^^^^^^^^^^^^^^^^^^^^^^^^
  File "C:\Users\Azuri\Desktop\anewBot\.venv\Lib\site-packages\ccxt\base\exchange.py", line 5435, in throw_exactly_matched_exception
    raise exact[string](message)
ccxt.base.errors.InsufficientFunds: bybit {"retCode":110007,"retMsg":"ab not enough for new order","result":{},"retExtInfo":{},"time":1771886834551}

2026-02-24 09:47:14 | DEBUG   |   Hunter POWER/USDT:USDT rejected: grade=C (need >=B)
2026-02-24 09:47:14 | INFO    |   >> SHORT LA/USDT:USDT [DONCHIAN] [HUNTER] conv=60B qty=616.1 entry≈0.226950 SL=0.235060 TP=0.210720 exit=fix2.0 risk=$5.00
2026-02-24 09:47:15 | ERROR   | Order LA/USDT:USDT: bybit {"retCode":110007,"retMsg":"ab not enough for new order","result":{},"retExtInfo":{},"time":1771886835765}
2026-02-24 09:47:15 | DEBUG   | Traceback (most recent call last):
  File "C:\Users\Azuri\Desktop\anewBot\v13pro\bot.py", line 507, in _execute_signal
    order = await ex_mod.place_limit_order(
            ^^^^^^^^^^^^^^^^^^^^^^^^^^^^^^^
        self._ex, symbol, sig.side, qty, entry_price,
        ^^^^^^^^^^^^^^^^^^^^^^^^^^^^^^^^^^^^^^^^^^^^^
        sl_price, tp_price)
        ^^^^^^^^^^^^^^^^^^^
  File "C:\Users\Azuri\Desktop\anewBot\v13pro\exchange.py", line 158, in place_limit_order
    order = await ex.create_order(symbol, "limit", side, qty, price, params=params)
            ^^^^^^^^^^^^^^^^^^^^^^^^^^^^^^^^^^^^^^^^^^^^^^^^^^^^^^^^^^^^^^^^^^^^^^^
  File "C:\Users\Azuri\Desktop\anewBot\.venv\Lib\site-packages\ccxt\async_support\bybit.py", line 3902, in create_order
    response = await self.privatePostV5OrderCreate(orderRequest)
               ^^^^^^^^^^^^^^^^^^^^^^^^^^^^^^^^^^^^^^^^^^^^^^^^^
  File "C:\Users\Azuri\Desktop\anewBot\.venv\Lib\site-packages\ccxt\async_support\base\exchange.py", line 995, in request
    return await self.fetch2(path, api, method, params, headers, body, config)
           ^^^^^^^^^^^^^^^^^^^^^^^^^^^^^^^^^^^^^^^^^^^^^^^^^^^^^^^^^^^^^^^^^^^
  File "C:\Users\Azuri\Desktop\anewBot\.venv\Lib\site-packages\ccxt\async_support\base\exchange.py", line 991, in fetch2
    raise e
  File "C:\Users\Azuri\Desktop\anewBot\.venv\Lib\site-packages\ccxt\async_support\base\exchange.py", line 979, in fetch2
    return await self.fetch(request['url'], request['method'], request['headers'], request['body'])
           ^^^^^^^^^^^^^^^^^^^^^^^^^^^^^^^^^^^^^^^^^^^^^^^^^^^^^^^^^^^^^^^^^^^^^^^^^^^^^^^^^^^^^^^^
  File "C:\Users\Azuri\Desktop\anewBot\.venv\Lib\site-packages\ccxt\async_support\base\exchange.py", line 263, in fetch
    self.handle_errors(http_status_code, http_status_text, url, method, headers, http_response, json_response, request_headers, request_body)
    ~~~~~~~~~~~~~~~~~~^^^^^^^^^^^^^^^^^^^^^^^^^^^^^^^^^^^^^^^^^^^^^^^^^^^^^^^^^^^^^^^^^^^^^^^^^^^^^^^^^^^^^^^^^^^^^^^^^^^^^^^^^^^^^^^^^^^^^^^
  File "C:\Users\Azuri\Desktop\anewBot\.venv\Lib\site-packages\ccxt\async_support\bybit.py", line 9158, in handle_errors
    self.throw_exactly_matched_exception(self.exceptions['exact'], errorCode, feedback)
    ~~~~~~~~~~~~~~~~~~~~~~~~~~~~~~~~~~~~^^^^^^^^^^^^^^^^^^^^^^^^^^^^^^^^^^^^^^^^^^^^^^^
  File "C:\Users\Azuri\Desktop\anewBot\.venv\Lib\site-packages\ccxt\base\exchange.py", line 5435, in throw_exactly_matched_exception
    raise exact[string](message)
ccxt.base.errors.InsufficientFunds: bybit {"retCode":110007,"retMsg":"ab not enough for new order","result":{},"retExtInfo":{},"time":1771886835765}

2026-02-24 09:47:15 | DEBUG   |   Hunter RAVE/USDT:USDT rejected: grade=C (need >=B)
2026-02-24 09:47:16 | DEBUG   |   Hunter RAVE/USDT:USDT rejected: grade=C (need >=B)
2026-02-24 09:50:00 | INFO    | 
[96m══════════════════════════════════════════════════════════[0m
2026-02-24 09:50:00 | INFO    |   🤖 [1m[97mv13pro LIVE DASHBOARD[0m    [92m🟢 TRADING[0m
2026-02-24 09:50:00 | INFO    |   [2m2026-02-23 22:50:00 UTC[0m   [2mSession: ny[0m
2026-02-24 09:50:00 | INFO    | [96m══════════════════════════════════════════════════════════[0m
2026-02-24 09:50:00 | INFO    |   [1m💰 EQUITY[0m
2026-02-24 09:50:00 | INFO    |      Balance   [93m[1m$499.90[0m               Peak  $500.72
2026-02-24 09:50:00 | INFO    |      Growth    [91m-0.0%[0m                DD    [92m0.2%[0m
2026-02-24 09:50:00 | INFO    |      Target    $5,000       [92m█[2m░░░░░░░░░░░░░░░░░░░[0m 10%
2026-02-24 09:50:00 | INFO    |      [2mPhase 2: Growth → $1K[0m
2026-02-24 09:50:00 | INFO    |   [2m──────────────────────────────────────────────────────[0m
2026-02-24 09:50:00 | INFO    |   [1m📊 TRADING[0m
2026-02-24 09:50:00 | INFO    |      Positions [97m1[0m / 6              Scans   30
2026-02-24 09:50:00 | INFO    |      Signals   0                Trades  2
2026-02-24 09:50:00 | INFO    |      Wins      [92m0[0m                Losses  [91m19[0m
2026-02-24 09:50:00 | INFO    |      Win Rate  [91m0.0%[0m              PnL     [91m-20.09R[0m ([91m$-110.56[0m)
2026-02-24 09:50:00 | INFO    |   [2m──────────────────────────────────────────────────────[0m
2026-02-24 09:50:00 | INFO    |   [1m🧠 INTELLIGENCE[0m
2026-02-24 09:50:00 | INFO    |      🎯 Skill     min=20  eval=310  pass=300  rej=10
2026-02-24 09:50:00 | INFO    |      📚 Learner   5 outcomes tracked
2026-02-24 09:50:00 | INFO    |      🔍 Aftermath 0 done, 1 pending
2026-02-24 09:50:00 | INFO    |      💚 Watchdog  [92mHEALTHY[0m     📡 WS  74 buffers
2026-02-24 09:50:00 | INFO    |      🔭 Hunter    88 non-portfolio signals
2026-02-24 09:50:00 | INFO    |      🧬 DNA       2 records  [2m0 proven clusters[0m
2026-02-24 09:50:00 | INFO    |   [2m──────────────────────────────────────────────────────[0m
2026-02-24 09:50:00 | INFO    |   [1m⚙️  CONFIG[0m
2026-02-24 09:50:00 | INFO    |      Risk       [93m2.0%[0m   Lev  [93m10x[0m   MaxPos [93m6[0m
2026-02-24 09:50:00 | INFO    |      Maker TP   [92mON[0m              Maker Entry  [92mON[0m
2026-02-24 09:50:00 | INFO    |      Combos     48                Pairs  35
2026-02-24 09:50:00 | INFO    |      Uptime     0.3h
2026-02-24 09:50:00 | INFO    | [96m══════════════════════════════════════════════════════════[0m

2026-02-24 09:52:16 | DEBUG   | Hunter: 129 liquid candidates (ex-portfolio)
2026-02-24 09:52:37 | INFO    | Hunter: found 24 signals on non-portfolio pairs
2026-02-24 09:52:38 | INFO    |   >> SHORT ETH/USDT:USDT [TR_PULL] [HUNTER] conv=70A qty=0.58 entry≈1864.200000 SL=1873.570000 TP=1845.460000 exit=fix2.0 risk=$5.50
2026-02-24 09:52:39 | ERROR   | Order ETH/USDT:USDT: bybit {"retCode":110007,"retMsg":"ab not enough for new order","result":{},"retExtInfo":{},"time":1771887159393}
2026-02-24 09:52:39 | DEBUG   | Traceback (most recent call last):
  File "C:\Users\Azuri\Desktop\anewBot\v13pro\bot.py", line 507, in _execute_signal
    order = await ex_mod.place_limit_order(
            ^^^^^^^^^^^^^^^^^^^^^^^^^^^^^^^
        self._ex, symbol, sig.side, qty, entry_price,
        ^^^^^^^^^^^^^^^^^^^^^^^^^^^^^^^^^^^^^^^^^^^^^
        sl_price, tp_price)
        ^^^^^^^^^^^^^^^^^^^
  File "C:\Users\Azuri\Desktop\anewBot\v13pro\exchange.py", line 158, in place_limit_order
    order = await ex.create_order(symbol, "limit", side, qty, price, params=params)
            ^^^^^^^^^^^^^^^^^^^^^^^^^^^^^^^^^^^^^^^^^^^^^^^^^^^^^^^^^^^^^^^^^^^^^^^
  File "C:\Users\Azuri\Desktop\anewBot\.venv\Lib\site-packages\ccxt\async_support\bybit.py", line 3902, in create_order
    response = await self.privatePostV5OrderCreate(orderRequest)
               ^^^^^^^^^^^^^^^^^^^^^^^^^^^^^^^^^^^^^^^^^^^^^^^^^
  File "C:\Users\Azuri\Desktop\anewBot\.venv\Lib\site-packages\ccxt\async_support\base\exchange.py", line 995, in request
    return await self.fetch2(path, api, method, params, headers, body, config)
           ^^^^^^^^^^^^^^^^^^^^^^^^^^^^^^^^^^^^^^^^^^^^^^^^^^^^^^^^^^^^^^^^^^^
  File "C:\Users\Azuri\Desktop\anewBot\.venv\Lib\site-packages\ccxt\async_support\base\exchange.py", line 991, in fetch2
    raise e
  File "C:\Users\Azuri\Desktop\anewBot\.venv\Lib\site-packages\ccxt\async_support\base\exchange.py", line 979, in fetch2
    return await self.fetch(request['url'], request['method'], request['headers'], request['body'])
           ^^^^^^^^^^^^^^^^^^^^^^^^^^^^^^^^^^^^^^^^^^^^^^^^^^^^^^^^^^^^^^^^^^^^^^^^^^^^^^^^^^^^^^^^
  File "C:\Users\Azuri\Desktop\anewBot\.venv\Lib\site-packages\ccxt\async_support\base\exchange.py", line 263, in fetch
    self.handle_errors(http_status_code, http_status_text, url, method, headers, http_response, json_response, request_headers, request_body)
    ~~~~~~~~~~~~~~~~~~^^^^^^^^^^^^^^^^^^^^^^^^^^^^^^^^^^^^^^^^^^^^^^^^^^^^^^^^^^^^^^^^^^^^^^^^^^^^^^^^^^^^^^^^^^^^^^^^^^^^^^^^^^^^^^^^^^^^^^^
  File "C:\Users\Azuri\Desktop\anewBot\.venv\Lib\site-packages\ccxt\async_support\bybit.py", line 9158, in handle_errors
    self.throw_exactly_matched_exception(self.exceptions['exact'], errorCode, feedback)
    ~~~~~~~~~~~~~~~~~~~~~~~~~~~~~~~~~~~~^^^^^^^^^^^^^^^^^^^^^^^^^^^^^^^^^^^^^^^^^^^^^^^
  File "C:\Users\Azuri\Desktop\anewBot\.venv\Lib\site-packages\ccxt\base\exchange.py", line 5435, in throw_exactly_matched_exception
    raise exact[string](message)
ccxt.base.errors.InsufficientFunds: bybit {"retCode":110007,"retMsg":"ab not enough for new order","result":{},"retExtInfo":{},"time":1771887159393}

2026-02-24 09:52:39 | INFO    |   >> SHORT SOL/USDT:USDT [TR_PULL] [HUNTER] conv=65B qty=11.2 entry≈78.700000 SL=79.150000 TP=77.810000 exit=fix2.0 risk=$5.00
2026-02-24 09:52:40 | ERROR   | Order SOL/USDT:USDT: bybit {"retCode":110007,"retMsg":"ab not enough for new order","result":{},"retExtInfo":{},"time":1771887160374}
2026-02-24 09:52:40 | DEBUG   | Traceback (most recent call last):
  File "C:\Users\Azuri\Desktop\anewBot\v13pro\bot.py", line 507, in _execute_signal
    order = await ex_mod.place_limit_order(
            ^^^^^^^^^^^^^^^^^^^^^^^^^^^^^^^
        self._ex, symbol, sig.side, qty, entry_price,
        ^^^^^^^^^^^^^^^^^^^^^^^^^^^^^^^^^^^^^^^^^^^^^
        sl_price, tp_price)
        ^^^^^^^^^^^^^^^^^^^
  File "C:\Users\Azuri\Desktop\anewBot\v13pro\exchange.py", line 158, in place_limit_order
    order = await ex.create_order(symbol, "limit", side, qty, price, params=params)
            ^^^^^^^^^^^^^^^^^^^^^^^^^^^^^^^^^^^^^^^^^^^^^^^^^^^^^^^^^^^^^^^^^^^^^^^
  File "C:\Users\Azuri\Desktop\anewBot\.venv\Lib\site-packages\ccxt\async_support\bybit.py", line 3902, in create_order
    response = await self.privatePostV5OrderCreate(orderRequest)
               ^^^^^^^^^^^^^^^^^^^^^^^^^^^^^^^^^^^^^^^^^^^^^^^^^
  File "C:\Users\Azuri\Desktop\anewBot\.venv\Lib\site-packages\ccxt\async_support\base\exchange.py", line 995, in request
    return await self.fetch2(path, api, method, params, headers, body, config)
           ^^^^^^^^^^^^^^^^^^^^^^^^^^^^^^^^^^^^^^^^^^^^^^^^^^^^^^^^^^^^^^^^^^^
  File "C:\Users\Azuri\Desktop\anewBot\.venv\Lib\site-packages\ccxt\async_support\base\exchange.py", line 991, in fetch2
    raise e
  File "C:\Users\Azuri\Desktop\anewBot\.venv\Lib\site-packages\ccxt\async_support\base\exchange.py", line 979, in fetch2
    return await self.fetch(request['url'], request['method'], request['headers'], request['body'])
           ^^^^^^^^^^^^^^^^^^^^^^^^^^^^^^^^^^^^^^^^^^^^^^^^^^^^^^^^^^^^^^^^^^^^^^^^^^^^^^^^^^^^^^^^
  File "C:\Users\Azuri\Desktop\anewBot\.venv\Lib\site-packages\ccxt\async_support\base\exchange.py", line 263, in fetch
    self.handle_errors(http_status_code, http_status_text, url, method, headers, http_response, json_response, request_headers, request_body)
    ~~~~~~~~~~~~~~~~~~^^^^^^^^^^^^^^^^^^^^^^^^^^^^^^^^^^^^^^^^^^^^^^^^^^^^^^^^^^^^^^^^^^^^^^^^^^^^^^^^^^^^^^^^^^^^^^^^^^^^^^^^^^^^^^^^^^^^^^^
  File "C:\Users\Azuri\Desktop\anewBot\.venv\Lib\site-packages\ccxt\async_support\bybit.py", line 9158, in handle_errors
    self.throw_exactly_matched_exception(self.exceptions['exact'], errorCode, feedback)
    ~~~~~~~~~~~~~~~~~~~~~~~~~~~~~~~~~~~~^^^^^^^^^^^^^^^^^^^^^^^^^^^^^^^^^^^^^^^^^^^^^^^
  File "C:\Users\Azuri\Desktop\anewBot\.venv\Lib\site-packages\ccxt\base\exchange.py", line 5435, in throw_exactly_matched_exception
    raise exact[string](message)
ccxt.base.errors.InsufficientFunds: bybit {"retCode":110007,"retMsg":"ab not enough for new order","result":{},"retExtInfo":{},"time":1771887160374}

2026-02-24 09:52:40 | INFO    |   >> SHORT XRP/USDT:USDT [EMA_RIB] [HUNTER] conv=71A qty=741.0 entry≈1.359000 SL=1.366400 TP=1.344200 exit=fix2.0 risk=$5.50
2026-02-24 09:52:41 | ERROR   | Order XRP/USDT:USDT: bybit {"retCode":10001,"retMsg":"position idx not match position mode","result":{},"retExtInfo":{},"time":1771887161522}
2026-02-24 09:52:41 | DEBUG   | Traceback (most recent call last):
  File "C:\Users\Azuri\Desktop\anewBot\v13pro\bot.py", line 507, in _execute_signal
    order = await ex_mod.place_limit_order(
            ^^^^^^^^^^^^^^^^^^^^^^^^^^^^^^^
        self._ex, symbol, sig.side, qty, entry_price,
        ^^^^^^^^^^^^^^^^^^^^^^^^^^^^^^^^^^^^^^^^^^^^^
        sl_price, tp_price)
        ^^^^^^^^^^^^^^^^^^^
  File "C:\Users\Azuri\Desktop\anewBot\v13pro\exchange.py", line 158, in place_limit_order
    order = await ex.create_order(symbol, "limit", side, qty, price, params=params)
            ^^^^^^^^^^^^^^^^^^^^^^^^^^^^^^^^^^^^^^^^^^^^^^^^^^^^^^^^^^^^^^^^^^^^^^^
  File "C:\Users\Azuri\Desktop\anewBot\.venv\Lib\site-packages\ccxt\async_support\bybit.py", line 3902, in create_order
    response = await self.privatePostV5OrderCreate(orderRequest)
               ^^^^^^^^^^^^^^^^^^^^^^^^^^^^^^^^^^^^^^^^^^^^^^^^^
  File "C:\Users\Azuri\Desktop\anewBot\.venv\Lib\site-packages\ccxt\async_support\base\exchange.py", line 995, in request
    return await self.fetch2(path, api, method, params, headers, body, config)
           ^^^^^^^^^^^^^^^^^^^^^^^^^^^^^^^^^^^^^^^^^^^^^^^^^^^^^^^^^^^^^^^^^^^
  File "C:\Users\Azuri\Desktop\anewBot\.venv\Lib\site-packages\ccxt\async_support\base\exchange.py", line 991, in fetch2
    raise e
  File "C:\Users\Azuri\Desktop\anewBot\.venv\Lib\site-packages\ccxt\async_support\base\exchange.py", line 979, in fetch2
    return await self.fetch(request['url'], request['method'], request['headers'], request['body'])
           ^^^^^^^^^^^^^^^^^^^^^^^^^^^^^^^^^^^^^^^^^^^^^^^^^^^^^^^^^^^^^^^^^^^^^^^^^^^^^^^^^^^^^^^^
  File "C:\Users\Azuri\Desktop\anewBot\.venv\Lib\site-packages\ccxt\async_support\base\exchange.py", line 263, in fetch
    self.handle_errors(http_status_code, http_status_text, url, method, headers, http_response, json_response, request_headers, request_body)
    ~~~~~~~~~~~~~~~~~~^^^^^^^^^^^^^^^^^^^^^^^^^^^^^^^^^^^^^^^^^^^^^^^^^^^^^^^^^^^^^^^^^^^^^^^^^^^^^^^^^^^^^^^^^^^^^^^^^^^^^^^^^^^^^^^^^^^^^^^
  File "C:\Users\Azuri\Desktop\anewBot\.venv\Lib\site-packages\ccxt\async_support\bybit.py", line 9158, in handle_errors
    self.throw_exactly_matched_exception(self.exceptions['exact'], errorCode, feedback)
    ~~~~~~~~~~~~~~~~~~~~~~~~~~~~~~~~~~~~^^^^^^^^^^^^^^^^^^^^^^^^^^^^^^^^^^^^^^^^^^^^^^^
  File "C:\Users\Azuri\Desktop\anewBot\.venv\Lib\site-packages\ccxt\base\exchange.py", line 5435, in throw_exactly_matched_exception
    raise exact[string](message)
ccxt.base.errors.BadRequest: bybit {"retCode":10001,"retMsg":"position idx not match position mode","result":{},"retExtInfo":{},"time":1771887161522}

2026-02-24 09:52:41 | INFO    |   >> SHORT XRP/USDT:USDT [TR_PULL] [HUNTER] conv=71A qty=741.0 entry≈1.359000 SL=1.366400 TP=1.344200 exit=fix2.0 risk=$5.50
2026-02-24 09:52:42 | ERROR   | Order XRP/USDT:USDT: bybit {"retCode":10001,"retMsg":"position idx not match position mode","result":{},"retExtInfo":{},"time":1771887162473}
2026-02-24 09:52:42 | DEBUG   | Traceback (most recent call last):
  File "C:\Users\Azuri\Desktop\anewBot\v13pro\bot.py", line 507, in _execute_signal
    order = await ex_mod.place_limit_order(
            ^^^^^^^^^^^^^^^^^^^^^^^^^^^^^^^
        self._ex, symbol, sig.side, qty, entry_price,
        ^^^^^^^^^^^^^^^^^^^^^^^^^^^^^^^^^^^^^^^^^^^^^
        sl_price, tp_price)
        ^^^^^^^^^^^^^^^^^^^
  File "C:\Users\Azuri\Desktop\anewBot\v13pro\exchange.py", line 158, in place_limit_order
    order = await ex.create_order(symbol, "limit", side, qty, price, params=params)
            ^^^^^^^^^^^^^^^^^^^^^^^^^^^^^^^^^^^^^^^^^^^^^^^^^^^^^^^^^^^^^^^^^^^^^^^
  File "C:\Users\Azuri\Desktop\anewBot\.venv\Lib\site-packages\ccxt\async_support\bybit.py", line 3902, in create_order
    response = await self.privatePostV5OrderCreate(orderRequest)
               ^^^^^^^^^^^^^^^^^^^^^^^^^^^^^^^^^^^^^^^^^^^^^^^^^
  File "C:\Users\Azuri\Desktop\anewBot\.venv\Lib\site-packages\ccxt\async_support\base\exchange.py", line 995, in request
    return await self.fetch2(path, api, method, params, headers, body, config)
           ^^^^^^^^^^^^^^^^^^^^^^^^^^^^^^^^^^^^^^^^^^^^^^^^^^^^^^^^^^^^^^^^^^^
  File "C:\Users\Azuri\Desktop\anewBot\.venv\Lib\site-packages\ccxt\async_support\base\exchange.py", line 991, in fetch2
    raise e
  File "C:\Users\Azuri\Desktop\anewBot\.venv\Lib\site-packages\ccxt\async_support\base\exchange.py", line 979, in fetch2
    return await self.fetch(request['url'], request['method'], request['headers'], request['body'])
           ^^^^^^^^^^^^^^^^^^^^^^^^^^^^^^^^^^^^^^^^^^^^^^^^^^^^^^^^^^^^^^^^^^^^^^^^^^^^^^^^^^^^^^^^
  File "C:\Users\Azuri\Desktop\anewBot\.venv\Lib\site-packages\ccxt\async_support\base\exchange.py", line 263, in fetch
    self.handle_errors(http_status_code, http_status_text, url, method, headers, http_response, json_response, request_headers, request_body)
    ~~~~~~~~~~~~~~~~~~^^^^^^^^^^^^^^^^^^^^^^^^^^^^^^^^^^^^^^^^^^^^^^^^^^^^^^^^^^^^^^^^^^^^^^^^^^^^^^^^^^^^^^^^^^^^^^^^^^^^^^^^^^^^^^^^^^^^^^^
  File "C:\Users\Azuri\Desktop\anewBot\.venv\Lib\site-packages\ccxt\async_support\bybit.py", line 9158, in handle_errors
    self.throw_exactly_matched_exception(self.exceptions['exact'], errorCode, feedback)
    ~~~~~~~~~~~~~~~~~~~~~~~~~~~~~~~~~~~~^^^^^^^^^^^^^^^^^^^^^^^^^^^^^^^^^^^^^^^^^^^^^^^
  File "C:\Users\Azuri\Desktop\anewBot\.venv\Lib\site-packages\ccxt\base\exchange.py", line 5435, in throw_exactly_matched_exception
    raise exact[string](message)
ccxt.base.errors.BadRequest: bybit {"retCode":10001,"retMsg":"position idx not match position mode","result":{},"retExtInfo":{},"time":1771887162473}

2026-02-24 09:52:42 | INFO    |   >> SHORT XRP/USDT:USDT [PIN_BAR] [HUNTER] conv=64B qty=324.2 entry≈1.359000 SL=1.374400 TP=1.328200 exit=fix2.0 risk=$5.00
2026-02-24 09:52:43 | ERROR   | Order XRP/USDT:USDT: bybit {"retCode":10001,"retMsg":"position idx not match position mode","result":{},"retExtInfo":{},"time":1771887163811}
2026-02-24 09:52:43 | DEBUG   | Traceback (most recent call last):
  File "C:\Users\Azuri\Desktop\anewBot\v13pro\bot.py", line 507, in _execute_signal
    order = await ex_mod.place_limit_order(
            ^^^^^^^^^^^^^^^^^^^^^^^^^^^^^^^
        self._ex, symbol, sig.side, qty, entry_price,
        ^^^^^^^^^^^^^^^^^^^^^^^^^^^^^^^^^^^^^^^^^^^^^
        sl_price, tp_price)
        ^^^^^^^^^^^^^^^^^^^
  File "C:\Users\Azuri\Desktop\anewBot\v13pro\exchange.py", line 158, in place_limit_order
    order = await ex.create_order(symbol, "limit", side, qty, price, params=params)
            ^^^^^^^^^^^^^^^^^^^^^^^^^^^^^^^^^^^^^^^^^^^^^^^^^^^^^^^^^^^^^^^^^^^^^^^
  File "C:\Users\Azuri\Desktop\anewBot\.venv\Lib\site-packages\ccxt\async_support\bybit.py", line 3902, in create_order
    response = await self.privatePostV5OrderCreate(orderRequest)
               ^^^^^^^^^^^^^^^^^^^^^^^^^^^^^^^^^^^^^^^^^^^^^^^^^
  File "C:\Users\Azuri\Desktop\anewBot\.venv\Lib\site-packages\ccxt\async_support\base\exchange.py", line 995, in request
    return await self.fetch2(path, api, method, params, headers, body, config)
           ^^^^^^^^^^^^^^^^^^^^^^^^^^^^^^^^^^^^^^^^^^^^^^^^^^^^^^^^^^^^^^^^^^^
  File "C:\Users\Azuri\Desktop\anewBot\.venv\Lib\site-packages\ccxt\async_support\base\exchange.py", line 991, in fetch2
    raise e
  File "C:\Users\Azuri\Desktop\anewBot\.venv\Lib\site-packages\ccxt\async_support\base\exchange.py", line 979, in fetch2
    return await self.fetch(request['url'], request['method'], request['headers'], request['body'])
           ^^^^^^^^^^^^^^^^^^^^^^^^^^^^^^^^^^^^^^^^^^^^^^^^^^^^^^^^^^^^^^^^^^^^^^^^^^^^^^^^^^^^^^^^
  File "C:\Users\Azuri\Desktop\anewBot\.venv\Lib\site-packages\ccxt\async_support\base\exchange.py", line 263, in fetch
    self.handle_errors(http_status_code, http_status_text, url, method, headers, http_response, json_response, request_headers, request_body)
    ~~~~~~~~~~~~~~~~~~^^^^^^^^^^^^^^^^^^^^^^^^^^^^^^^^^^^^^^^^^^^^^^^^^^^^^^^^^^^^^^^^^^^^^^^^^^^^^^^^^^^^^^^^^^^^^^^^^^^^^^^^^^^^^^^^^^^^^^^
  File "C:\Users\Azuri\Desktop\anewBot\.venv\Lib\site-packages\ccxt\async_support\bybit.py", line 9158, in handle_errors
    self.throw_exactly_matched_exception(self.exceptions['exact'], errorCode, feedback)
    ~~~~~~~~~~~~~~~~~~~~~~~~~~~~~~~~~~~~^^^^^^^^^^^^^^^^^^^^^^^^^^^^^^^^^^^^^^^^^^^^^^^
  File "C:\Users\Azuri\Desktop\anewBot\.venv\Lib\site-packages\ccxt\base\exchange.py", line 5435, in throw_exactly_matched_exception
    raise exact[string](message)
ccxt.base.errors.BadRequest: bybit {"retCode":10001,"retMsg":"position idx not match position mode","result":{},"retExtInfo":{},"time":1771887163811}

2026-02-24 09:52:44 | INFO    |   >> SHORT XRP/USDT:USDT [TR_PULL] [HUNTER] conv=64B qty=324.2 entry≈1.359000 SL=1.374400 TP=1.328200 exit=fix2.0 risk=$5.00
2026-02-24 09:52:44 | ERROR   | Order XRP/USDT:USDT: bybit {"retCode":10001,"retMsg":"position idx not match position mode","result":{},"retExtInfo":{},"time":1771887164996}
2026-02-24 09:52:44 | DEBUG   | Traceback (most recent call last):
  File "C:\Users\Azuri\Desktop\anewBot\v13pro\bot.py", line 507, in _execute_signal
    order = await ex_mod.place_limit_order(
            ^^^^^^^^^^^^^^^^^^^^^^^^^^^^^^^
        self._ex, symbol, sig.side, qty, entry_price,
        ^^^^^^^^^^^^^^^^^^^^^^^^^^^^^^^^^^^^^^^^^^^^^
        sl_price, tp_price)
        ^^^^^^^^^^^^^^^^^^^
  File "C:\Users\Azuri\Desktop\anewBot\v13pro\exchange.py", line 158, in place_limit_order
    order = await ex.create_order(symbol, "limit", side, qty, price, params=params)
            ^^^^^^^^^^^^^^^^^^^^^^^^^^^^^^^^^^^^^^^^^^^^^^^^^^^^^^^^^^^^^^^^^^^^^^^
  File "C:\Users\Azuri\Desktop\anewBot\.venv\Lib\site-packages\ccxt\async_support\bybit.py", line 3902, in create_order
    response = await self.privatePostV5OrderCreate(orderRequest)
               ^^^^^^^^^^^^^^^^^^^^^^^^^^^^^^^^^^^^^^^^^^^^^^^^^
  File "C:\Users\Azuri\Desktop\anewBot\.venv\Lib\site-packages\ccxt\async_support\base\exchange.py", line 995, in request
    return await self.fetch2(path, api, method, params, headers, body, config)
           ^^^^^^^^^^^^^^^^^^^^^^^^^^^^^^^^^^^^^^^^^^^^^^^^^^^^^^^^^^^^^^^^^^^
  File "C:\Users\Azuri\Desktop\anewBot\.venv\Lib\site-packages\ccxt\async_support\base\exchange.py", line 991, in fetch2
    raise e
  File "C:\Users\Azuri\Desktop\anewBot\.venv\Lib\site-packages\ccxt\async_support\base\exchange.py", line 979, in fetch2
    return await self.fetch(request['url'], request['method'], request['headers'], request['body'])
           ^^^^^^^^^^^^^^^^^^^^^^^^^^^^^^^^^^^^^^^^^^^^^^^^^^^^^^^^^^^^^^^^^^^^^^^^^^^^^^^^^^^^^^^^
  File "C:\Users\Azuri\Desktop\anewBot\.venv\Lib\site-packages\ccxt\async_support\base\exchange.py", line 263, in fetch
    self.handle_errors(http_status_code, http_status_text, url, method, headers, http_response, json_response, request_headers, request_body)
    ~~~~~~~~~~~~~~~~~~^^^^^^^^^^^^^^^^^^^^^^^^^^^^^^^^^^^^^^^^^^^^^^^^^^^^^^^^^^^^^^^^^^^^^^^^^^^^^^^^^^^^^^^^^^^^^^^^^^^^^^^^^^^^^^^^^^^^^^^
  File "C:\Users\Azuri\Desktop\anewBot\.venv\Lib\site-packages\ccxt\async_support\bybit.py", line 9158, in handle_errors
    self.throw_exactly_matched_exception(self.exceptions['exact'], errorCode, feedback)
    ~~~~~~~~~~~~~~~~~~~~~~~~~~~~~~~~~~~~^^^^^^^^^^^^^^^^^^^^^^^^^^^^^^^^^^^^^^^^^^^^^^^
  File "C:\Users\Azuri\Desktop\anewBot\.venv\Lib\site-packages\ccxt\base\exchange.py", line 5435, in throw_exactly_matched_exception
    raise exact[string](message)
ccxt.base.errors.BadRequest: bybit {"retCode":10001,"retMsg":"position idx not match position mode","result":{},"retExtInfo":{},"time":1771887164996}

2026-02-24 09:52:45 | INFO    |   >> LONG AGLD/USDT:USDT [TR_PULL] [HUNTER] conv=54B qty=287.1 entry≈0.315320 SL=0.297910 TP=0.350140 exit=fix2.0 risk=$5.00
2026-02-24 09:52:45 | DEBUG   | Guardian tracking AGLD/USDT:USDT long entry=0.31532 sl=0.29791 exit=fix2.0
2026-02-24 09:52:45 | INFO    |   📈 [92mLONG[0m [1mAGLD[0m @ 0.31532  SL=0.29791  TP=0.35014  qty=287.1  risk=$5.00
2026-02-24 09:52:46 | DEBUG   |   Hunter FARTCOIN/USDT:USDT rejected: grade=C (need >=B)
2026-02-24 09:52:46 | INFO    |   >> LONG BCH/USDT:USDT [BB_FADE] [HUNTER] conv=65B qty=0.65 entry≈501.900000 SL=494.300000 TP=517.100000 exit=fix2.0 risk=$5.00
2026-02-24 09:52:47 | ERROR   | Order BCH/USDT:USDT: bybit {"retCode":110007,"retMsg":"ab not enough for new order","result":{},"retExtInfo":{},"time":1771887167554}
2026-02-24 09:52:47 | DEBUG   | Traceback (most recent call last):
  File "C:\Users\Azuri\Desktop\anewBot\v13pro\bot.py", line 507, in _execute_signal
    order = await ex_mod.place_limit_order(
            ^^^^^^^^^^^^^^^^^^^^^^^^^^^^^^^
        self._ex, symbol, sig.side, qty, entry_price,
        ^^^^^^^^^^^^^^^^^^^^^^^^^^^^^^^^^^^^^^^^^^^^^
        sl_price, tp_price)
        ^^^^^^^^^^^^^^^^^^^
  File "C:\Users\Azuri\Desktop\anewBot\v13pro\exchange.py", line 158, in place_limit_order
    order = await ex.create_order(symbol, "limit", side, qty, price, params=params)
            ^^^^^^^^^^^^^^^^^^^^^^^^^^^^^^^^^^^^^^^^^^^^^^^^^^^^^^^^^^^^^^^^^^^^^^^
  File "C:\Users\Azuri\Desktop\anewBot\.venv\Lib\site-packages\ccxt\async_support\bybit.py", line 3902, in create_order
    response = await self.privatePostV5OrderCreate(orderRequest)
               ^^^^^^^^^^^^^^^^^^^^^^^^^^^^^^^^^^^^^^^^^^^^^^^^^
  File "C:\Users\Azuri\Desktop\anewBot\.venv\Lib\site-packages\ccxt\async_support\base\exchange.py", line 995, in request
    return await self.fetch2(path, api, method, params, headers, body, config)
           ^^^^^^^^^^^^^^^^^^^^^^^^^^^^^^^^^^^^^^^^^^^^^^^^^^^^^^^^^^^^^^^^^^^
  File "C:\Users\Azuri\Desktop\anewBot\.venv\Lib\site-packages\ccxt\async_support\base\exchange.py", line 991, in fetch2
    raise e
  File "C:\Users\Azuri\Desktop\anewBot\.venv\Lib\site-packages\ccxt\async_support\base\exchange.py", line 979, in fetch2
    return await self.fetch(request['url'], request['method'], request['headers'], request['body'])
           ^^^^^^^^^^^^^^^^^^^^^^^^^^^^^^^^^^^^^^^^^^^^^^^^^^^^^^^^^^^^^^^^^^^^^^^^^^^^^^^^^^^^^^^^
  File "C:\Users\Azuri\Desktop\anewBot\.venv\Lib\site-packages\ccxt\async_support\base\exchange.py", line 263, in fetch
    self.handle_errors(http_status_code, http_status_text, url, method, headers, http_response, json_response, request_headers, request_body)
    ~~~~~~~~~~~~~~~~~~^^^^^^^^^^^^^^^^^^^^^^^^^^^^^^^^^^^^^^^^^^^^^^^^^^^^^^^^^^^^^^^^^^^^^^^^^^^^^^^^^^^^^^^^^^^^^^^^^^^^^^^^^^^^^^^^^^^^^^^
  File "C:\Users\Azuri\Desktop\anewBot\.venv\Lib\site-packages\ccxt\async_support\bybit.py", line 9158, in handle_errors
    self.throw_exactly_matched_exception(self.exceptions['exact'], errorCode, feedback)
    ~~~~~~~~~~~~~~~~~~~~~~~~~~~~~~~~~~~~^^^^^^^^^^^^^^^^^^^^^^^^^^^^^^^^^^^^^^^^^^^^^^^
  File "C:\Users\Azuri\Desktop\anewBot\.venv\Lib\site-packages\ccxt\base\exchange.py", line 5435, in throw_exactly_matched_exception
    raise exact[string](message)
ccxt.base.errors.InsufficientFunds: bybit {"retCode":110007,"retMsg":"ab not enough for new order","result":{},"retExtInfo":{},"time":1771887167554}

2026-02-24 09:52:47 | INFO    |   >> SHORT ADA/USDT:USDT [TR_PULL] [HUNTER] conv=58B qty=3433.0 entry≈0.264000 SL=0.265500 TP=0.261100 exit=fix2.0 risk=$5.00
2026-02-24 09:52:48 | ERROR   | Order ADA/USDT:USDT: bybit {"retCode":110007,"retMsg":"ab not enough for new order","result":{},"retExtInfo":{},"time":1771887168720}
2026-02-24 09:52:48 | DEBUG   | Traceback (most recent call last):
  File "C:\Users\Azuri\Desktop\anewBot\v13pro\bot.py", line 507, in _execute_signal
    order = await ex_mod.place_limit_order(
            ^^^^^^^^^^^^^^^^^^^^^^^^^^^^^^^
        self._ex, symbol, sig.side, qty, entry_price,
        ^^^^^^^^^^^^^^^^^^^^^^^^^^^^^^^^^^^^^^^^^^^^^
        sl_price, tp_price)
        ^^^^^^^^^^^^^^^^^^^
  File "C:\Users\Azuri\Desktop\anewBot\v13pro\exchange.py", line 158, in place_limit_order
    order = await ex.create_order(symbol, "limit", side, qty, price, params=params)
            ^^^^^^^^^^^^^^^^^^^^^^^^^^^^^^^^^^^^^^^^^^^^^^^^^^^^^^^^^^^^^^^^^^^^^^^
  File "C:\Users\Azuri\Desktop\anewBot\.venv\Lib\site-packages\ccxt\async_support\bybit.py", line 3902, in create_order
    response = await self.privatePostV5OrderCreate(orderRequest)
               ^^^^^^^^^^^^^^^^^^^^^^^^^^^^^^^^^^^^^^^^^^^^^^^^^
  File "C:\Users\Azuri\Desktop\anewBot\.venv\Lib\site-packages\ccxt\async_support\base\exchange.py", line 995, in request
    return await self.fetch2(path, api, method, params, headers, body, config)
           ^^^^^^^^^^^^^^^^^^^^^^^^^^^^^^^^^^^^^^^^^^^^^^^^^^^^^^^^^^^^^^^^^^^
  File "C:\Users\Azuri\Desktop\anewBot\.venv\Lib\site-packages\ccxt\async_support\base\exchange.py", line 991, in fetch2
    raise e
  File "C:\Users\Azuri\Desktop\anewBot\.venv\Lib\site-packages\ccxt\async_support\base\exchange.py", line 979, in fetch2
    return await self.fetch(request['url'], request['method'], request['headers'], request['body'])
           ^^^^^^^^^^^^^^^^^^^^^^^^^^^^^^^^^^^^^^^^^^^^^^^^^^^^^^^^^^^^^^^^^^^^^^^^^^^^^^^^^^^^^^^^
  File "C:\Users\Azuri\Desktop\anewBot\.venv\Lib\site-packages\ccxt\async_support\base\exchange.py", line 263, in fetch
    self.handle_errors(http_status_code, http_status_text, url, method, headers, http_response, json_response, request_headers, request_body)
    ~~~~~~~~~~~~~~~~~~^^^^^^^^^^^^^^^^^^^^^^^^^^^^^^^^^^^^^^^^^^^^^^^^^^^^^^^^^^^^^^^^^^^^^^^^^^^^^^^^^^^^^^^^^^^^^^^^^^^^^^^^^^^^^^^^^^^^^^^
  File "C:\Users\Azuri\Desktop\anewBot\.venv\Lib\site-packages\ccxt\async_support\bybit.py", line 9158, in handle_errors
    self.throw_exactly_matched_exception(self.exceptions['exact'], errorCode, feedback)
    ~~~~~~~~~~~~~~~~~~~~~~~~~~~~~~~~~~~~^^^^^^^^^^^^^^^^^^^^^^^^^^^^^^^^^^^^^^^^^^^^^^^
  File "C:\Users\Azuri\Desktop\anewBot\.venv\Lib\site-packages\ccxt\base\exchange.py", line 5435, in throw_exactly_matched_exception
    raise exact[string](message)
ccxt.base.errors.InsufficientFunds: bybit {"retCode":110007,"retMsg":"ab not enough for new order","result":{},"retExtInfo":{},"time":1771887168720}

2026-02-24 09:52:48 | INFO    | Guardian: AGLD/USDT:USDT position gone -- resolving
2026-02-24 09:52:48 | INFO    |   >> SHORT POWER/USDT:USDT [BB_FADE] [HUNTER] conv=61B qty=127.0 entry≈0.480620 SL=0.519720 TP=0.402410 exit=fix2.0 risk=$5.00
2026-02-24 09:52:49 | ERROR   | Order POWER/USDT:USDT: bybit {"retCode":110007,"retMsg":"ab not enough for new order","result":{},"retExtInfo":{},"time":1771887169740}
2026-02-24 09:52:49 | DEBUG   | Traceback (most recent call last):
  File "C:\Users\Azuri\Desktop\anewBot\v13pro\bot.py", line 507, in _execute_signal
    order = await ex_mod.place_limit_order(
            ^^^^^^^^^^^^^^^^^^^^^^^^^^^^^^^
        self._ex, symbol, sig.side, qty, entry_price,
        ^^^^^^^^^^^^^^^^^^^^^^^^^^^^^^^^^^^^^^^^^^^^^
        sl_price, tp_price)
        ^^^^^^^^^^^^^^^^^^^
  File "C:\Users\Azuri\Desktop\anewBot\v13pro\exchange.py", line 158, in place_limit_order
    order = await ex.create_order(symbol, "limit", side, qty, price, params=params)
            ^^^^^^^^^^^^^^^^^^^^^^^^^^^^^^^^^^^^^^^^^^^^^^^^^^^^^^^^^^^^^^^^^^^^^^^
  File "C:\Users\Azuri\Desktop\anewBot\.venv\Lib\site-packages\ccxt\async_support\bybit.py", line 3902, in create_order
    response = await self.privatePostV5OrderCreate(orderRequest)
               ^^^^^^^^^^^^^^^^^^^^^^^^^^^^^^^^^^^^^^^^^^^^^^^^^
  File "C:\Users\Azuri\Desktop\anewBot\.venv\Lib\site-packages\ccxt\async_support\base\exchange.py", line 995, in request
    return await self.fetch2(path, api, method, params, headers, body, config)
           ^^^^^^^^^^^^^^^^^^^^^^^^^^^^^^^^^^^^^^^^^^^^^^^^^^^^^^^^^^^^^^^^^^^
  File "C:\Users\Azuri\Desktop\anewBot\.venv\Lib\site-packages\ccxt\async_support\base\exchange.py", line 991, in fetch2
    raise e
  File "C:\Users\Azuri\Desktop\anewBot\.venv\Lib\site-packages\ccxt\async_support\base\exchange.py", line 979, in fetch2
    return await self.fetch(request['url'], request['method'], request['headers'], request['body'])
           ^^^^^^^^^^^^^^^^^^^^^^^^^^^^^^^^^^^^^^^^^^^^^^^^^^^^^^^^^^^^^^^^^^^^^^^^^^^^^^^^^^^^^^^^
  File "C:\Users\Azuri\Desktop\anewBot\.venv\Lib\site-packages\ccxt\async_support\base\exchange.py", line 263, in fetch
    self.handle_errors(http_status_code, http_status_text, url, method, headers, http_response, json_response, request_headers, request_body)
    ~~~~~~~~~~~~~~~~~~^^^^^^^^^^^^^^^^^^^^^^^^^^^^^^^^^^^^^^^^^^^^^^^^^^^^^^^^^^^^^^^^^^^^^^^^^^^^^^^^^^^^^^^^^^^^^^^^^^^^^^^^^^^^^^^^^^^^^^^
  File "C:\Users\Azuri\Desktop\anewBot\.venv\Lib\site-packages\ccxt\async_support\bybit.py", line 9158, in handle_errors
    self.throw_exactly_matched_exception(self.exceptions['exact'], errorCode, feedback)
    ~~~~~~~~~~~~~~~~~~~~~~~~~~~~~~~~~~~~^^^^^^^^^^^^^^^^^^^^^^^^^^^^^^^^^^^^^^^^^^^^^^^
  File "C:\Users\Azuri\Desktop\anewBot\.venv\Lib\site-packages\ccxt\base\exchange.py", line 5435, in throw_exactly_matched_exception
    raise exact[string](message)
ccxt.base.errors.InsufficientFunds: bybit {"retCode":110007,"retMsg":"ab not enough for new order","result":{},"retExtInfo":{},"time":1771887169740}

2026-02-24 09:52:49 | INFO    |   >> LONG ENSO/USDT:USDT [TR_PULL] [HUNTER] conv=63B qty=82.7 entry≈1.975400 SL=1.915000 TP=2.096200 exit=fix2.0 risk=$5.00
2026-02-24 09:52:50 | INFO    |   ✅ [1mAGLD[0m closed (tp) [92m+0.00R[0m ([92m$+0.00[0m)
2026-02-24 09:52:50 | DEBUG   | Aftermath scheduled: AGLD/USDT:USDT (tp) exit=0.395480
2026-02-24 09:52:50 | INFO    |   ✅ AGLD/USDT:USDT: +0.00R ($+0.00) [tp] conv=54B | Equity: $499.90 | Phase 2: Growth → $1K
2026-02-24 09:52:50 | ERROR   | Order ENSO/USDT:USDT: bybit {"retCode":110007,"retMsg":"ab not enough for new order","result":{},"retExtInfo":{},"time":1771887170833}
2026-02-24 09:52:50 | DEBUG   | Traceback (most recent call last):
  File "C:\Users\Azuri\Desktop\anewBot\v13pro\bot.py", line 507, in _execute_signal
    order = await ex_mod.place_limit_order(
            ^^^^^^^^^^^^^^^^^^^^^^^^^^^^^^^
        self._ex, symbol, sig.side, qty, entry_price,
        ^^^^^^^^^^^^^^^^^^^^^^^^^^^^^^^^^^^^^^^^^^^^^
        sl_price, tp_price)
        ^^^^^^^^^^^^^^^^^^^
  File "C:\Users\Azuri\Desktop\anewBot\v13pro\exchange.py", line 158, in place_limit_order
    order = await ex.create_order(symbol, "limit", side, qty, price, params=params)
            ^^^^^^^^^^^^^^^^^^^^^^^^^^^^^^^^^^^^^^^^^^^^^^^^^^^^^^^^^^^^^^^^^^^^^^^
  File "C:\Users\Azuri\Desktop\anewBot\.venv\Lib\site-packages\ccxt\async_support\bybit.py", line 3902, in create_order
    response = await self.privatePostV5OrderCreate(orderRequest)
               ^^^^^^^^^^^^^^^^^^^^^^^^^^^^^^^^^^^^^^^^^^^^^^^^^
  File "C:\Users\Azuri\Desktop\anewBot\.venv\Lib\site-packages\ccxt\async_support\base\exchange.py", line 995, in request
    return await self.fetch2(path, api, method, params, headers, body, config)
           ^^^^^^^^^^^^^^^^^^^^^^^^^^^^^^^^^^^^^^^^^^^^^^^^^^^^^^^^^^^^^^^^^^^
  File "C:\Users\Azuri\Desktop\anewBot\.venv\Lib\site-packages\ccxt\async_support\base\exchange.py", line 991, in fetch2
    raise e
  File "C:\Users\Azuri\Desktop\anewBot\.venv\Lib\site-packages\ccxt\async_support\base\exchange.py", line 979, in fetch2
    return await self.fetch(request['url'], request['method'], request['headers'], request['body'])
           ^^^^^^^^^^^^^^^^^^^^^^^^^^^^^^^^^^^^^^^^^^^^^^^^^^^^^^^^^^^^^^^^^^^^^^^^^^^^^^^^^^^^^^^^
  File "C:\Users\Azuri\Desktop\anewBot\.venv\Lib\site-packages\ccxt\async_support\base\exchange.py", line 263, in fetch
    self.handle_errors(http_status_code, http_status_text, url, method, headers, http_response, json_response, request_headers, request_body)
    ~~~~~~~~~~~~~~~~~~^^^^^^^^^^^^^^^^^^^^^^^^^^^^^^^^^^^^^^^^^^^^^^^^^^^^^^^^^^^^^^^^^^^^^^^^^^^^^^^^^^^^^^^^^^^^^^^^^^^^^^^^^^^^^^^^^^^^^^^
  File "C:\Users\Azuri\Desktop\anewBot\.venv\Lib\site-packages\ccxt\async_support\bybit.py", line 9158, in handle_errors
    self.throw_exactly_matched_exception(self.exceptions['exact'], errorCode, feedback)
    ~~~~~~~~~~~~~~~~~~~~~~~~~~~~~~~~~~~~^^^^^^^^^^^^^^^^^^^^^^^^^^^^^^^^^^^^^^^^^^^^^^^
  File "C:\Users\Azuri\Desktop\anewBot\.venv\Lib\site-packages\ccxt\base\exchange.py", line 5435, in throw_exactly_matched_exception
    raise exact[string](message)
ccxt.base.errors.InsufficientFunds: bybit {"retCode":110007,"retMsg":"ab not enough for new order","result":{},"retExtInfo":{},"time":1771887170833}

2026-02-24 09:52:50 | INFO    |   >> LONG LA/USDT:USDT [BB_FADE] [HUNTER] conv=60B qty=1531.3 entry≈0.228020 SL=0.224760 TP=0.234550 exit=fix2.0 risk=$5.00
2026-02-24 09:52:51 | ERROR   | Order LA/USDT:USDT: bybit {"retCode":110007,"retMsg":"ab not enough for new order","result":{},"retExtInfo":{},"time":1771887171875}
2026-02-24 09:52:51 | DEBUG   | Traceback (most recent call last):
  File "C:\Users\Azuri\Desktop\anewBot\v13pro\bot.py", line 507, in _execute_signal
    order = await ex_mod.place_limit_order(
            ^^^^^^^^^^^^^^^^^^^^^^^^^^^^^^^
        self._ex, symbol, sig.side, qty, entry_price,
        ^^^^^^^^^^^^^^^^^^^^^^^^^^^^^^^^^^^^^^^^^^^^^
        sl_price, tp_price)
        ^^^^^^^^^^^^^^^^^^^
  File "C:\Users\Azuri\Desktop\anewBot\v13pro\exchange.py", line 158, in place_limit_order
    order = await ex.create_order(symbol, "limit", side, qty, price, params=params)
            ^^^^^^^^^^^^^^^^^^^^^^^^^^^^^^^^^^^^^^^^^^^^^^^^^^^^^^^^^^^^^^^^^^^^^^^
  File "C:\Users\Azuri\Desktop\anewBot\.venv\Lib\site-packages\ccxt\async_support\bybit.py", line 3902, in create_order
    response = await self.privatePostV5OrderCreate(orderRequest)
               ^^^^^^^^^^^^^^^^^^^^^^^^^^^^^^^^^^^^^^^^^^^^^^^^^
  File "C:\Users\Azuri\Desktop\anewBot\.venv\Lib\site-packages\ccxt\async_support\base\exchange.py", line 995, in request
    return await self.fetch2(path, api, method, params, headers, body, config)
           ^^^^^^^^^^^^^^^^^^^^^^^^^^^^^^^^^^^^^^^^^^^^^^^^^^^^^^^^^^^^^^^^^^^
  File "C:\Users\Azuri\Desktop\anewBot\.venv\Lib\site-packages\ccxt\async_support\base\exchange.py", line 991, in fetch2
    raise e
  File "C:\Users\Azuri\Desktop\anewBot\.venv\Lib\site-packages\ccxt\async_support\base\exchange.py", line 979, in fetch2
    return await self.fetch(request['url'], request['method'], request['headers'], request['body'])
           ^^^^^^^^^^^^^^^^^^^^^^^^^^^^^^^^^^^^^^^^^^^^^^^^^^^^^^^^^^^^^^^^^^^^^^^^^^^^^^^^^^^^^^^^
  File "C:\Users\Azuri\Desktop\anewBot\.venv\Lib\site-packages\ccxt\async_support\base\exchange.py", line 263, in fetch
    self.handle_errors(http_status_code, http_status_text, url, method, headers, http_response, json_response, request_headers, request_body)
    ~~~~~~~~~~~~~~~~~~^^^^^^^^^^^^^^^^^^^^^^^^^^^^^^^^^^^^^^^^^^^^^^^^^^^^^^^^^^^^^^^^^^^^^^^^^^^^^^^^^^^^^^^^^^^^^^^^^^^^^^^^^^^^^^^^^^^^^^^
  File "C:\Users\Azuri\Desktop\anewBot\.venv\Lib\site-packages\ccxt\async_support\bybit.py", line 9158, in handle_errors
    self.throw_exactly_matched_exception(self.exceptions['exact'], errorCode, feedback)
    ~~~~~~~~~~~~~~~~~~~~~~~~~~~~~~~~~~~~^^^^^^^^^^^^^^^^^^^^^^^^^^^^^^^^^^^^^^^^^^^^^^^
  File "C:\Users\Azuri\Desktop\anewBot\.venv\Lib\site-packages\ccxt\base\exchange.py", line 5435, in throw_exactly_matched_exception
    raise exact[string](message)
ccxt.base.errors.InsufficientFunds: bybit {"retCode":110007,"retMsg":"ab not enough for new order","result":{},"retExtInfo":{},"time":1771887171875}

2026-02-24 09:52:51 | DEBUG   |   Hunter LA/USDT:USDT rejected: grade=C (need >=B)
2026-02-24 09:52:52 | INFO    |   >> SHORT ZEC/USDT:USDT [EMA_RIB] [HUNTER] conv=76A qty=3.78 entry≈239.760000 SL=241.210000 TP=236.860000 exit=fix2.0 risk=$5.50
2026-02-24 09:52:53 | ERROR   | Order ZEC/USDT:USDT: bybit {"retCode":110007,"retMsg":"ab not enough for new order","result":{},"retExtInfo":{},"time":1771887173293}
2026-02-24 09:52:53 | DEBUG   | Traceback (most recent call last):
  File "C:\Users\Azuri\Desktop\anewBot\v13pro\bot.py", line 507, in _execute_signal
    order = await ex_mod.place_limit_order(
            ^^^^^^^^^^^^^^^^^^^^^^^^^^^^^^^
        self._ex, symbol, sig.side, qty, entry_price,
        ^^^^^^^^^^^^^^^^^^^^^^^^^^^^^^^^^^^^^^^^^^^^^
        sl_price, tp_price)
        ^^^^^^^^^^^^^^^^^^^
  File "C:\Users\Azuri\Desktop\anewBot\v13pro\exchange.py", line 158, in place_limit_order
    order = await ex.create_order(symbol, "limit", side, qty, price, params=params)
            ^^^^^^^^^^^^^^^^^^^^^^^^^^^^^^^^^^^^^^^^^^^^^^^^^^^^^^^^^^^^^^^^^^^^^^^
  File "C:\Users\Azuri\Desktop\anewBot\.venv\Lib\site-packages\ccxt\async_support\bybit.py", line 3902, in create_order
    response = await self.privatePostV5OrderCreate(orderRequest)
               ^^^^^^^^^^^^^^^^^^^^^^^^^^^^^^^^^^^^^^^^^^^^^^^^^
  File "C:\Users\Azuri\Desktop\anewBot\.venv\Lib\site-packages\ccxt\async_support\base\exchange.py", line 995, in request
    return await self.fetch2(path, api, method, params, headers, body, config)
           ^^^^^^^^^^^^^^^^^^^^^^^^^^^^^^^^^^^^^^^^^^^^^^^^^^^^^^^^^^^^^^^^^^^
  File "C:\Users\Azuri\Desktop\anewBot\.venv\Lib\site-packages\ccxt\async_support\base\exchange.py", line 991, in fetch2
    raise e
  File "C:\Users\Azuri\Desktop\anewBot\.venv\Lib\site-packages\ccxt\async_support\base\exchange.py", line 979, in fetch2
    return await self.fetch(request['url'], request['method'], request['headers'], request['body'])
           ^^^^^^^^^^^^^^^^^^^^^^^^^^^^^^^^^^^^^^^^^^^^^^^^^^^^^^^^^^^^^^^^^^^^^^^^^^^^^^^^^^^^^^^^
  File "C:\Users\Azuri\Desktop\anewBot\.venv\Lib\site-packages\ccxt\async_support\base\exchange.py", line 263, in fetch
    self.handle_errors(http_status_code, http_status_text, url, method, headers, http_response, json_response, request_headers, request_body)
    ~~~~~~~~~~~~~~~~~~^^^^^^^^^^^^^^^^^^^^^^^^^^^^^^^^^^^^^^^^^^^^^^^^^^^^^^^^^^^^^^^^^^^^^^^^^^^^^^^^^^^^^^^^^^^^^^^^^^^^^^^^^^^^^^^^^^^^^^^
  File "C:\Users\Azuri\Desktop\anewBot\.venv\Lib\site-packages\ccxt\async_support\bybit.py", line 9158, in handle_errors
    self.throw_exactly_matched_exception(self.exceptions['exact'], errorCode, feedback)
    ~~~~~~~~~~~~~~~~~~~~~~~~~~~~~~~~~~~~^^^^^^^^^^^^^^^^^^^^^^^^^^^^^^^^^^^^^^^^^^^^^^^
  File "C:\Users\Azuri\Desktop\anewBot\.venv\Lib\site-packages\ccxt\base\exchange.py", line 5435, in throw_exactly_matched_exception
    raise exact[string](message)
ccxt.base.errors.InsufficientFunds: bybit {"retCode":110007,"retMsg":"ab not enough for new order","result":{},"retExtInfo":{},"time":1771887173293}

2026-02-24 09:52:53 | INFO    |   >> SHORT ZEC/USDT:USDT [TR_PULL] [HUNTER] conv=76A qty=3.78 entry≈239.760000 SL=241.210000 TP=236.860000 exit=fix2.0 risk=$5.50
2026-02-24 09:52:54 | ERROR   | Order ZEC/USDT:USDT: bybit {"retCode":110007,"retMsg":"ab not enough for new order","result":{},"retExtInfo":{},"time":1771887174941}
2026-02-24 09:52:54 | DEBUG   | Traceback (most recent call last):
  File "C:\Users\Azuri\Desktop\anewBot\v13pro\bot.py", line 507, in _execute_signal
    order = await ex_mod.place_limit_order(
            ^^^^^^^^^^^^^^^^^^^^^^^^^^^^^^^
        self._ex, symbol, sig.side, qty, entry_price,
        ^^^^^^^^^^^^^^^^^^^^^^^^^^^^^^^^^^^^^^^^^^^^^
        sl_price, tp_price)
        ^^^^^^^^^^^^^^^^^^^
  File "C:\Users\Azuri\Desktop\anewBot\v13pro\exchange.py", line 158, in place_limit_order
    order = await ex.create_order(symbol, "limit", side, qty, price, params=params)
            ^^^^^^^^^^^^^^^^^^^^^^^^^^^^^^^^^^^^^^^^^^^^^^^^^^^^^^^^^^^^^^^^^^^^^^^
  File "C:\Users\Azuri\Desktop\anewBot\.venv\Lib\site-packages\ccxt\async_support\bybit.py", line 3902, in create_order
    response = await self.privatePostV5OrderCreate(orderRequest)
               ^^^^^^^^^^^^^^^^^^^^^^^^^^^^^^^^^^^^^^^^^^^^^^^^^
  File "C:\Users\Azuri\Desktop\anewBot\.venv\Lib\site-packages\ccxt\async_support\base\exchange.py", line 995, in request
    return await self.fetch2(path, api, method, params, headers, body, config)
           ^^^^^^^^^^^^^^^^^^^^^^^^^^^^^^^^^^^^^^^^^^^^^^^^^^^^^^^^^^^^^^^^^^^
  File "C:\Users\Azuri\Desktop\anewBot\.venv\Lib\site-packages\ccxt\async_support\base\exchange.py", line 991, in fetch2
    raise e
  File "C:\Users\Azuri\Desktop\anewBot\.venv\Lib\site-packages\ccxt\async_support\base\exchange.py", line 979, in fetch2
    return await self.fetch(request['url'], request['method'], request['headers'], request['body'])
           ^^^^^^^^^^^^^^^^^^^^^^^^^^^^^^^^^^^^^^^^^^^^^^^^^^^^^^^^^^^^^^^^^^^^^^^^^^^^^^^^^^^^^^^^
  File "C:\Users\Azuri\Desktop\anewBot\.venv\Lib\site-packages\ccxt\async_support\base\exchange.py", line 263, in fetch
    self.handle_errors(http_status_code, http_status_text, url, method, headers, http_response, json_response, request_headers, request_body)
    ~~~~~~~~~~~~~~~~~~^^^^^^^^^^^^^^^^^^^^^^^^^^^^^^^^^^^^^^^^^^^^^^^^^^^^^^^^^^^^^^^^^^^^^^^^^^^^^^^^^^^^^^^^^^^^^^^^^^^^^^^^^^^^^^^^^^^^^^^
  File "C:\Users\Azuri\Desktop\anewBot\.venv\Lib\site-packages\ccxt\async_support\bybit.py", line 9158, in handle_errors
    self.throw_exactly_matched_exception(self.exceptions['exact'], errorCode, feedback)
    ~~~~~~~~~~~~~~~~~~~~~~~~~~~~~~~~~~~~^^^^^^^^^^^^^^^^^^^^^^^^^^^^^^^^^^^^^^^^^^^^^^^
  File "C:\Users\Azuri\Desktop\anewBot\.venv\Lib\site-packages\ccxt\base\exchange.py", line 5435, in throw_exactly_matched_exception
    raise exact[string](message)
ccxt.base.errors.InsufficientFunds: bybit {"retCode":110007,"retMsg":"ab not enough for new order","result":{},"retExtInfo":{},"time":1771887174941}

2026-02-24 09:52:54 | INFO    |   >> SHORT RAVE/USDT:USDT [IB_BREAK] [HUNTER] conv=69A qty=898.0 entry≈0.294440 SL=0.300560 TP=0.282200 exit=fix2.0 risk=$5.50
2026-02-24 09:52:55 | ERROR   | Order RAVE/USDT:USDT: bybit {"retCode":110007,"retMsg":"ab not enough for new order","result":{},"retExtInfo":{},"time":1771887175912}
2026-02-24 09:52:55 | DEBUG   | Traceback (most recent call last):
  File "C:\Users\Azuri\Desktop\anewBot\v13pro\bot.py", line 507, in _execute_signal
    order = await ex_mod.place_limit_order(
            ^^^^^^^^^^^^^^^^^^^^^^^^^^^^^^^
        self._ex, symbol, sig.side, qty, entry_price,
        ^^^^^^^^^^^^^^^^^^^^^^^^^^^^^^^^^^^^^^^^^^^^^
        sl_price, tp_price)
        ^^^^^^^^^^^^^^^^^^^
  File "C:\Users\Azuri\Desktop\anewBot\v13pro\exchange.py", line 158, in place_limit_order
    order = await ex.create_order(symbol, "limit", side, qty, price, params=params)
            ^^^^^^^^^^^^^^^^^^^^^^^^^^^^^^^^^^^^^^^^^^^^^^^^^^^^^^^^^^^^^^^^^^^^^^^
  File "C:\Users\Azuri\Desktop\anewBot\.venv\Lib\site-packages\ccxt\async_support\bybit.py", line 3902, in create_order
    response = await self.privatePostV5OrderCreate(orderRequest)
               ^^^^^^^^^^^^^^^^^^^^^^^^^^^^^^^^^^^^^^^^^^^^^^^^^
  File "C:\Users\Azuri\Desktop\anewBot\.venv\Lib\site-packages\ccxt\async_support\base\exchange.py", line 995, in request
    return await self.fetch2(path, api, method, params, headers, body, config)
           ^^^^^^^^^^^^^^^^^^^^^^^^^^^^^^^^^^^^^^^^^^^^^^^^^^^^^^^^^^^^^^^^^^^
  File "C:\Users\Azuri\Desktop\anewBot\.venv\Lib\site-packages\ccxt\async_support\base\exchange.py", line 991, in fetch2
    raise e
  File "C:\Users\Azuri\Desktop\anewBot\.venv\Lib\site-packages\ccxt\async_support\base\exchange.py", line 979, in fetch2
    return await self.fetch(request['url'], request['method'], request['headers'], request['body'])
           ^^^^^^^^^^^^^^^^^^^^^^^^^^^^^^^^^^^^^^^^^^^^^^^^^^^^^^^^^^^^^^^^^^^^^^^^^^^^^^^^^^^^^^^^
  File "C:\Users\Azuri\Desktop\anewBot\.venv\Lib\site-packages\ccxt\async_support\base\exchange.py", line 263, in fetch
    self.handle_errors(http_status_code, http_status_text, url, method, headers, http_response, json_response, request_headers, request_body)
    ~~~~~~~~~~~~~~~~~~^^^^^^^^^^^^^^^^^^^^^^^^^^^^^^^^^^^^^^^^^^^^^^^^^^^^^^^^^^^^^^^^^^^^^^^^^^^^^^^^^^^^^^^^^^^^^^^^^^^^^^^^^^^^^^^^^^^^^^^
  File "C:\Users\Azuri\Desktop\anewBot\.venv\Lib\site-packages\ccxt\async_support\bybit.py", line 9158, in handle_errors
    self.throw_exactly_matched_exception(self.exceptions['exact'], errorCode, feedback)
    ~~~~~~~~~~~~~~~~~~~~~~~~~~~~~~~~~~~~^^^^^^^^^^^^^^^^^^^^^^^^^^^^^^^^^^^^^^^^^^^^^^^
  File "C:\Users\Azuri\Desktop\anewBot\.venv\Lib\site-packages\ccxt\base\exchange.py", line 5435, in throw_exactly_matched_exception
    raise exact[string](message)
ccxt.base.errors.InsufficientFunds: bybit {"retCode":110007,"retMsg":"ab not enough for new order","result":{},"retExtInfo":{},"time":1771887175912}

2026-02-24 09:54:46 | WARNING |   Cancel AGLD/USDT:USDT: bybit {"retCode":110001,"retMsg":"order not exists or too late to cancel","result":{},"retExtInfo":{},"time":1771887286555}
2026-02-24 09:55:00 | INFO    | 
[96m══════════════════════════════════════════════════════════[0m
2026-02-24 09:55:00 | INFO    |   🤖 [1m[97mv13pro LIVE DASHBOARD[0m    [92m🟢 TRADING[0m
2026-02-24 09:55:00 | INFO    |   [2m2026-02-23 22:55:00 UTC[0m   [2mSession: ny[0m
2026-02-24 09:55:00 | INFO    | [96m══════════════════════════════════════════════════════════[0m
2026-02-24 09:55:00 | INFO    |   [1m💰 EQUITY[0m
2026-02-24 09:55:00 | INFO    |      Balance   [93m[1m$499.90[0m               Peak  $500.72
2026-02-24 09:55:00 | INFO    |      Growth    [91m-0.0%[0m                DD    [92m0.2%[0m
2026-02-24 09:55:00 | INFO    |      Target    $5,000       [92m█[2m░░░░░░░░░░░░░░░░░░░[0m 10%
2026-02-24 09:55:00 | INFO    |      [2mPhase 2: Growth → $1K[0m
2026-02-24 09:55:00 | INFO    |   [2m──────────────────────────────────────────────────────[0m
2026-02-24 09:55:00 | INFO    |   [1m📊 TRADING[0m
2026-02-24 09:55:00 | INFO    |      Positions [97m1[0m / 6              Scans   30
2026-02-24 09:55:00 | INFO    |      Signals   0                Trades  3
2026-02-24 09:55:00 | INFO    |      Wins      [92m1[0m                Losses  [91m19[0m
2026-02-24 09:55:00 | INFO    |      Win Rate  [91m5.0%[0m              PnL     [91m-20.09R[0m ([91m$-110.56[0m)
2026-02-24 09:55:00 | INFO    |   [2m──────────────────────────────────────────────────────[0m
2026-02-24 09:55:00 | INFO    |   [1m🧠 INTELLIGENCE[0m
2026-02-24 09:55:00 | INFO    |      🎯 Skill     min=20  eval=327  pass=317  rej=10
2026-02-24 09:55:00 | INFO    |      📚 Learner   6 outcomes tracked
2026-02-24 09:55:00 | INFO    |      🔍 Aftermath 0 done, 2 pending
2026-02-24 09:55:00 | INFO    |      💚 Watchdog  [92mHEALTHY[0m     📡 WS  74 buffers
2026-02-24 09:55:00 | INFO    |      🔭 Hunter    112 non-portfolio signals
2026-02-24 09:55:00 | INFO    |      🧬 DNA       3 records  [2m0 proven clusters[0m
2026-02-24 09:55:00 | INFO    |   [2m──────────────────────────────────────────────────────[0m
2026-02-24 09:55:00 | INFO    |   [1m⚙️  CONFIG[0m
2026-02-24 09:55:00 | INFO    |      Risk       [93m2.0%[0m   Lev  [93m10x[0m   MaxPos [93m6[0m
2026-02-24 09:55:00 | INFO    |      Maker TP   [92mON[0m              Maker Entry  [92mON[0m
2026-02-24 09:55:00 | INFO    |      Combos     48                Pairs  35
2026-02-24 09:55:00 | INFO    |      Uptime     0.4h
2026-02-24 09:55:00 | INFO    | [96m══════════════════════════════════════════════════════════[0m

2026-02-24 10:01:39 | INFO    |   Registry: skipped 2 combos (delisted pairs)
2026-02-24 10:01:39 | INFO    |   DNA Profiler: loaded 3 records
2026-02-24 10:01:39 | INFO    | 
[96m══════════════════════════════════════════════════════════[0m
2026-02-24 10:01:39 | INFO    |   🛫 [1m[97mPREFLIGHT CHECK[0m
2026-02-24 10:01:39 | INFO    | [96m══════════════════════════════════════════════════════════[0m
2026-02-24 10:01:39 | INFO    |   [92m✅ PASS[0m  [1mimports        [0m [2m15 modules OK[0m
2026-02-24 10:01:39 | INFO    |   [92m✅ PASS[0m  [1mconfig         [0m [2mAll config params valid[0m
2026-02-24 10:01:39 | INFO    |   [92m✅ PASS[0m  [1mapi_keys       [0m [2mKey: AjbKwn...nyta[0m
2026-02-24 10:01:39 | INFO    |   [92m✅ PASS[0m  [1mcombos         [0m [2m50 combos, 40 pairs, 3 TFs[0m
2026-02-24 10:01:39 | INFO    |   [92m✅ PASS[0m  [1mstrategies     [0m [2m12 strategies OK[0m
2026-02-24 10:01:39 | INFO    |   [92m✅ PASS[0m  [1mstate          [0m [2mEquity: $499.88, trades: 20[0m
2026-02-24 10:01:39 | INFO    |   [92m✅ PASS[0m  [1mdisk           [0m [2m276211MB free[0m
2026-02-24 10:01:39 | INFO    |   [92m✅ PASS[0m  [1mlog_dir        [0m [2mC:\Users\Azuri\Desktop\anewBot\v13pro\logs[0m
2026-02-24 10:01:39 | INFO    |   [2m──────────────────────────────────────────────────────[0m
2026-02-24 10:01:39 | INFO    |   [92m🟢 ALL 8 CHECKS PASSED[0m [2m(0 warnings)[0m
2026-02-24 10:01:39 | INFO    | [96m══════════════════════════════════════════════════════════[0m

2026-02-24 10:01:39 | INFO    | 
[96m══════════════════════════════════════════════════════════[0m
2026-02-24 10:01:39 | INFO    |   🤖 [1m[97mv13pro FCB Bot[0m    [91m[1m🔴 LIVE TRADING[0m
2026-02-24 10:01:39 | INFO    | [96m══════════════════════════════════════════════════════════[0m
2026-02-24 10:01:39 | INFO    |   [1m📦 PORTFOLIO[0m
2026-02-24 10:01:39 | INFO    |      Combos     [92m48[0m              Pairs  [92m35[0m
2026-02-24 10:01:39 | INFO    |      Timeframes [92m['15m', '1h', '30m'][0m
2026-02-24 10:01:39 | INFO    |   [2m──────────────────────────────────────────────────────[0m
2026-02-24 10:01:39 | INFO    |   [1m⚙️  EXECUTION[0m
2026-02-24 10:01:39 | INFO    |      Maker TP   [92mON[0m
2026-02-24 10:01:39 | INFO    |      Maker Entry[92m ON[0m
2026-02-24 10:01:39 | INFO    |      Skill min  [93m20[0m
2026-02-24 10:01:39 | INFO    |      Risk       [93m2.0%[0m   Lev  [93m8x[0m   MaxPos  [93m7[0m
2026-02-24 10:01:39 | INFO    | [96m══════════════════════════════════════════════════════════[0m

2026-02-24 10:01:42 | INFO    | Connected to Bybit (MAINNET) — 3505 markets loaded [async]
2026-02-24 10:01:43 | INFO    | Equity: $499.88 | Peak: $500.72
2026-02-24 10:01:45 | INFO    |   📡 WSData: starting 39 subscriptions across 3 TFs
2026-02-24 10:01:56 | INFO    |   📡 WSData: pre-fetched 39 buffers (220 bars each)
2026-02-24 10:01:56 | INFO    |   📡 WSData: 4 stream tasks launched
2026-02-24 10:01:56 | INFO    | Guardian started (async)
2026-02-24 10:01:56 | DEBUG   | Guardian tracking PIPPIN/USDT:USDT long entry=0.73503 sl=0.71019 exit=fix1.5
2026-02-24 10:01:56 | INFO    |   ♻️ Recovered LONG PIPPIN/USDT:USDT entry=0.735030 sl=0.710190 risk=$5.49 [unknown/fix1.5]
2026-02-24 10:01:56 | DEBUG   | Guardian tracking AGLD/USDT:USDT long entry=0.31532 sl=0.29791 exit=fix1.5
2026-02-24 10:01:56 | INFO    |   ♻️ Recovered LONG AGLD/USDT:USDT entry=0.315320 sl=0.297910 risk=$5.00 [unknown/fix1.5]
2026-02-24 10:01:56 | DEBUG   | Guardian tracking WLFI/USDT:USDT short entry=0.11059 sl=0.11281 exit=fix2.0
2026-02-24 10:01:56 | INFO    |   ♻️ Recovered SHORT WLFI/USDT:USDT entry=0.110590 sl=0.112810 risk=$5.50 [PIN_BAR/fix2.0]
2026-02-24 10:01:56 | DEBUG   | Guardian tracking HYPE/USDT:USDT short entry=26.433 sl=26.651 exit=fix1.5
2026-02-24 10:01:56 | INFO    |   ♻️ Recovered SHORT HYPE/USDT:USDT entry=26.433000 sl=26.651000 risk=$5.50 [unknown/fix1.5]
2026-02-24 10:01:56 | DEBUG   | Guardian tracking BTC/USDT:USDT short entry=64879.9 sl=65202.6 exit=fix1.5
2026-02-24 10:01:56 | INFO    |   ♻️ Recovered SHORT BTC/USDT:USDT entry=64879.900000 sl=65202.600000 risk=$5.49 [unknown/fix1.5]
2026-02-24 10:01:56 | DEBUG   | Guardian tracking XAUT/USDT:USDT long entry=5205.8 sl=5190.2 exit=fix1.5
2026-02-24 10:01:56 | INFO    |   ♻️ Recovered LONG XAUT/USDT:USDT entry=5205.800000 sl=5190.200000 risk=$5.49 [unknown/fix1.5]
2026-02-24 10:01:56 | INFO    | Position recovery: 6 position(s) re-adopted
2026-02-24 10:01:56 | INFO    | Hunter started (async)
2026-02-24 10:01:56 | INFO    | Aftermath tracker started
2026-02-24 10:01:56 | INFO    | Watchdog started
2026-02-24 10:01:56 | INFO    | Warming up WS buffers...
2026-02-24 10:01:56 | INFO    |   WS warmup complete: 39 buffers ready
2026-02-24 10:01:56 | INFO    | Bot ready — entering main loop
2026-02-24 10:02:12 | WARNING | set_trading_stop HYPE/USDT:USDT: bybit {"retCode":10001,"retMsg":"slOrderType can not have a value when tpSlMode is empty","result":{},"retExtInfo":{},"time":1771887732294}
2026-02-24 10:02:12 | WARNING | set_trading_stop HYPE/USDT:USDT: bybit {"retCode":10001,"retMsg":"slOrderType can not have a value when tpSlMode is empty","result":{},"retExtInfo":{},"time":1771887732737}
2026-02-24 10:02:27 | DEBUG   | Hunter: 128 liquid candidates (ex-portfolio)
2026-02-24 10:02:28 | WARNING | set_trading_stop HYPE/USDT:USDT: bybit {"retCode":10001,"retMsg":"slOrderType can not have a value when tpSlMode is empty","result":{},"retExtInfo":{},"time":1771887748710}
2026-02-24 10:02:28 | WARNING | set_trading_stop HYPE/USDT:USDT: bybit {"retCode":10001,"retMsg":"slOrderType can not have a value when tpSlMode is empty","result":{},"retExtInfo":{},"time":1771887748954}
2026-02-24 10:02:28 | WARNING | set_trading_stop BTC/USDT:USDT: bybit {"retCode":10001,"retMsg":"slOrderType can not have a value when tpSlMode is empty","result":{},"retExtInfo":{},"time":1771887749194}
2026-02-24 10:02:29 | WARNING | set_trading_stop XAUT/USDT:USDT: bybit {"retCode":10001,"retMsg":"slOrderType can not have a value when tpSlMode is empty","result":{},"retExtInfo":{},"time":1771887749643}
2026-02-24 10:02:44 | WARNING | set_trading_stop HYPE/USDT:USDT: bybit {"retCode":10001,"retMsg":"slOrderType can not have a value when tpSlMode is empty","result":{},"retExtInfo":{},"time":1771887765174}
2026-02-24 10:02:45 | WARNING | set_trading_stop HYPE/USDT:USDT: bybit {"retCode":10001,"retMsg":"slOrderType can not have a value when tpSlMode is empty","result":{},"retExtInfo":{},"time":1771887765412}
2026-02-24 10:02:45 | WARNING | set_trading_stop XAUT/USDT:USDT: bybit {"retCode":10001,"retMsg":"slOrderType can not have a value when tpSlMode is empty","result":{},"retExtInfo":{},"time":1771887765702}
2026-02-24 10:02:45 | INFO    | Hunter: found 20 signals on non-portfolio pairs
2026-02-24 10:03:00 | WARNING | set_trading_stop HYPE/USDT:USDT: bybit {"retCode":10001,"retMsg":"slOrderType can not have a value when tpSlMode is empty","result":{},"retExtInfo":{},"time":1771887781134}
2026-02-24 10:03:01 | WARNING | set_trading_stop HYPE/USDT:USDT: bybit {"retCode":10001,"retMsg":"slOrderType can not have a value when tpSlMode is empty","result":{},"retExtInfo":{},"time":1771887781379}
2026-02-24 10:03:01 | WARNING | set_trading_stop BTC/USDT:USDT: bybit {"retCode":10001,"retMsg":"slOrderType can not have a value when tpSlMode is empty","result":{},"retExtInfo":{},"time":1771887781615}
2026-02-24 10:03:02 | WARNING | set_trading_stop XAUT/USDT:USDT: bybit {"retCode":10001,"retMsg":"slOrderType can not have a value when tpSlMode is empty","result":{},"retExtInfo":{},"time":1771887782043}
2026-02-24 10:03:17 | WARNING | set_trading_stop HYPE/USDT:USDT: bybit {"retCode":10001,"retMsg":"slOrderType can not have a value when tpSlMode is empty","result":{},"retExtInfo":{},"time":1771887797894}
2026-02-24 10:03:17 | WARNING | set_trading_stop HYPE/USDT:USDT: bybit {"retCode":10001,"retMsg":"slOrderType can not have a value when tpSlMode is empty","result":{},"retExtInfo":{},"time":1771887798152}
2026-02-24 10:03:18 | WARNING | set_trading_stop XAUT/USDT:USDT: bybit {"retCode":10001,"retMsg":"slOrderType can not have a value when tpSlMode is empty","result":{},"retExtInfo":{},"time":1771887798402}
2026-02-24 10:03:29 | INFO    |   Registry: skipped 2 combos (delisted pairs)
2026-02-24 10:03:29 | INFO    |   DNA Profiler: loaded 3 records
2026-02-24 10:03:29 | INFO    | 
[96m══════════════════════════════════════════════════════════[0m
2026-02-24 10:03:29 | INFO    |   🛫 [1m[97mPREFLIGHT CHECK[0m
2026-02-24 10:03:29 | INFO    | [96m══════════════════════════════════════════════════════════[0m
2026-02-24 10:03:29 | INFO    |   [92m✅ PASS[0m  [1mimports        [0m [2m15 modules OK[0m
2026-02-24 10:03:29 | INFO    |   [92m✅ PASS[0m  [1mconfig         [0m [2mAll config params valid[0m
2026-02-24 10:03:29 | INFO    |   [92m✅ PASS[0m  [1mapi_keys       [0m [2mKey: AjbKwn...nyta[0m
2026-02-24 10:03:29 | INFO    |   [92m✅ PASS[0m  [1mcombos         [0m [2m50 combos, 40 pairs, 3 TFs[0m
2026-02-24 10:03:29 | INFO    |   [92m✅ PASS[0m  [1mstrategies     [0m [2m12 strategies OK[0m
2026-02-24 10:03:29 | INFO    |   [92m✅ PASS[0m  [1mstate          [0m [2mEquity: $499.88, trades: 20[0m
2026-02-24 10:03:29 | INFO    |   [92m✅ PASS[0m  [1mdisk           [0m [2m276209MB free[0m
2026-02-24 10:03:29 | INFO    |   [92m✅ PASS[0m  [1mlog_dir        [0m [2mC:\Users\Azuri\Desktop\anewBot\v13pro\logs[0m
2026-02-24 10:03:29 | INFO    |   [2m──────────────────────────────────────────────────────[0m
2026-02-24 10:03:29 | INFO    |   [92m🟢 ALL 8 CHECKS PASSED[0m [2m(0 warnings)[0m
2026-02-24 10:03:29 | INFO    | [96m══════════════════════════════════════════════════════════[0m

2026-02-24 10:03:29 | INFO    | 
[96m══════════════════════════════════════════════════════════[0m
2026-02-24 10:03:29 | INFO    |   🤖 [1m[97mv13pro FCB Bot[0m    [91m[1m🔴 LIVE TRADING[0m
2026-02-24 10:03:29 | INFO    | [96m══════════════════════════════════════════════════════════[0m
2026-02-24 10:03:29 | INFO    |   [1m📦 PORTFOLIO[0m
2026-02-24 10:03:29 | INFO    |      Combos     [92m48[0m              Pairs  [92m35[0m
2026-02-24 10:03:29 | INFO    |      Timeframes [92m['15m', '1h', '30m'][0m
2026-02-24 10:03:29 | INFO    |   [2m──────────────────────────────────────────────────────[0m
2026-02-24 10:03:29 | INFO    |   [1m⚙️  EXECUTION[0m
2026-02-24 10:03:29 | INFO    |      Maker TP   [92mON[0m
2026-02-24 10:03:29 | INFO    |      Maker Entry[92m ON[0m
2026-02-24 10:03:29 | INFO    |      Skill min  [93m20[0m
2026-02-24 10:03:29 | INFO    |      Risk       [93m2.0%[0m   Lev  [93m8x[0m   MaxPos  [93m7[0m
2026-02-24 10:03:29 | INFO    | [96m══════════════════════════════════════════════════════════[0m

2026-02-24 10:03:32 | INFO    | Connected to Bybit (MAINNET) — 3505 markets loaded [async]
2026-02-24 10:03:33 | INFO    | Equity: $499.88 | Peak: $500.72
2026-02-24 10:03:35 | INFO    |   📡 WSData: starting 39 subscriptions across 3 TFs
2026-02-24 10:03:47 | INFO    |   📡 WSData: pre-fetched 39 buffers (220 bars each)
2026-02-24 10:03:47 | INFO    |   📡 WSData: 4 stream tasks launched
2026-02-24 10:03:47 | INFO    | Guardian started (async)
2026-02-24 10:03:47 | DEBUG   | Guardian tracking PIPPIN/USDT:USDT long entry=0.73503 sl=0.71019 exit=fix1.5
2026-02-24 10:03:47 | INFO    |   ♻️ Recovered LONG PIPPIN/USDT:USDT entry=0.735030 sl=0.710190 risk=$5.49 [unknown/fix1.5]
2026-02-24 10:03:47 | DEBUG   | Guardian tracking AGLD/USDT:USDT long entry=0.31532 sl=0.29791 exit=fix1.5
2026-02-24 10:03:47 | INFO    |   ♻️ Recovered LONG AGLD/USDT:USDT entry=0.315320 sl=0.297910 risk=$5.00 [unknown/fix1.5]
2026-02-24 10:03:47 | DEBUG   | Guardian tracking WLFI/USDT:USDT short entry=0.11059 sl=0.11281 exit=fix2.0
2026-02-24 10:03:47 | INFO    |   ♻️ Recovered SHORT WLFI/USDT:USDT entry=0.110590 sl=0.112810 risk=$5.50 [PIN_BAR/fix2.0]
2026-02-24 10:03:47 | DEBUG   | Guardian tracking HYPE/USDT:USDT short entry=26.433 sl=26.651 exit=fix1.5
2026-02-24 10:03:47 | INFO    |   ♻️ Recovered SHORT HYPE/USDT:USDT entry=26.433000 sl=26.651000 risk=$5.50 [unknown/fix1.5]
2026-02-24 10:03:47 | DEBUG   | Guardian tracking BTC/USDT:USDT short entry=64879.9 sl=65202.6 exit=fix1.5
2026-02-24 10:03:47 | INFO    |   ♻️ Recovered SHORT BTC/USDT:USDT entry=64879.900000 sl=65202.600000 risk=$5.49 [unknown/fix1.5]
2026-02-24 10:03:47 | DEBUG   | Guardian tracking XAUT/USDT:USDT long entry=5205.8 sl=5190.2 exit=fix1.5
2026-02-24 10:03:47 | INFO    |   ♻️ Recovered LONG XAUT/USDT:USDT entry=5205.800000 sl=5190.200000 risk=$5.49 [unknown/fix1.5]
2026-02-24 10:03:47 | INFO    | Position recovery: 6 position(s) re-adopted
2026-02-24 10:03:47 | INFO    | Hunter started (async)
2026-02-24 10:03:47 | INFO    | Aftermath tracker started
2026-02-24 10:03:47 | INFO    | Watchdog started
2026-02-24 10:03:47 | INFO    | Warming up WS buffers...
2026-02-24 10:03:47 | INFO    |   WS warmup complete: 39 buffers ready
2026-02-24 10:03:47 | INFO    | Bot ready — entering main loop
2026-02-24 10:04:03 | INFO    | Guardian HYPE/USDT:USDT: tier1_protect SL -> 26.498400 (R=0.98, peak=0.98)
2026-02-24 10:04:03 | INFO    | Guardian XAUT/USDT:USDT: tier1_protect SL -> 5201.120000 (R=1.01, peak=1.01)
2026-02-24 10:04:03 | INFO    | Guardian XAUT/USDT:USDT: tier2_breakeven SL -> 5205.800000 (R=1.01, peak=1.01)
2026-02-24 10:04:17 | DEBUG   | Hunter: 129 liquid candidates (ex-portfolio)
2026-02-24 10:04:36 | INFO    | Hunter: found 14 signals on non-portfolio pairs
2026-02-24 10:08:59 | INFO    | 
[96m══════════════════════════════════════════════════════════[0m
2026-02-24 10:08:59 | INFO    |   🤖 [1m[97mv13pro LIVE DASHBOARD[0m    [92m🟢 TRADING[0m
2026-02-24 10:08:59 | INFO    |   [2m2026-02-23 23:08:59 UTC[0m   [2mSession: ny[0m
2026-02-24 10:08:59 | INFO    | [96m══════════════════════════════════════════════════════════[0m
2026-02-24 10:08:59 | INFO    |   [1m💰 EQUITY[0m
2026-02-24 10:08:59 | INFO    |      Balance   [93m[1m$499.88[0m               Peak  $500.72
2026-02-24 10:08:59 | INFO    |      Growth    [91m-0.0%[0m                DD    [92m0.2%[0m
2026-02-24 10:08:59 | INFO    |      Target    $5,000       [92m█[2m░░░░░░░░░░░░░░░░░░░[0m 10%
2026-02-24 10:08:59 | INFO    |      [2mPhase 2: Growth → $1K[0m
2026-02-24 10:08:59 | INFO    |   [2m──────────────────────────────────────────────────────[0m
2026-02-24 10:08:59 | INFO    |   [1m📊 TRADING[0m
2026-02-24 10:08:59 | INFO    |      Positions [97m6[0m / 6              Scans   0
2026-02-24 10:08:59 | INFO    |      Signals   0                Trades  0
2026-02-24 10:08:59 | INFO    |   [2m──────────────────────────────────────────────────────[0m
2026-02-24 10:08:59 | INFO    |   [1m🧠 INTELLIGENCE[0m
2026-02-24 10:08:59 | INFO    |      🎯 Skill     min=20  eval=327  pass=317  rej=10
2026-02-24 10:08:59 | INFO    |      📚 Learner   6 outcomes tracked
2026-02-24 10:08:59 | INFO    |      💚 Watchdog  [92mHEALTHY[0m     📡 WS  74 buffers
2026-02-24 10:08:59 | INFO    |      🔭 Hunter    14 non-portfolio signals
2026-02-24 10:08:59 | INFO    |      🧬 DNA       3 records  [2m0 proven clusters[0m
2026-02-24 10:08:59 | INFO    |   [2m──────────────────────────────────────────────────────[0m
2026-02-24 10:08:59 | INFO    |   [1m⚙️  CONFIG[0m
2026-02-24 10:08:59 | INFO    |      Risk       [93m2.0%[0m   Lev  [93m10x[0m   MaxPos [93m6[0m
2026-02-24 10:08:59 | INFO    |      Maker TP   [92mON[0m              Maker Entry  [92mON[0m
2026-02-24 10:08:59 | INFO    |      Combos     48                Pairs  35
2026-02-24 10:08:59 | INFO    |      Uptime     0.1h
2026-02-24 10:08:59 | INFO    | [96m══════════════════════════════════════════════════════════[0m

2026-02-24 10:09:36 | DEBUG   | Hunter: 129 liquid candidates (ex-portfolio)
2026-02-24 10:09:53 | INFO    | Hunter: found 12 signals on non-portfolio pairs
2026-02-24 10:13:59 | INFO    | 
[96m══════════════════════════════════════════════════════════[0m
2026-02-24 10:13:59 | INFO    |   🤖 [1m[97mv13pro LIVE DASHBOARD[0m    [92m🟢 TRADING[0m
2026-02-24 10:13:59 | INFO    |   [2m2026-02-23 23:13:59 UTC[0m   [2mSession: ny[0m
2026-02-24 10:13:59 | INFO    | [96m══════════════════════════════════════════════════════════[0m
2026-02-24 10:13:59 | INFO    |   [1m💰 EQUITY[0m
2026-02-24 10:13:59 | INFO    |      Balance   [93m[1m$499.88[0m               Peak  $500.72
2026-02-24 10:13:59 | INFO    |      Growth    [91m-0.0%[0m                DD    [92m0.2%[0m
2026-02-24 10:13:59 | INFO    |      Target    $5,000       [92m█[2m░░░░░░░░░░░░░░░░░░░[0m 10%
2026-02-24 10:13:59 | INFO    |      [2mPhase 2: Growth → $1K[0m
2026-02-24 10:13:59 | INFO    |   [2m──────────────────────────────────────────────────────[0m
2026-02-24 10:13:59 | INFO    |   [1m📊 TRADING[0m
2026-02-24 10:13:59 | INFO    |      Positions [97m6[0m / 6              Scans   0
2026-02-24 10:13:59 | INFO    |      Signals   0                Trades  0
2026-02-24 10:13:59 | INFO    |   [2m──────────────────────────────────────────────────────[0m
2026-02-24 10:13:59 | INFO    |   [1m🧠 INTELLIGENCE[0m
2026-02-24 10:13:59 | INFO    |      🎯 Skill     min=20  eval=327  pass=317  rej=10
2026-02-24 10:13:59 | INFO    |      📚 Learner   6 outcomes tracked
2026-02-24 10:13:59 | INFO    |      💚 Watchdog  [92mHEALTHY[0m     📡 WS  74 buffers
2026-02-24 10:13:59 | INFO    |      🔭 Hunter    26 non-portfolio signals
2026-02-24 10:13:59 | INFO    |      🧬 DNA       3 records  [2m0 proven clusters[0m
2026-02-24 10:13:59 | INFO    |   [2m──────────────────────────────────────────────────────[0m
2026-02-24 10:13:59 | INFO    |   [1m⚙️  CONFIG[0m
2026-02-24 10:13:59 | INFO    |      Risk       [93m2.0%[0m   Lev  [93m10x[0m   MaxPos [93m6[0m
2026-02-24 10:13:59 | INFO    |      Maker TP   [92mON[0m              Maker Entry  [92mON[0m
2026-02-24 10:13:59 | INFO    |      Combos     48                Pairs  35
2026-02-24 10:13:59 | INFO    |      Uptime     0.2h
2026-02-24 10:13:59 | INFO    | [96m══════════════════════════════════════════════════════════[0m

2026-02-24 10:14:54 | DEBUG   | Hunter: 130 liquid candidates (ex-portfolio)
2026-02-24 10:15:13 | INFO    | Hunter: found 16 signals on non-portfolio pairs
2026-02-24 10:18:59 | INFO    | 
[96m══════════════════════════════════════════════════════════[0m
2026-02-24 10:18:59 | INFO    |   🤖 [1m[97mv13pro LIVE DASHBOARD[0m    [92m🟢 TRADING[0m
2026-02-24 10:18:59 | INFO    |   [2m2026-02-23 23:18:59 UTC[0m   [2mSession: ny[0m
2026-02-24 10:18:59 | INFO    | [96m══════════════════════════════════════════════════════════[0m
2026-02-24 10:18:59 | INFO    |   [1m💰 EQUITY[0m
2026-02-24 10:18:59 | INFO    |      Balance   [93m[1m$499.88[0m               Peak  $500.72
2026-02-24 10:18:59 | INFO    |      Growth    [91m-0.0%[0m                DD    [92m0.2%[0m
2026-02-24 10:18:59 | INFO    |      Target    $5,000       [92m█[2m░░░░░░░░░░░░░░░░░░░[0m 10%
2026-02-24 10:18:59 | INFO    |      [2mPhase 2: Growth → $1K[0m
2026-02-24 10:18:59 | INFO    |   [2m──────────────────────────────────────────────────────[0m
2026-02-24 10:18:59 | INFO    |   [1m📊 TRADING[0m
2026-02-24 10:18:59 | INFO    |      Positions [97m6[0m / 6              Scans   10
2026-02-24 10:18:59 | INFO    |      Signals   0                Trades  0
2026-02-24 10:18:59 | INFO    |   [2m──────────────────────────────────────────────────────[0m
2026-02-24 10:18:59 | INFO    |   [1m🧠 INTELLIGENCE[0m
2026-02-24 10:18:59 | INFO    |      🎯 Skill     min=20  eval=327  pass=317  rej=10
2026-02-24 10:18:59 | INFO    |      📚 Learner   6 outcomes tracked
2026-02-24 10:18:59 | INFO    |      💚 Watchdog  [92mHEALTHY[0m     📡 WS  74 buffers
2026-02-24 10:18:59 | INFO    |      🔭 Hunter    42 non-portfolio signals
2026-02-24 10:18:59 | INFO    |      🧬 DNA       3 records  [2m0 proven clusters[0m
2026-02-24 10:18:59 | INFO    |   [2m──────────────────────────────────────────────────────[0m
2026-02-24 10:18:59 | INFO    |   [1m⚙️  CONFIG[0m
2026-02-24 10:18:59 | INFO    |      Risk       [93m2.0%[0m   Lev  [93m10x[0m   MaxPos [93m6[0m
2026-02-24 10:18:59 | INFO    |      Maker TP   [92mON[0m              Maker Entry  [92mON[0m
2026-02-24 10:18:59 | INFO    |      Combos     48                Pairs  35
2026-02-24 10:18:59 | INFO    |      Uptime     0.3h
2026-02-24 10:18:59 | INFO    | [96m══════════════════════════════════════════════════════════[0m

2026-02-24 10:20:13 | DEBUG   | Hunter: 131 liquid candidates (ex-portfolio)
2026-02-24 10:20:32 | INFO    | Hunter: found 23 signals on non-portfolio pairs
2026-02-24 10:22:50 | INFO    |   Registry: skipped 2 combos (delisted pairs)
2026-02-24 10:22:50 | INFO    |   DNA Profiler: loaded 3 records
2026-02-24 10:22:50 | INFO    | 
[96m══════════════════════════════════════════════════════════[0m
2026-02-24 10:22:50 | INFO    |   🛫 [1m[97mPREFLIGHT CHECK[0m
2026-02-24 10:22:50 | INFO    | [96m══════════════════════════════════════════════════════════[0m
2026-02-24 10:22:50 | INFO    |   [92m✅ PASS[0m  [1mimports        [0m [2m15 modules OK[0m
2026-02-24 10:22:50 | INFO    |   [92m✅ PASS[0m  [1mconfig         [0m [2mAll config params valid[0m
2026-02-24 10:22:50 | INFO    |   [92m✅ PASS[0m  [1mapi_keys       [0m [2mKey: AjbKwn...nyta[0m
2026-02-24 10:22:50 | INFO    |   [92m✅ PASS[0m  [1mcombos         [0m [2m50 combos, 40 pairs, 3 TFs[0m
2026-02-24 10:22:50 | INFO    |   [92m✅ PASS[0m  [1mstrategies     [0m [2m12 strategies OK[0m
2026-02-24 10:22:50 | INFO    |   [92m✅ PASS[0m  [1mstate          [0m [2mEquity: $499.88, trades: 20[0m
2026-02-24 10:22:50 | INFO    |   [92m✅ PASS[0m  [1mdisk           [0m [2m276214MB free[0m
2026-02-24 10:22:50 | INFO    |   [92m✅ PASS[0m  [1mlog_dir        [0m [2mC:\Users\Azuri\Desktop\anewBot\v13pro\logs[0m
2026-02-24 10:22:50 | INFO    |   [2m──────────────────────────────────────────────────────[0m
2026-02-24 10:22:50 | INFO    |   [92m🟢 ALL 8 CHECKS PASSED[0m [2m(0 warnings)[0m
2026-02-24 10:22:50 | INFO    | [96m══════════════════════════════════════════════════════════[0m

2026-02-24 10:22:50 | INFO    | 
[96m══════════════════════════════════════════════════════════[0m
2026-02-24 10:22:50 | INFO    |   🤖 [1m[97mv13pro FCB Bot[0m    [91m[1m🔴 LIVE TRADING[0m
2026-02-24 10:22:50 | INFO    | [96m══════════════════════════════════════════════════════════[0m
2026-02-24 10:22:50 | INFO    |   [1m📦 PORTFOLIO[0m
2026-02-24 10:22:50 | INFO    |      Combos     [92m48[0m              Pairs  [92m35[0m
2026-02-24 10:22:50 | INFO    |      Timeframes [92m['15m', '1h', '30m'][0m
2026-02-24 10:22:50 | INFO    |   [2m──────────────────────────────────────────────────────[0m
2026-02-24 10:22:50 | INFO    |   [1m⚙️  EXECUTION[0m
2026-02-24 10:22:50 | INFO    |      Maker TP   [92mON[0m
2026-02-24 10:22:50 | INFO    |      Maker Entry[92m ON[0m
2026-02-24 10:22:50 | INFO    |      Skill min  [93m20[0m
2026-02-24 10:22:50 | INFO    |      Risk       [93m2.0%[0m   Lev  [93m8x[0m   MaxPos  [93m7[0m
2026-02-24 10:22:50 | INFO    | [96m══════════════════════════════════════════════════════════[0m

2026-02-24 10:22:53 | INFO    | Connected to Bybit (MAINNET) — 3505 markets loaded [async]
2026-02-24 10:22:54 | INFO    | Equity: $499.88 | Peak: $500.72
2026-02-24 10:22:56 | INFO    |   📡 WSData: starting 39 subscriptions across 3 TFs
2026-02-24 10:23:08 | INFO    |   📡 WSData: pre-fetched 39 buffers (220 bars each)
2026-02-24 10:23:08 | INFO    |   📡 WSData: 4 stream tasks launched
2026-02-24 10:23:08 | INFO    | Guardian started (async)
2026-02-24 10:23:08 | DEBUG   | Guardian tracking PIPPIN/USDT:USDT long entry=0.73503 sl=0.71019 exit=fix1.5
2026-02-24 10:23:08 | INFO    |   ♻️ Recovered LONG PIPPIN/USDT:USDT entry=0.735030 sl=0.710190 risk=$5.49 [unknown/fix1.5]
2026-02-24 10:23:08 | DEBUG   | Guardian tracking XAUT/USDT:USDT long entry=5205.8 sl=5190.2 exit=fix1.5
2026-02-24 10:23:08 | INFO    |   ♻️ Recovered LONG XAUT/USDT:USDT entry=5205.800000 sl=5190.200000 risk=$5.49 [unknown/fix1.5]
2026-02-24 10:23:08 | DEBUG   | Guardian tracking HYPE/USDT:USDT short entry=26.433 sl=26.651 exit=fix1.5
2026-02-24 10:23:08 | INFO    |   ♻️ Recovered SHORT HYPE/USDT:USDT entry=26.433000 sl=26.651000 risk=$5.50 [unknown/fix1.5]
2026-02-24 10:23:08 | DEBUG   | Guardian tracking AGLD/USDT:USDT long entry=0.31532 sl=0.29791 exit=fix1.5
2026-02-24 10:23:08 | INFO    |   ♻️ Recovered LONG AGLD/USDT:USDT entry=0.315320 sl=0.297910 risk=$5.00 [unknown/fix1.5]
2026-02-24 10:23:08 | DEBUG   | Guardian tracking WLFI/USDT:USDT short entry=0.11059 sl=0.11281 exit=fix2.0
2026-02-24 10:23:08 | INFO    |   ♻️ Recovered SHORT WLFI/USDT:USDT entry=0.110590 sl=0.112810 risk=$5.50 [PIN_BAR/fix2.0]
2026-02-24 10:23:08 | DEBUG   | Guardian tracking BTC/USDT:USDT short entry=64879.9 sl=65202.6 exit=fix1.5
2026-02-24 10:23:08 | INFO    |   ♻️ Recovered SHORT BTC/USDT:USDT entry=64879.900000 sl=65202.600000 risk=$5.49 [unknown/fix1.5]
2026-02-24 10:23:08 | INFO    | Position recovery: 6 position(s) re-adopted
2026-02-24 10:23:08 | INFO    | Hunter started (async)
2026-02-24 10:23:08 | INFO    | Aftermath tracker started
2026-02-24 10:23:08 | INFO    | Watchdog started
2026-02-24 10:23:08 | INFO    | Warming up WS buffers...
2026-02-24 10:23:08 | INFO    |   WS warmup complete: 39 buffers ready
2026-02-24 10:23:08 | INFO    | Bot ready — entering main loop
2026-02-24 10:23:23 | INFO    | Guardian XAUT/USDT:USDT: tier1_protect SL -> 5201.120000 (R=1.03, peak=1.03)
2026-02-24 10:23:23 | INFO    | Guardian XAUT/USDT:USDT: tier2_breakeven SL -> 5205.800000 (R=1.03, peak=1.03)
2026-02-24 10:23:38 | DEBUG   | Hunter: 131 liquid candidates (ex-portfolio)
2026-02-24 10:23:55 | INFO    | Hunter: found 32 signals on non-portfolio pairs
2026-02-24 10:28:56 | DEBUG   | Hunter: 130 liquid candidates (ex-portfolio)
2026-02-24 10:28:59 | INFO    | 
[96m══════════════════════════════════════════════════════════[0m
2026-02-24 10:28:59 | INFO    |   🤖 [1m[97mv13pro LIVE DASHBOARD[0m    [92m🟢 TRADING[0m
2026-02-24 10:28:59 | INFO    |   [2m2026-02-23 23:28:59 UTC[0m   [2mSession: ny[0m
2026-02-24 10:28:59 | INFO    | [96m══════════════════════════════════════════════════════════[0m
2026-02-24 10:28:59 | INFO    |   [1m💰 EQUITY[0m
2026-02-24 10:28:59 | INFO    |      Balance   [93m[1m$499.88[0m               Peak  $500.72
2026-02-24 10:28:59 | INFO    |      Growth    [91m-0.0%[0m                DD    [92m0.2%[0m
2026-02-24 10:28:59 | INFO    |      Target    $5,000       [92m█[2m░░░░░░░░░░░░░░░░░░░[0m 10%
2026-02-24 10:28:59 | INFO    |      [2mPhase 2: Growth → $1K[0m
2026-02-24 10:28:59 | INFO    |   [2m──────────────────────────────────────────────────────[0m
2026-02-24 10:28:59 | INFO    |   [1m📊 TRADING[0m
2026-02-24 10:28:59 | INFO    |      Positions [97m6[0m / 6              Scans   0
2026-02-24 10:28:59 | INFO    |      Signals   0                Trades  0
2026-02-24 10:28:59 | INFO    |      Wins      [92m1[0m                Losses  [91m19[0m          [2m(today)[0m
2026-02-24 10:28:59 | INFO    |      Total W   [92m1[0m                Total L [91m19[0m          [2m(all-time)[0m
2026-02-24 10:28:59 | INFO    |      Win Rate  [91m5.0%[0m [2mtoday[0m          [91m5.0%[0m [2mall-time[0m
2026-02-24 10:28:59 | INFO    |      PnL       [91m-20.09R[0m ([91m$-110.56[0m)
2026-02-24 10:28:59 | INFO    |   [2m──────────────────────────────────────────────────────[0m
2026-02-24 10:28:59 | INFO    |   [1m🧠 INTELLIGENCE[0m
2026-02-24 10:28:59 | INFO    |      🎯 Skill     min=20  eval=327  pass=317  rej=10
2026-02-24 10:28:59 | INFO    |      📚 Learner   6 outcomes tracked
2026-02-24 10:28:59 | INFO    |      💚 Watchdog  [92mHEALTHY[0m     📡 WS  74 buffers
2026-02-24 10:28:59 | INFO    |      🔭 Hunter    32 non-portfolio signals
2026-02-24 10:28:59 | INFO    |      🧬 DNA       3 records  [2m0 proven clusters[0m
2026-02-24 10:28:59 | INFO    |   [2m──────────────────────────────────────────────────────[0m
2026-02-24 10:28:59 | INFO    |   [1m⚙️  CONFIG[0m
2026-02-24 10:28:59 | INFO    |      Risk       [93m2.0%[0m   Lev  [93m10x[0m   MaxPos [93m6[0m
2026-02-24 10:28:59 | INFO    |      Maker TP   [92mON[0m              Maker Entry  [92mON[0m
2026-02-24 10:28:59 | INFO    |      Combos     48                Pairs  35
2026-02-24 10:28:59 | INFO    |      Uptime     0.1h
2026-02-24 10:28:59 | INFO    |   [2m──────────────────────────────────────────────────────[0m
2026-02-24 10:28:59 | INFO    |   [1m📍 OPEN POSITIONS[0m  (6)
2026-02-24 10:28:59 | INFO    |      🟢 [92mLONG [0m [97mPIPPIN    [0m entry=0.73503    SL=[91m0.71019   [0m TP=[92m0.77229   [0m
2026-02-24 10:28:59 | INFO    |            target [92m+1.5R[0m ($8.23)  peak [92m+0.16R[0m [unknown]
2026-02-24 10:28:59 | INFO    |      🟢 [92mLONG [0m [97mXAUT      [0m entry=5205.8     SL=[91m5205.8    [0m TP=[92m5229.2    [0m
2026-02-24 10:28:59 | INFO    |            target [92m+1.5R[0m ($8.24)  peak [92m+1.03R[0m [unknown]
2026-02-24 10:28:59 | INFO    |      🔴 [91mSHORT[0m [97mHYPE      [0m entry=26.433     SL=[91m26.651    [0m TP=[92m26.106    [0m
2026-02-24 10:28:59 | INFO    |            target [92m+1.5R[0m ($8.26)  peak [92m+0.57R[0m [unknown]
2026-02-24 10:28:59 | INFO    |      🟢 [92mLONG [0m [97mAGLD      [0m entry=0.31532    SL=[91m0.29791   [0m TP=[92m0.341435  [0m
2026-02-24 10:28:59 | INFO    |            target [92m+1.5R[0m ($7.50)  peak [2m+0.00R[0m [unknown]
2026-02-24 10:28:59 | INFO    |      🔴 [91mSHORT[0m [97mWLFI      [0m entry=0.11059    SL=[91m0.11281   [0m TP=[92m0.10615   [0m
2026-02-24 10:28:59 | INFO    |            target [92m+2.0R[0m ($11.00)  peak [92m+0.36R[0m [PIN_BAR]
2026-02-24 10:28:59 | INFO    |      🔴 [91mSHORT[0m [97mBTC       [0m entry=64879.9    SL=[91m65202.6   [0m TP=[92m64395.9   [0m
2026-02-24 10:28:59 | INFO    |            target [92m+1.5R[0m ($8.23)  peak [92m+0.37R[0m [unknown]
2026-02-24 10:28:59 | INFO    | [96m══════════════════════════════════════════════════════════[0m

2026-02-24 10:29:14 | INFO    | Hunter: found 32 signals on non-portfolio pairs
2026-02-24 10:33:59 | INFO    | 
[96m══════════════════════════════════════════════════════════[0m
2026-02-24 10:33:59 | INFO    |   🤖 [1m[97mv13pro LIVE DASHBOARD[0m    [92m🟢 TRADING[0m
2026-02-24 10:33:59 | INFO    |   [2m2026-02-23 23:33:59 UTC[0m   [2mSession: ny[0m
2026-02-24 10:33:59 | INFO    | [96m══════════════════════════════════════════════════════════[0m
2026-02-24 10:33:59 | INFO    |   [1m💰 EQUITY[0m
2026-02-24 10:33:59 | INFO    |      Balance   [93m[1m$499.88[0m               Peak  $500.72
2026-02-24 10:33:59 | INFO    |      Growth    [91m-0.0%[0m                DD    [92m0.2%[0m
2026-02-24 10:33:59 | INFO    |      Target    $5,000       [92m█[2m░░░░░░░░░░░░░░░░░░░[0m 10%
2026-02-24 10:33:59 | INFO    |      [2mPhase 2: Growth → $1K[0m
2026-02-24 10:33:59 | INFO    |   [2m──────────────────────────────────────────────────────[0m
2026-02-24 10:33:59 | INFO    |   [1m📊 TRADING[0m
2026-02-24 10:33:59 | INFO    |      Positions [97m6[0m / 6              Scans   13
2026-02-24 10:33:59 | INFO    |      Signals   0                Trades  0
2026-02-24 10:33:59 | INFO    |      Wins      [92m1[0m                Losses  [91m19[0m          [2m(today)[0m
2026-02-24 10:33:59 | INFO    |      Total W   [92m1[0m                Total L [91m19[0m          [2m(all-time)[0m
2026-02-24 10:33:59 | INFO    |      Win Rate  [91m5.0%[0m [2mtoday[0m          [91m5.0%[0m [2mall-time[0m
2026-02-24 10:33:59 | INFO    |      PnL       [91m-20.09R[0m ([91m$-110.56[0m)
2026-02-24 10:33:59 | INFO    |   [2m──────────────────────────────────────────────────────[0m
2026-02-24 10:33:59 | INFO    |   [1m🧠 INTELLIGENCE[0m
2026-02-24 10:33:59 | INFO    |      🎯 Skill     min=20  eval=327  pass=317  rej=10
2026-02-24 10:33:59 | INFO    |      📚 Learner   6 outcomes tracked
2026-02-24 10:33:59 | INFO    |      💚 Watchdog  [92mHEALTHY[0m     📡 WS  74 buffers
2026-02-24 10:33:59 | INFO    |      🔭 Hunter    64 non-portfolio signals
2026-02-24 10:33:59 | INFO    |      🧬 DNA       3 records  [2m0 proven clusters[0m
2026-02-24 10:33:59 | INFO    |   [2m──────────────────────────────────────────────────────[0m
2026-02-24 10:33:59 | INFO    |   [1m⚙️  CONFIG[0m
2026-02-24 10:33:59 | INFO    |      Risk       [93m2.0%[0m   Lev  [93m10x[0m   MaxPos [93m6[0m
2026-02-24 10:33:59 | INFO    |      Maker TP   [92mON[0m              Maker Entry  [92mON[0m
2026-02-24 10:33:59 | INFO    |      Combos     48                Pairs  35
2026-02-24 10:33:59 | INFO    |      Uptime     0.2h
2026-02-24 10:33:59 | INFO    |   [2m──────────────────────────────────────────────────────[0m
2026-02-24 10:33:59 | INFO    |   [1m📍 OPEN POSITIONS[0m  (6)
2026-02-24 10:33:59 | INFO    |      🟢 [92mLONG [0m [97mPIPPIN    [0m entry=0.73503    SL=[91m0.71019   [0m TP=[92m0.77229   [0m
2026-02-24 10:33:59 | INFO    |            target [92m+1.5R[0m ($8.23)  peak [92m+0.16R[0m [unknown]
2026-02-24 10:33:59 | INFO    |      🟢 [92mLONG [0m [97mXAUT      [0m entry=5205.8     SL=[91m5205.8    [0m TP=[92m5229.2    [0m
2026-02-24 10:33:59 | INFO    |            target [92m+1.5R[0m ($8.24)  peak [92m+1.03R[0m [unknown]
2026-02-24 10:33:59 | INFO    |      🔴 [91mSHORT[0m [97mHYPE      [0m entry=26.433     SL=[91m26.651    [0m TP=[92m26.106    [0m
2026-02-24 10:33:59 | INFO    |            target [92m+1.5R[0m ($8.26)  peak [92m+0.57R[0m [unknown]
2026-02-24 10:33:59 | INFO    |      🟢 [92mLONG [0m [97mAGLD      [0m entry=0.31532    SL=[91m0.29791   [0m TP=[92m0.341435  [0m
2026-02-24 10:33:59 | INFO    |            target [92m+1.5R[0m ($7.50)  peak [2m+0.00R[0m [unknown]
2026-02-24 10:33:59 | INFO    |      🔴 [91mSHORT[0m [97mWLFI      [0m entry=0.11059    SL=[91m0.11281   [0m TP=[92m0.10615   [0m
2026-02-24 10:33:59 | INFO    |            target [92m+2.0R[0m ($11.00)  peak [92m+0.36R[0m [PIN_BAR]
2026-02-24 10:33:59 | INFO    |      🔴 [91mSHORT[0m [97mBTC       [0m entry=64879.9    SL=[91m65202.6   [0m TP=[92m64395.9   [0m
2026-02-24 10:33:59 | INFO    |            target [92m+1.5R[0m ($8.23)  peak [92m+0.37R[0m [unknown]
2026-02-24 10:33:59 | INFO    | [96m══════════════════════════════════════════════════════════[0m

2026-02-24 10:34:14 | DEBUG   | Hunter: 131 liquid candidates (ex-portfolio)
2026-02-24 10:34:33 | INFO    | Hunter: found 15 signals on non-portfolio pairs
2026-02-24 10:37:12 | INFO    | Guardian HYPE/USDT:USDT: tier1_protect SL -> 26.498400 (R=0.65, peak=0.65)
2026-02-24 10:38:59 | INFO    | 
[96m══════════════════════════════════════════════════════════[0m
2026-02-24 10:38:59 | INFO    |   🤖 [1m[97mv13pro LIVE DASHBOARD[0m    [92m🟢 TRADING[0m
2026-02-24 10:38:59 | INFO    |   [2m2026-02-23 23:38:59 UTC[0m   [2mSession: ny[0m
2026-02-24 10:38:59 | INFO    | [96m══════════════════════════════════════════════════════════[0m
2026-02-24 10:38:59 | INFO    |   [1m💰 EQUITY[0m
2026-02-24 10:38:59 | INFO    |      Balance   [93m[1m$499.88[0m               Peak  $500.72
2026-02-24 10:38:59 | INFO    |      Growth    [91m-0.0%[0m                DD    [92m0.2%[0m
2026-02-24 10:38:59 | INFO    |      Target    $5,000       [92m█[2m░░░░░░░░░░░░░░░░░░░[0m 10%
2026-02-24 10:38:59 | INFO    |      [2mPhase 2: Growth → $1K[0m
2026-02-24 10:38:59 | INFO    |   [2m──────────────────────────────────────────────────────[0m
2026-02-24 10:38:59 | INFO    |   [1m📊 TRADING[0m
2026-02-24 10:38:59 | INFO    |      Positions [97m6[0m / 6              Scans   13
2026-02-24 10:38:59 | INFO    |      Signals   0                Trades  0
2026-02-24 10:38:59 | INFO    |      Wins      [92m1[0m                Losses  [91m19[0m          [2m(today)[0m
2026-02-24 10:38:59 | INFO    |      Total W   [92m1[0m                Total L [91m19[0m          [2m(all-time)[0m
2026-02-24 10:38:59 | INFO    |      Win Rate  [91m5.0%[0m [2mtoday[0m          [91m5.0%[0m [2mall-time[0m
2026-02-24 10:38:59 | INFO    |      PnL       [91m-20.09R[0m ([91m$-110.56[0m)
2026-02-24 10:38:59 | INFO    |   [2m──────────────────────────────────────────────────────[0m
2026-02-24 10:38:59 | INFO    |   [1m🧠 INTELLIGENCE[0m
2026-02-24 10:38:59 | INFO    |      🎯 Skill     min=20  eval=327  pass=317  rej=10
2026-02-24 10:38:59 | INFO    |      📚 Learner   6 outcomes tracked
2026-02-24 10:38:59 | INFO    |      💚 Watchdog  [92mHEALTHY[0m     📡 WS  74 buffers
2026-02-24 10:38:59 | INFO    |      🔭 Hunter    79 non-portfolio signals
2026-02-24 10:38:59 | INFO    |      🧬 DNA       3 records  [2m0 proven clusters[0m
2026-02-24 10:38:59 | INFO    |   [2m──────────────────────────────────────────────────────[0m
2026-02-24 10:38:59 | INFO    |   [1m⚙️  CONFIG[0m
2026-02-24 10:38:59 | INFO    |      Risk       [93m2.0%[0m   Lev  [93m10x[0m   MaxPos [93m6[0m
2026-02-24 10:38:59 | INFO    |      Maker TP   [92mON[0m              Maker Entry  [92mON[0m
2026-02-24 10:38:59 | INFO    |      Combos     48                Pairs  35
2026-02-24 10:38:59 | INFO    |      Uptime     0.3h
2026-02-24 10:38:59 | INFO    |   [2m──────────────────────────────────────────────────────[0m
2026-02-24 10:38:59 | INFO    |   [1m📍 OPEN POSITIONS[0m  (6)
2026-02-24 10:38:59 | INFO    |      🟢 [92mLONG [0m [97mPIPPIN    [0m entry=0.73503    SL=[91m0.71019   [0m TP=[92m0.77229   [0m
2026-02-24 10:38:59 | INFO    |            target [92m+1.5R[0m ($8.23)  peak [92m+0.29R[0m [unknown]
2026-02-24 10:38:59 | INFO    |      🟢 [92mLONG [0m [97mXAUT      [0m entry=5205.8     SL=[91m5205.8    [0m TP=[92m5229.2    [0m
2026-02-24 10:38:59 | INFO    |            target [92m+1.5R[0m ($8.24)  peak [92m+1.18R[0m [unknown]
2026-02-24 10:38:59 | INFO    |      🔴 [91mSHORT[0m [97mHYPE      [0m entry=26.433     SL=[91m26.4984   [0m TP=[92m26.106    [0m
2026-02-24 10:38:59 | INFO    |            target [92m+1.5R[0m ($8.26)  peak [92m+0.87R[0m [unknown]
2026-02-24 10:38:59 | INFO    |      🟢 [92mLONG [0m [97mAGLD      [0m entry=0.31532    SL=[91m0.29791   [0m TP=[92m0.341435  [0m
2026-02-24 10:38:59 | INFO    |            target [92m+1.5R[0m ($7.50)  peak [2m+0.00R[0m [unknown]
2026-02-24 10:38:59 | INFO    |      🔴 [91mSHORT[0m [97mWLFI      [0m entry=0.11059    SL=[91m0.11281   [0m TP=[92m0.10615   [0m
2026-02-24 10:38:59 | INFO    |            target [92m+2.0R[0m ($11.00)  peak [92m+0.44R[0m [PIN_BAR]
2026-02-24 10:38:59 | INFO    |      🔴 [91mSHORT[0m [97mBTC       [0m entry=64879.9    SL=[91m65202.6   [0m TP=[92m64395.9   [0m
2026-02-24 10:38:59 | INFO    |            target [92m+1.5R[0m ($8.23)  peak [92m+0.51R[0m [unknown]
2026-02-24 10:38:59 | INFO    | [96m══════════════════════════════════════════════════════════[0m

2026-02-24 10:39:34 | DEBUG   | Hunter: 131 liquid candidates (ex-portfolio)
2026-02-24 10:39:53 | INFO    | Hunter: found 34 signals on non-portfolio pairs
2026-02-24 10:40:32 | INFO    | Guardian BTC/USDT:USDT: tier1_protect SL -> 64976.710000 (R=0.66, peak=0.66)
2026-02-24 10:43:59 | INFO    | 
[96m══════════════════════════════════════════════════════════[0m
2026-02-24 10:43:59 | INFO    |   🤖 [1m[97mv13pro LIVE DASHBOARD[0m    [92m🟢 TRADING[0m
2026-02-24 10:43:59 | INFO    |   [2m2026-02-23 23:43:59 UTC[0m   [2mSession: ny[0m
2026-02-24 10:43:59 | INFO    | [96m══════════════════════════════════════════════════════════[0m
2026-02-24 10:43:59 | INFO    |   [1m💰 EQUITY[0m
2026-02-24 10:43:59 | INFO    |      Balance   [93m[1m$499.88[0m               Peak  $500.72
2026-02-24 10:43:59 | INFO    |      Growth    [91m-0.0%[0m                DD    [92m0.2%[0m
2026-02-24 10:43:59 | INFO    |      Target    $5,000       [92m█[2m░░░░░░░░░░░░░░░░░░░[0m 10%
2026-02-24 10:43:59 | INFO    |      [2mPhase 2: Growth → $1K[0m
2026-02-24 10:43:59 | INFO    |   [2m──────────────────────────────────────────────────────[0m
2026-02-24 10:43:59 | INFO    |   [1m📊 TRADING[0m
2026-02-24 10:43:59 | INFO    |      Positions [97m6[0m / 6              Scans   13
2026-02-24 10:43:59 | INFO    |      Signals   0                Trades  0
2026-02-24 10:43:59 | INFO    |      Wins      [92m1[0m                Losses  [91m19[0m          [2m(today)[0m
2026-02-24 10:43:59 | INFO    |      Total W   [92m1[0m                Total L [91m19[0m          [2m(all-time)[0m
2026-02-24 10:43:59 | INFO    |      Win Rate  [91m5.0%[0m [2mtoday[0m          [91m5.0%[0m [2mall-time[0m
2026-02-24 10:43:59 | INFO    |      PnL       [91m-20.09R[0m ([91m$-110.56[0m)
2026-02-24 10:43:59 | INFO    |   [2m──────────────────────────────────────────────────────[0m
2026-02-24 10:43:59 | INFO    |   [1m🧠 INTELLIGENCE[0m
2026-02-24 10:43:59 | INFO    |      🎯 Skill     min=20  eval=327  pass=317  rej=10
2026-02-24 10:43:59 | INFO    |      📚 Learner   6 outcomes tracked
2026-02-24 10:43:59 | INFO    |      💚 Watchdog  [92mHEALTHY[0m     📡 WS  74 buffers
2026-02-24 10:43:59 | INFO    |      🔭 Hunter    113 non-portfolio signals
2026-02-24 10:43:59 | INFO    |      🧬 DNA       3 records  [2m0 proven clusters[0m
2026-02-24 10:43:59 | INFO    |   [2m──────────────────────────────────────────────────────[0m
2026-02-24 10:43:59 | INFO    |   [1m⚙️  CONFIG[0m
2026-02-24 10:43:59 | INFO    |      Risk       [93m2.0%[0m   Lev  [93m10x[0m   MaxPos [93m6[0m
2026-02-24 10:43:59 | INFO    |      Maker TP   [92mON[0m              Maker Entry  [92mON[0m
2026-02-24 10:43:59 | INFO    |      Combos     48                Pairs  35
2026-02-24 10:43:59 | INFO    |      Uptime     0.4h
2026-02-24 10:43:59 | INFO    |   [2m──────────────────────────────────────────────────────[0m
2026-02-24 10:43:59 | INFO    |   [1m📍 OPEN POSITIONS[0m  (6)
2026-02-24 10:43:59 | INFO    |      🟢 [92mLONG [0m [97mPIPPIN    [0m entry=0.73503    SL=[91m0.71019   [0m TP=[92m0.77229   [0m
2026-02-24 10:43:59 | INFO    |            target [92m+1.5R[0m ($8.23)  peak [92m+0.29R[0m [unknown]
2026-02-24 10:43:59 | INFO    |      🟢 [92mLONG [0m [97mXAUT      [0m entry=5205.8     SL=[91m5205.8    [0m TP=[92m5229.2    [0m
2026-02-24 10:44:00 | INFO    |            target [92m+1.5R[0m ($8.24)  peak [92m+1.18R[0m [unknown]
2026-02-24 10:44:00 | INFO    |      🔴 [91mSHORT[0m [97mHYPE      [0m entry=26.433     SL=[91m26.4984   [0m TP=[92m26.106    [0m
2026-02-24 10:44:00 | INFO    |            target [92m+1.5R[0m ($8.26)  peak [92m+0.94R[0m [unknown]
2026-02-24 10:44:00 | INFO    |      🟢 [92mLONG [0m [97mAGLD      [0m entry=0.31532    SL=[91m0.29791   [0m TP=[92m0.341435  [0m
2026-02-24 10:44:00 | INFO    |            target [92m+1.5R[0m ($7.50)  peak [2m+0.00R[0m [unknown]
2026-02-24 10:44:00 | INFO    |      🔴 [91mSHORT[0m [97mWLFI      [0m entry=0.11059    SL=[91m0.11281   [0m TP=[92m0.10615   [0m
2026-02-24 10:44:00 | INFO    |            target [92m+2.0R[0m ($11.00)  peak [92m+0.51R[0m [PIN_BAR]
2026-02-24 10:44:00 | INFO    |      🔴 [91mSHORT[0m [97mBTC       [0m entry=64879.9    SL=[91m64976.7   [0m TP=[92m64395.9   [0m
2026-02-24 10:44:00 | INFO    |            target [92m+1.5R[0m ($8.23)  peak [92m+0.73R[0m [unknown]
2026-02-24 10:44:00 | INFO    | [96m══════════════════════════════════════════════════════════[0m

2026-02-24 10:44:54 | DEBUG   | Hunter: 131 liquid candidates (ex-portfolio)
2026-02-24 10:45:12 | INFO    | Hunter: found 37 signals on non-portfolio pairs
2026-02-24 10:45:24 | INFO    | Guardian WLFI/USDT:USDT: tier1_protect SL -> 0.111256 (R=0.63, peak=0.63)
2026-02-24 10:45:40 | INFO    | Guardian HYPE/USDT:USDT: tier2_breakeven SL -> 26.433000 (R=1.00, peak=1.00)
2026-02-24 10:49:00 | INFO    | 
[96m══════════════════════════════════════════════════════════[0m
2026-02-24 10:49:00 | INFO    |   🤖 [1m[97mv13pro LIVE DASHBOARD[0m    [92m🟢 TRADING[0m
2026-02-24 10:49:00 | INFO    |   [2m2026-02-23 23:49:00 UTC[0m   [2mSession: ny[0m
2026-02-24 10:49:00 | INFO    | [96m══════════════════════════════════════════════════════════[0m
2026-02-24 10:49:00 | INFO    |   [1m💰 EQUITY[0m
2026-02-24 10:49:00 | INFO    |      Balance   [93m[1m$499.88[0m               Peak  $500.72
2026-02-24 10:49:00 | INFO    |      Growth    [91m-0.0%[0m                DD    [92m0.2%[0m
2026-02-24 10:49:00 | INFO    |      Target    $5,000       [92m█[2m░░░░░░░░░░░░░░░░░░░[0m 10%
2026-02-24 10:49:00 | INFO    |      [2mPhase 2: Growth → $1K[0m
2026-02-24 10:49:00 | INFO    |   [2m──────────────────────────────────────────────────────[0m
2026-02-24 10:49:00 | INFO    |   [1m📊 TRADING[0m
2026-02-24 10:49:00 | INFO    |      Positions [97m6[0m / 6              Scans   23
2026-02-24 10:49:00 | INFO    |      Signals   0                Trades  0
2026-02-24 10:49:00 | INFO    |      Wins      [92m1[0m                Losses  [91m19[0m          [2m(today)[0m
2026-02-24 10:49:00 | INFO    |      Total W   [92m1[0m                Total L [91m19[0m          [2m(all-time)[0m
2026-02-24 10:49:00 | INFO    |      Win Rate  [91m5.0%[0m [2mtoday[0m          [91m5.0%[0m [2mall-time[0m
2026-02-24 10:49:00 | INFO    |      PnL       [91m-20.09R[0m ([91m$-110.56[0m)
2026-02-24 10:49:00 | INFO    |   [2m──────────────────────────────────────────────────────[0m
2026-02-24 10:49:00 | INFO    |   [1m🧠 INTELLIGENCE[0m
2026-02-24 10:49:00 | INFO    |      🎯 Skill     min=20  eval=327  pass=317  rej=10
2026-02-24 10:49:00 | INFO    |      📚 Learner   6 outcomes tracked
2026-02-24 10:49:00 | INFO    |      💚 Watchdog  [92mHEALTHY[0m     📡 WS  74 buffers
2026-02-24 10:49:00 | INFO    |      🔭 Hunter    150 non-portfolio signals
2026-02-24 10:49:00 | INFO    |      🧬 DNA       3 records  [2m0 proven clusters[0m
2026-02-24 10:49:00 | INFO    |   [2m──────────────────────────────────────────────────────[0m
2026-02-24 10:49:00 | INFO    |   [1m⚙️  CONFIG[0m
2026-02-24 10:49:00 | INFO    |      Risk       [93m2.0%[0m   Lev  [93m10x[0m   MaxPos [93m6[0m
2026-02-24 10:49:00 | INFO    |      Maker TP   [92mON[0m              Maker Entry  [92mON[0m
2026-02-24 10:49:00 | INFO    |      Combos     48                Pairs  35
2026-02-24 10:49:00 | INFO    |      Uptime     0.4h
2026-02-24 10:49:00 | INFO    |   [2m──────────────────────────────────────────────────────[0m
2026-02-24 10:49:00 | INFO    |   [1m📍 OPEN POSITIONS[0m  (6)
2026-02-24 10:49:00 | INFO    |      🟢 [92mLONG [0m [97mPIPPIN    [0m entry=0.73503    SL=[91m0.71019   [0m TP=[92m0.77229   [0m
2026-02-24 10:49:00 | INFO    |            target [92m+1.5R[0m ($8.23)  peak [92m+0.29R[0m [unknown]
2026-02-24 10:49:00 | INFO    |      🟢 [92mLONG [0m [97mXAUT      [0m entry=5205.8     SL=[91m5205.8    [0m TP=[92m5229.2    [0m
2026-02-24 10:49:00 | INFO    |            target [92m+1.5R[0m ($8.24)  peak [92m+1.18R[0m [unknown]
2026-02-24 10:49:00 | INFO    |      🔴 [91mSHORT[0m [97mHYPE      [0m entry=26.433     SL=[91m26.433    [0m TP=[92m26.106    [0m
2026-02-24 10:49:00 | INFO    |            target [92m+1.5R[0m ($8.26)  peak [92m+1.00R[0m [unknown]
2026-02-24 10:49:00 | INFO    |      🟢 [92mLONG [0m [97mAGLD      [0m entry=0.31532    SL=[91m0.29791   [0m TP=[92m0.341435  [0m
2026-02-24 10:49:00 | INFO    |            target [92m+1.5R[0m ($7.50)  peak [2m+0.00R[0m [unknown]
2026-02-24 10:49:00 | INFO    |      🔴 [91mSHORT[0m [97mWLFI      [0m entry=0.11059    SL=[91m0.111256  [0m TP=[92m0.10615   [0m
2026-02-24 10:49:00 | INFO    |            target [92m+2.0R[0m ($11.00)  peak [92m+0.68R[0m [PIN_BAR]
2026-02-24 10:49:00 | INFO    |      🔴 [91mSHORT[0m [97mBTC       [0m entry=64879.9    SL=[91m64976.7   [0m TP=[92m64395.9   [0m
2026-02-24 10:49:00 | INFO    |            target [92m+1.5R[0m ($8.23)  peak [92m+0.94R[0m [unknown]
2026-02-24 10:49:00 | INFO    | [96m══════════════════════════════════════════════════════════[0m

2026-02-24 10:50:12 | DEBUG   | Hunter: 131 liquid candidates (ex-portfolio)
2026-02-24 10:50:31 | INFO    | Hunter: found 35 signals on non-portfolio pairs
2026-02-24 10:51:17 | INFO    | Guardian BTC/USDT:USDT: tier2_breakeven SL -> 64879.900000 (R=1.07, peak=1.07)
2026-02-24 10:54:00 | INFO    | 
[96m══════════════════════════════════════════════════════════[0m
2026-02-24 10:54:00 | INFO    |   🤖 [1m[97mv13pro LIVE DASHBOARD[0m    [92m🟢 TRADING[0m
2026-02-24 10:54:00 | INFO    |   [2m2026-02-23 23:54:00 UTC[0m   [2mSession: ny[0m
2026-02-24 10:54:00 | INFO    | [96m══════════════════════════════════════════════════════════[0m
2026-02-24 10:54:00 | INFO    |   [1m💰 EQUITY[0m
2026-02-24 10:54:00 | INFO    |      Balance   [93m[1m$499.88[0m               Peak  $500.72
2026-02-24 10:54:00 | INFO    |      Growth    [91m-0.0%[0m                DD    [92m0.2%[0m
2026-02-24 10:54:00 | INFO    |      Target    $5,000       [92m█[2m░░░░░░░░░░░░░░░░░░░[0m 10%
2026-02-24 10:54:00 | INFO    |      [2mPhase 2: Growth → $1K[0m
2026-02-24 10:54:00 | INFO    |   [2m──────────────────────────────────────────────────────[0m
2026-02-24 10:54:00 | INFO    |   [1m📊 TRADING[0m
2026-02-24 10:54:00 | INFO    |      Positions [97m6[0m / 6              Scans   23
2026-02-24 10:54:00 | INFO    |      Signals   0                Trades  0
2026-02-24 10:54:00 | INFO    |      Wins      [92m1[0m                Losses  [91m19[0m          [2m(today)[0m
2026-02-24 10:54:00 | INFO    |      Total W   [92m1[0m                Total L [91m19[0m          [2m(all-time)[0m
2026-02-24 10:54:00 | INFO    |      Win Rate  [91m5.0%[0m [2mtoday[0m          [91m5.0%[0m [2mall-time[0m
2026-02-24 10:54:00 | INFO    |      PnL       [91m-20.09R[0m ([91m$-110.56[0m)
2026-02-24 10:54:00 | INFO    |   [2m──────────────────────────────────────────────────────[0m
2026-02-24 10:54:00 | INFO    |   [1m🧠 INTELLIGENCE[0m
2026-02-24 10:54:00 | INFO    |      🎯 Skill     min=20  eval=327  pass=317  rej=10
2026-02-24 10:54:00 | INFO    |      📚 Learner   6 outcomes tracked
2026-02-24 10:54:00 | INFO    |      💚 Watchdog  [92mHEALTHY[0m     📡 WS  74 buffers
2026-02-24 10:54:00 | INFO    |      🔭 Hunter    185 non-portfolio signals
2026-02-24 10:54:00 | INFO    |      🧬 DNA       3 records  [2m0 proven clusters[0m
2026-02-24 10:54:00 | INFO    |   [2m──────────────────────────────────────────────────────[0m
2026-02-24 10:54:00 | INFO    |   [1m⚙️  CONFIG[0m
2026-02-24 10:54:00 | INFO    |      Risk       [93m2.0%[0m   Lev  [93m10x[0m   MaxPos [93m6[0m
2026-02-24 10:54:00 | INFO    |      Maker TP   [92mON[0m              Maker Entry  [92mON[0m
2026-02-24 10:54:00 | INFO    |      Combos     48                Pairs  35
2026-02-24 10:54:00 | INFO    |      Uptime     0.5h
2026-02-24 10:54:00 | INFO    |   [2m──────────────────────────────────────────────────────[0m
2026-02-24 10:54:00 | INFO    |   [1m📍 OPEN POSITIONS[0m  (6)
2026-02-24 10:54:00 | INFO    |      🟢 [92mLONG [0m [97mPIPPIN    [0m entry=0.73503    SL=[91m0.71019   [0m TP=[92m0.77229   [0m
2026-02-24 10:54:00 | INFO    |            target [92m+1.5R[0m ($8.23)  peak [92m+0.29R[0m [unknown]
2026-02-24 10:54:00 | INFO    |      🟢 [92mLONG [0m [97mXAUT      [0m entry=5205.8     SL=[91m5205.8    [0m TP=[92m5229.2    [0m
2026-02-24 10:54:00 | INFO    |            target [92m+1.5R[0m ($8.24)  peak [92m+1.18R[0m [unknown]
2026-02-24 10:54:00 | INFO    |      🔴 [91mSHORT[0m [97mHYPE      [0m entry=26.433     SL=[91m26.433    [0m TP=[92m26.106    [0m
2026-02-24 10:54:00 | INFO    |            target [92m+1.5R[0m ($8.26)  peak [92m+1.00R[0m [unknown]
2026-02-24 10:54:00 | INFO    |      🟢 [92mLONG [0m [97mAGLD      [0m entry=0.31532    SL=[91m0.29791   [0m TP=[92m0.341435  [0m
2026-02-24 10:54:00 | INFO    |            target [92m+1.5R[0m ($7.50)  peak [2m+0.00R[0m [unknown]
2026-02-24 10:54:00 | INFO    |      🔴 [91mSHORT[0m [97mWLFI      [0m entry=0.11059    SL=[91m0.111256  [0m TP=[92m0.10615   [0m
2026-02-24 10:54:00 | INFO    |            target [92m+2.0R[0m ($11.00)  peak [92m+0.68R[0m [PIN_BAR]
2026-02-24 10:54:00 | INFO    |      🔴 [91mSHORT[0m [97mBTC       [0m entry=64879.9    SL=[91m64879.9   [0m TP=[92m64395.9   [0m
2026-02-24 10:54:00 | INFO    |            target [92m+1.5R[0m ($8.23)  peak [92m+1.07R[0m [unknown]
2026-02-24 10:54:00 | INFO    | [96m══════════════════════════════════════════════════════════[0m

2026-02-24 10:55:32 | DEBUG   | Hunter: 129 liquid candidates (ex-portfolio)
2026-02-24 10:55:52 | INFO    | Hunter: found 35 signals on non-portfolio pairs
2026-02-24 10:59:00 | INFO    | 
[96m══════════════════════════════════════════════════════════[0m
2026-02-24 10:59:00 | INFO    |   🤖 [1m[97mv13pro LIVE DASHBOARD[0m    [92m🟢 TRADING[0m
2026-02-24 10:59:00 | INFO    |   [2m2026-02-23 23:59:00 UTC[0m   [2mSession: ny[0m
2026-02-24 10:59:00 | INFO    | [96m══════════════════════════════════════════════════════════[0m
2026-02-24 10:59:00 | INFO    |   [1m💰 EQUITY[0m
2026-02-24 10:59:00 | INFO    |      Balance   [93m[1m$499.88[0m               Peak  $500.72
2026-02-24 10:59:00 | INFO    |      Growth    [91m-0.0%[0m                DD    [92m0.2%[0m
2026-02-24 10:59:00 | INFO    |      Target    $5,000       [92m█[2m░░░░░░░░░░░░░░░░░░░[0m 10%
2026-02-24 10:59:00 | INFO    |      [2mPhase 2: Growth → $1K[0m
2026-02-24 10:59:00 | INFO    |   [2m──────────────────────────────────────────────────────[0m
2026-02-24 10:59:00 | INFO    |   [1m📊 TRADING[0m
2026-02-24 10:59:00 | INFO    |      Positions [97m6[0m / 6              Scans   23
2026-02-24 10:59:00 | INFO    |      Signals   0                Trades  0
2026-02-24 10:59:00 | INFO    |      Wins      [92m1[0m                Losses  [91m19[0m          [2m(today)[0m
2026-02-24 10:59:00 | INFO    |      Total W   [92m1[0m                Total L [91m19[0m          [2m(all-time)[0m
2026-02-24 10:59:00 | INFO    |      Win Rate  [91m5.0%[0m [2mtoday[0m          [91m5.0%[0m [2mall-time[0m
2026-02-24 10:59:00 | INFO    |      PnL       [91m-20.09R[0m ([91m$-110.56[0m)
2026-02-24 10:59:00 | INFO    |   [2m──────────────────────────────────────────────────────[0m
2026-02-24 10:59:00 | INFO    |   [1m🧠 INTELLIGENCE[0m
2026-02-24 10:59:00 | INFO    |      🎯 Skill     min=20  eval=327  pass=317  rej=10
2026-02-24 10:59:00 | INFO    |      📚 Learner   6 outcomes tracked
2026-02-24 10:59:00 | INFO    |      💚 Watchdog  [92mHEALTHY[0m     📡 WS  74 buffers
2026-02-24 10:59:00 | INFO    |      🔭 Hunter    220 non-portfolio signals
2026-02-24 10:59:00 | INFO    |      🧬 DNA       3 records  [2m0 proven clusters[0m
2026-02-24 10:59:00 | INFO    |   [2m──────────────────────────────────────────────────────[0m
2026-02-24 10:59:00 | INFO    |   [1m⚙️  CONFIG[0m
2026-02-24 10:59:00 | INFO    |      Risk       [93m2.0%[0m   Lev  [93m10x[0m   MaxPos [93m6[0m
2026-02-24 10:59:00 | INFO    |      Maker TP   [92mON[0m              Maker Entry  [92mON[0m
2026-02-24 10:59:00 | INFO    |      Combos     48                Pairs  35
2026-02-24 10:59:00 | INFO    |      Uptime     0.6h
2026-02-24 10:59:00 | INFO    |   [2m──────────────────────────────────────────────────────[0m
2026-02-24 10:59:00 | INFO    |   [1m📍 OPEN POSITIONS[0m  (6)
2026-02-24 10:59:00 | INFO    |      🟢 [92mLONG [0m [97mPIPPIN    [0m entry=0.73503    SL=[91m0.71019   [0m TP=[92m0.77229   [0m
2026-02-24 10:59:00 | INFO    |            target [92m+1.5R[0m ($8.23)  peak [92m+0.29R[0m [unknown]
2026-02-24 10:59:00 | INFO    |      🟢 [92mLONG [0m [97mXAUT      [0m entry=5205.8     SL=[91m5205.8    [0m TP=[92m5229.2    [0m
2026-02-24 10:59:00 | INFO    |            target [92m+1.5R[0m ($8.24)  peak [92m+1.18R[0m [unknown]
2026-02-24 10:59:00 | INFO    |      🔴 [91mSHORT[0m [97mHYPE      [0m entry=26.433     SL=[91m26.433    [0m TP=[92m26.106    [0m
2026-02-24 10:59:00 | INFO    |            target [92m+1.5R[0m ($8.26)  peak [92m+1.00R[0m [unknown]
2026-02-24 10:59:00 | INFO    |      🟢 [92mLONG [0m [97mAGLD      [0m entry=0.31532    SL=[91m0.29791   [0m TP=[92m0.341435  [0m
2026-02-24 10:59:00 | INFO    |            target [92m+1.5R[0m ($7.50)  peak [2m+0.00R[0m [unknown]
2026-02-24 10:59:00 | INFO    |      🔴 [91mSHORT[0m [97mWLFI      [0m entry=0.11059    SL=[91m0.111256  [0m TP=[92m0.10615   [0m
2026-02-24 10:59:00 | INFO    |            target [92m+2.0R[0m ($11.00)  peak [92m+0.68R[0m [PIN_BAR]
2026-02-24 10:59:00 | INFO    |      🔴 [91mSHORT[0m [97mBTC       [0m entry=64879.9    SL=[91m64879.9   [0m TP=[92m64395.9   [0m
2026-02-24 10:59:00 | INFO    |            target [92m+1.5R[0m ($8.23)  peak [92m+1.13R[0m [unknown]
2026-02-24 10:59:00 | INFO    | [96m══════════════════════════════════════════════════════════[0m

